Hint: (lazbuild) Primary config path: "C:\Users\User\AppData\Local\lazarus"
Hint: (lazarus) [TBuildManager.SetBuildTarget] Old=x86_64-win64--win32 New=x86_64-win64--win32 Changed: OS/CPU=True LCL=False
Hint: (lazarus) [TBuildManager.SetBuildTarget] Old=x86_64-win64--win32 New=x86_64-win64--win32 Changed: OS/CPU=True LCL=False
Hint: (lazarus) Build Project: nothing to do.
Info: (lazarus) Execute Title="Компиляция проекта, цель: D:\works\OburecGH\Lazarus\RecorderLnx\lib\x86_64-win64\RecorderLnx.exe"
Info: (lazarus) Working Directory="D:\works\OburecGH\Lazarus\RecorderLnx\"
Info: (lazarus) Executable="C:\lazarus\fpc\3.2.2\bin\x86_64-win64\fpc.exe"
Info: (lazarus) Param[0]="-MObjFPC"
Info: (lazarus) Param[1]="-Scghi"
Info: (lazarus) Param[2]="-O1"
Info: (lazarus) Param[3]="-gw3"
Info: (lazarus) Param[4]="-gl"
Info: (lazarus) Param[5]="-WG"
Info: (lazarus) Param[6]="-l"
Info: (lazarus) Param[7]="-vewnhibq"
Info: (lazarus) Param[8]="-FiD:\works\OburecGH\Lazarus\RecorderLnx\lib\x86_64-win64"
Info: (lazarus) Param[9]="-FuD:\works\OburecGH\Lazarus\RecorderLnx\"
Info: (lazarus) Param[10]="-FuD:\works\OburecGH\Lazarus\RecorderLnx\Algs"
Info: (lazarus) Param[11]="-FuD:\works\OburecGH\Lazarus\RecorderLnx\Core"
Info: (lazarus) Param[12]="-FuD:\works\OburecGH\Lazarus\RecorderLnx\UI"
Info: (lazarus) Param[13]="-FuD:\works\OburecGH\Lazarus\RecorderLnx\Calibrations"
Info: (lazarus) Param[14]="-FuD:\works\OburecGH\Lazarus\RecorderLnx\Calibrations\Strains"
Info: (lazarus) Param[15]="-FuD:\works\OburecGH\Lazarus\RecorderLnx\Device"
Info: (lazarus) Param[16]="-FuD:\works\OburecGH\Lazarus\RecorderLnx\Device\OPC"
Info: (lazarus) Param[17]="-FuD:\works\OburecGH\Lazarus\RecorderLnx\Device\MIC140"
Info: (lazarus) Param[18]="-FuD:\works\OburecGH\Lazarus\RecorderLnx\Device\MIC140\UI"
Info: (lazarus) Param[19]="-FuD:\works\OburecGH\Lazarus\RecorderLnx\Device\MIC140\utils"
Info: (lazarus) Param[20]="-FuD:\works\OburecGH\Lazarus\RecorderLnx\Device\mic185"
Info: (lazarus) Param[21]="-FuD:\works\OburecGH\Lazarus\RecorderLnx\Device\mic185\UI"
Info: (lazarus) Param[22]="-FuD:\works\OburecGH\Lazarus\RecorderLnx\Device\MCbus"
Info: (lazarus) Param[23]="-FuD:\works\OburecGH\Lazarus\RecorderLnx\Device\MCbus\UI"
Info: (lazarus) Param[24]="-FuD:\works\OburecGH\Lazarus\RecorderLnx\SDB"
Info: (lazarus) Param[25]="-FuD:\works\OburecGH\Lazarus\RecorderLnx\SQLdb"
Info: (lazarus) Param[26]="-FuD:\works\OburecGH\Lazarus\RecorderLnx\SQLdb\SqlTrend"
Info: (lazarus) Param[27]="-FuD:\works\OburecGH\Lazarus\RecorderLnx\Plugins\SDK"
Info: (lazarus) Param[28]="-FuD:\works\OburecGH\Lazarus\RecorderLnx\Plugins\LuaCalcPlugin"
Info: (lazarus) Param[29]="-FuD:\works\OburecGH\Lazarus\SharedUtils"
Info: (lazarus) Param[30]="-FuD:\works\OburecGH\Lazarus\Tests\RecorderTests\UITestData"
Info: (lazarus) Param[31]="-FuD:\works\OburecGH\Lazarus\third_party\fpspreadsheet"
Info: (lazarus) Param[32]="-FuC:\lazarus\components\tachart\lib\x86_64-win64\win32"
Info: (lazarus) Param[33]="-FuD:\works\OburecGH\Lazarus\third_party\bgracontrols\lib\x86_64-win64-win32-3.2.2"
Info: (lazarus) Param[34]="-FuD:\works\OburecGH\Lazarus\SharedUtils\components\chart_lzr\lib\x86_64-win64"
Info: (lazarus) Param[35]="-FuC:\lazarus\components\ideintf\units\x86_64-win64\win32"
Info: (lazarus) Param[36]="-FuC:\lazarus\components\synedit\units\x86_64-win64\win32"
Info: (lazarus) Param[37]="-FuC:\lazarus\components\opengl\lib\x86_64-win64\win32"
Info: (lazarus) Param[38]="-FuC:\lazarus\components\mouseandkeyinput\lib\x86_64-win64\win32"
Info: (lazarus) Param[39]="-FuC:\lazarus\components\lazcontrols\lib\x86_64-win64\win32"
Info: (lazarus) Param[40]="-FuD:\works\OburecGH\Lazarus\third_party\bgrabitmap\bgrabitmap\lib\x86_64-win64-win32-3.2.2"
Info: (lazarus) Param[41]="-FuC:\lazarus\lcl\units\x86_64-win64\win32"
Info: (lazarus) Param[42]="-FuC:\lazarus\components\datetimectrls\lib\x86_64-win64\win32"
Info: (lazarus) Param[43]="-FuC:\lazarus\lcl\units\x86_64-win64"
Info: (lazarus) Param[44]="-FuC:\lazarus\components\lazedit\lib\x86_64-win64"
Info: (lazarus) Param[45]="-FuC:\lazarus\components\freetype\lib\x86_64-win64"
Info: (lazarus) Param[46]="-FuC:\lazarus\components\debuggerintf\lib\x86_64-win64"
Info: (lazarus) Param[47]="-FuC:\lazarus\components\buildintf\units\x86_64-win64"
Info: (lazarus) Param[48]="-FuC:\lazarus\components\lazutils\lib\x86_64-win64"
Info: (lazarus) Param[49]="-FuC:\lazarus\components\lazdebuggers\lazdebuggerintf\lib\x86_64-win64"
Info: (lazarus) Param[50]="-FuC:\lazarus\packager\units\x86_64-win64"
Info: (lazarus) Param[51]="-FED:\works\OburecGH\Lazarus\RecorderLnx\lib\x86_64-win64\"
Info: (lazarus) Param[52]="-oD:\works\OburecGH\Lazarus\RecorderLnx\lib\x86_64-win64\RecorderLnx.exe"
Info: (lazarus) Param[53]="-dLCL"
Info: (lazarus) Param[54]="-dLCLwin32"
Info: (lazarus) Param[55]="RecorderLnx.lpr"
Info: (lazarus) Param[56]="-B"
Hint: (11030) Start of reading config file C:\lazarus\fpc\3.2.2\bin\x86_64-win64\fpc.cfg
Hint: (11031) End of reading config file C:\lazarus\fpc\3.2.2\bin\x86_64-win64\fpc.cfg
Free Pascal Compiler version 3.2.2 [2025/07/19] for x86_64
Copyright (c) 1993-2021 by Florian Klaempfl and others
(1002) Target OS: Win64 for x64
(3104) Compiling RecorderLnx.lpr
(3104) Compiling .\UI\uMainForm.pas
(3104) Compiling .\Core\uRecorderAppVersion.pas
(3104) Compiling .\Core\uRecorderStateMachine.pas
(3104) Compiling .\Core\uRecorderRunControlSettings.pas
(3104) Compiling uRecorderMeraPaths.pas
D:\works\OburecGH\Lazarus\RecorderLnx\uRecorderMeraPaths.pas(134,22) Hint: (5057) Local variable "lSystemDir" does not seem to be initialized
(3104) Compiling .\Core\uRecorderFormModel.pas
(3104) Compiling .\Core\uRecorderTags.pas
(3104) Compiling .\Core\uRecorderCoreServices.pas
(3104) Compiling .\Core\uRecorderDebugLog.pas
(3104) Compiling D:\works\OburecGH\Lazarus\SharedUtils\uSharedFileLogger.pas
D:\works\OburecGH\Lazarus\RecorderLnx\.\Core\uRecorderCoreServices.pas(263,27) Hint: (5024) Parameter "ASender" not used
(3104) Compiling .\Algs\uRecorderSpectrumEngine.pas
(3104) Compiling D:\works\OburecGH\Lazarus\SharedUtils\uCommonTypes.pas
D:\works\OburecGH\Lazarus\SharedUtils\uCommonTypes.pas(14,22) Hint: (5023) Unit "Types" not used in uCommonTypes
D:\works\OburecGH\Lazarus\RecorderLnx\.\Algs\uRecorderSpectrumEngine.pas(315,13) Hint: (4055) Conversion between ordinals and pointers is not portable
D:\works\OburecGH\Lazarus\RecorderLnx\.\Algs\uRecorderSpectrumEngine.pas(316,13) Hint: (4055) Conversion between ordinals and pointers is not portable
D:\works\OburecGH\Lazarus\RecorderLnx\.\Algs\uRecorderSpectrumEngine.pas(342,35) Hint: (5057) Local variable "lCounter" does not seem to be initialized
D:\works\OburecGH\Lazarus\RecorderLnx\.\Algs\uRecorderSpectrumEngine.pas(343,39) Hint: (5057) Local variable "lFrequency" does not seem to be initialized
(3104) Compiling .\Algs\uRecorderFrequencyBands.pas
(3104) Compiling .\Core\uRecorderTags.pas
(3104) Compiling .\Core\uRecorderTimeSystem.pas
(3104) Compiling .\Core\uRecorderUnitManager.pas
D:\works\OburecGH\Lazarus\RecorderLnx\.\Core\uRecorderTags.pas(699,18) Hint: (5060) Function result variable does not seem to be initialized
D:\works\OburecGH\Lazarus\RecorderLnx\.\Core\uRecorderTags.pas(854,19) Hint: (5091) Local variable "lNames" of a managed type does not seem to be initialized
D:\works\OburecGH\Lazarus\RecorderLnx\.\Core\uRecorderTags.pas(1150,21) Hint: (5091) Local variable "lTimes" of a managed type does not seem to be initialized
D:\works\OburecGH\Lazarus\RecorderLnx\.\Core\uRecorderTags.pas(1151,22) Hint: (5091) Local variable "lValues" of a managed type does not seem to be initialized
D:\works\OburecGH\Lazarus\RecorderLnx\.\Core\uRecorderTags.pas(2105,14) Warning: (4104) Implicit string type conversion from "AnsiString" to "UnicodeString"
D:\works\OburecGH\Lazarus\RecorderLnx\.\Core\uRecorderTags.pas(2105,44) Warning: (4104) Implicit string type conversion from "AnsiString" to "UnicodeString"
D:\works\OburecGH\Lazarus\RecorderLnx\.\Core\uRecorderTags.pas(2105,62) Warning: (4105) Implicit string type conversion with potential data loss from "UnicodeString" to "AnsiString"
D:\works\OburecGH\Lazarus\RecorderLnx\.\Core\uRecorderTags.pas(2456,13) Note: (5027) Local variable "s" is assigned but never used
D:\works\OburecGH\Lazarus\RecorderLnx\.\Core\uRecorderTags.pas(2566,22) Hint: (5091) Local variable "lValues" of a managed type does not seem to be initialized
D:\works\OburecGH\Lazarus\RecorderLnx\.\Core\uRecorderTags.pas(2674,22) Hint: (5091) Local variable "lValues" of a managed type does not seem to be initialized
(3104) Compiling .\Algs\uRecorderVibrationEstimate.pas
D:\works\OburecGH\Lazarus\RecorderLnx\.\Core\uRecorderFormModel.pas(697,17) Warning: (3057) An inherited method is hidden by "constructor Create;"
D:\works\OburecGH\Lazarus\RecorderLnx\.\Core\uRecorderFormModel.pas(730,17) Warning: (3057) An inherited method is hidden by "constructor Create;"
(3104) Compiling .\Core\uRecorderPluginRuntime.pas
(3104) Compiling .\Plugins\SDK\uRecorderPluginApi.pas
(3104) Compiling .\Core\uRecorderAlarms.pas
(3104) Compiling .\Core\uRecorderPluginInfo.pas
(3104) Compiling .\Core\uRecorderPluginConfig.pas
(3104) Compiling .\Core\uRecorderDataSources.pas
(3104) Compiling .\Core\uMeraFile.pas
(3104) Compiling .\Core\uRecorderConfiguredDataSources.pas
D:\works\OburecGH\Lazarus\RecorderLnx\.\Core\uRecorderConfiguredDataSources.pas(352,71) Warning: (4104) Implicit string type conversion from "AnsiString" to "UnicodeString"
D:\works\OburecGH\Lazarus\RecorderLnx\.\Core\uRecorderConfiguredDataSources.pas(352,69) Warning: (4105) Implicit string type conversion with potential data loss from "UnicodeString" to "AnsiString"
D:\works\OburecGH\Lazarus\RecorderLnx\.\Core\uRecorderConfiguredDataSources.pas(380,63) Warning: (4104) Implicit string type conversion from "AnsiString" to "UnicodeString"
D:\works\OburecGH\Lazarus\RecorderLnx\.\Core\uRecorderConfiguredDataSources.pas(380,61) Warning: (4105) Implicit string type conversion with potential data loss from "UnicodeString" to "AnsiString"
(3104) Compiling D:\works\OburecGH\Lazarus\SharedUtils\uSharedAsync.pas
(3104) Compiling .\Core\uRecorderHardwareLiveDevices.pas
(3104) Compiling .\Device\uRecorderDeviceInterfaces.pas
(3104) Compiling .\Device\uRecorderAcquisitionTypes.pas
D:\works\OburecGH\Lazarus\RecorderLnx\.\Device\uRecorderDeviceInterfaces.pas(157,7) Hint: (5024) Parameter "AIndex" not used
D:\works\OburecGH\Lazarus\RecorderLnx\.\Device\uRecorderDeviceInterfaces.pas(313,24) Note: (6058) Call to subroutine "operator :=(const source:AnsiString):Variant;" marked as inline is not inlined
D:\works\OburecGH\Lazarus\RecorderLnx\.\Device\uRecorderDeviceInterfaces.pas(314,24) Note: (6058) Call to subroutine "operator :=(const source:AnsiString):Variant;" marked as inline is not inlined
D:\works\OburecGH\Lazarus\RecorderLnx\.\Device\uRecorderDeviceInterfaces.pas(315,24) Note: (6058) Call to subroutine "operator :=(const source:LongInt):Variant;" marked as inline is not inlined
D:\works\OburecGH\Lazarus\RecorderLnx\.\Device\uRecorderDeviceInterfaces.pas(316,35) Note: (6058) Call to subroutine "operator :=(const source:Double):Variant;" marked as inline is not inlined
D:\works\OburecGH\Lazarus\RecorderLnx\.\Device\uRecorderDeviceInterfaces.pas(317,32) Note: (6058) Call to subroutine "operator :=(const source:LongInt):Variant;" marked as inline is not inlined
D:\works\OburecGH\Lazarus\RecorderLnx\.\Device\uRecorderDeviceInterfaces.pas(318,32) Note: (6058) Call to subroutine "operator :=(const source:LongInt):Variant;" marked as inline is not inlined
D:\works\OburecGH\Lazarus\RecorderLnx\.\Device\uRecorderDeviceInterfaces.pas(319,40) Note: (6058) Call to subroutine "operator :=(const source:LongInt):Variant;" marked as inline is not inlined
D:\works\OburecGH\Lazarus\RecorderLnx\.\Device\uRecorderDeviceInterfaces.pas(320,29) Note: (6058) Call to subroutine "operator :=(const source:ShortInt):Variant;" marked as inline is not inlined
D:\works\OburecGH\Lazarus\RecorderLnx\.\Device\uRecorderDeviceInterfaces.pas(321,29) Note: (6058) Call to subroutine "operator :=(const source:ShortString):Variant;" marked as inline is not inlined
D:\works\OburecGH\Lazarus\RecorderLnx\.\Device\uRecorderDeviceInterfaces.pas(159,30) Hint: (5024) Parameter "AIndex" not used
D:\works\OburecGH\Lazarus\RecorderLnx\.\Device\uRecorderDeviceInterfaces.pas(335,38) Note: (6058) Call to subroutine "operator :=(const source:Variant):LongInt;" marked as inline is not inlined
D:\works\OburecGH\Lazarus\RecorderLnx\.\Device\uRecorderDeviceInterfaces.pas(336,45) Note: (6058) Call to subroutine "operator :=(const source:Variant):Double;" marked as inline is not inlined
D:\works\OburecGH\Lazarus\RecorderLnx\.\Device\uRecorderDeviceInterfaces.pas(337,54) Note: (6058) Call to subroutine "operator :=(const source:Variant):LongInt;" marked as inline is not inlined
D:\works\OburecGH\Lazarus\RecorderLnx\.\Device\uRecorderDeviceInterfaces.pas(338,54) Note: (6058) Call to subroutine "operator :=(const source:Variant):LongInt;" marked as inline is not inlined
D:\works\OburecGH\Lazarus\RecorderLnx\.\Device\uRecorderDeviceInterfaces.pas(160,43) Hint: (5024) Parameter "AIndex" not used
D:\works\OburecGH\Lazarus\RecorderLnx\.\Device\uRecorderDeviceInterfaces.pas(374,51) Note: (6058) Call to subroutine "operator :=(const source:AnsiString):Variant;" marked as inline is not inlined
D:\works\OburecGH\Lazarus\RecorderLnx\.\Device\uRecorderDeviceInterfaces.pas(376,51) Note: (6058) Call to subroutine "operator :=(const source:AnsiString):Variant;" marked as inline is not inlined
D:\works\OburecGH\Lazarus\RecorderLnx\.\Device\uRecorderDeviceInterfaces.pas(378,49) Note: (6058) Call to subroutine "operator :=(const source:LongInt):Variant;" marked as inline is not inlined
D:\works\OburecGH\Lazarus\RecorderLnx\.\Device\uRecorderDeviceInterfaces.pas(381,62) Note: (6058) Call to subroutine "operator :=(const source:Double):Variant;" marked as inline is not inlined
D:\works\OburecGH\Lazarus\RecorderLnx\.\Device\uRecorderDeviceInterfaces.pas(384,62) Note: (6058) Call to subroutine "operator :=(const source:Double):Variant;" marked as inline is not inlined
D:\works\OburecGH\Lazarus\RecorderLnx\.\Device\uRecorderDeviceInterfaces.pas(387,57) Note: (6058) Call to subroutine "operator :=(const source:LongInt):Variant;" marked as inline is not inlined
D:\works\OburecGH\Lazarus\RecorderLnx\.\Device\uRecorderDeviceInterfaces.pas(390,57) Note: (6058) Call to subroutine "operator :=(const source:LongInt):Variant;" marked as inline is not inlined
D:\works\OburecGH\Lazarus\RecorderLnx\.\Device\uRecorderDeviceInterfaces.pas(175,24) Hint: (5024) Parameter "ATimeoutMs" not used
D:\works\OburecGH\Lazarus\RecorderLnx\.\Device\uRecorderDeviceInterfaces.pas(179,35) Hint: (5024) Parameter "AAction" not used
D:\works\OburecGH\Lazarus\RecorderLnx\.\Device\uRecorderDeviceInterfaces.pas(180,34) Hint: (5024) Parameter "AAction" not used
D:\works\OburecGH\Lazarus\RecorderLnx\.\Device\uRecorderDeviceInterfaces.pas(181,13) Hint: (5024) Parameter "AChannelIndices" not used
D:\works\OburecGH\Lazarus\RecorderLnx\.\Core\uRecorderDataSources.pas(612,3) Note: (5025) Local variable "lTag" not used
D:\works\OburecGH\Lazarus\RecorderLnx\.\Core\uRecorderDataSources.pas(774,21) Hint: (5057) Local variable "lCounters" does not seem to be initialized
D:\works\OburecGH\Lazarus\RecorderLnx\.\Core\uRecorderDataSources.pas(835,14) Hint: (5057) Local variable "lUserTime" does not seem to be initialized
D:\works\OburecGH\Lazarus\RecorderLnx\.\Core\uRecorderDataSources.pas(834,82) Hint: (5057) Local variable "lKernelTime" does not seem to be initialized
D:\works\OburecGH\Lazarus\RecorderLnx\.\Core\uRecorderDataSources.pas(834,69) Hint: (5057) Local variable "lExitTime" does not seem to be initialized
D:\works\OburecGH\Lazarus\RecorderLnx\.\Core\uRecorderDataSources.pas(834,58) Hint: (5057) Local variable "lCreationTime" does not seem to be initialized
D:\works\OburecGH\Lazarus\RecorderLnx\.\Core\uRecorderDataSources.pas(853,28) Hint: (5057) Local variable "lSystemInfo" does not seem to be initialized
D:\works\OburecGH\Lazarus\RecorderLnx\.\Core\uRecorderDataSources.pas(1091,39) Hint: (5057) Local variable "lDouble" does not seem to be initialized
D:\works\OburecGH\Lazarus\RecorderLnx\.\Core\uRecorderDataSources.pas(1096,39) Hint: (5057) Local variable "lSingle" does not seem to be initialized
D:\works\OburecGH\Lazarus\RecorderLnx\.\Core\uRecorderDataSources.pas(1101,38) Hint: (5057) Local variable "lInt32" does not seem to be initialized
D:\works\OburecGH\Lazarus\RecorderLnx\.\Core\uRecorderDataSources.pas(1106,39) Hint: (5057) Local variable "lUInt32" does not seem to be initialized
D:\works\OburecGH\Lazarus\RecorderLnx\.\Core\uRecorderDataSources.pas(1111,38) Hint: (5057) Local variable "lInt16" does not seem to be initialized
D:\works\OburecGH\Lazarus\RecorderLnx\.\Core\uRecorderDataSources.pas(1116,39) Hint: (5057) Local variable "lUInt16" does not seem to be initialized
D:\works\OburecGH\Lazarus\RecorderLnx\.\Core\uRecorderDataSources.pas(1633,3) Note: (5027) Local variable "lElapsed" is assigned but never used
D:\works\OburecGH\Lazarus\RecorderLnx\.\Core\uRecorderDataSources.pas(1928,24) Hint: (5091) Local variable "lProcedures" of a managed type does not seem to be initialized
D:\works\OburecGH\Lazarus\RecorderLnx\.\Core\uRecorderDataSources.pas(1960,24) Hint: (5091) Local variable "lProcedures" of a managed type does not seem to be initialized
(3104) Compiling .\Core\uRecorder.pas
(3104) Compiling .\Core\uRecorderEventQueue.pas
D:\works\OburecGH\Lazarus\RecorderLnx\.\Core\uRecorderEventQueue.pas(105,27) Hint: (5024) Parameter "ASender" not used
(3104) Compiling .\Algs\uRecorderSpectrumRuntime.pas
D:\works\OburecGH\Lazarus\RecorderLnx\.\Algs\uRecorderSpectrumRuntime.pas(948,25) Warning: (4104) Implicit string type conversion from "AnsiString" to "UnicodeString"
D:\works\OburecGH\Lazarus\RecorderLnx\.\Algs\uRecorderSpectrumRuntime.pas(948,67) Warning: (4104) Implicit string type conversion from "AnsiString" to "UnicodeString"
D:\works\OburecGH\Lazarus\RecorderLnx\.\Algs\uRecorderSpectrumRuntime.pas(948,60) Warning: (4105) Implicit string type conversion with potential data loss from "UnicodeString" to "AnsiString"
D:\works\OburecGH\Lazarus\RecorderLnx\.\Algs\uRecorderSpectrumRuntime.pas(96,34) Hint: (5024) Parameter "ASender" not used
(3104) Compiling .\Algs\uRecorderAlgorithmManager.pas
D:\works\OburecGH\Lazarus\RecorderLnx\.\Algs\uRecorderAlgorithmManager.pas(246,77) Warning: (4104) Implicit string type conversion from "AnsiString" to "UnicodeString"
D:\works\OburecGH\Lazarus\RecorderLnx\.\Algs\uRecorderAlgorithmManager.pas(246,85) Warning: (4105) Implicit string type conversion with potential data loss from "UnicodeString" to "AnsiString"
D:\works\OburecGH\Lazarus\RecorderLnx\.\Algs\uRecorderAlgorithmManager.pas(54,27) Hint: (5024) Parameter "ATag" not used
D:\works\OburecGH\Lazarus\RecorderLnx\.\Algs\uRecorderAlgorithmManager.pas(54,47) Hint: (5024) Parameter "ATimeSec" not used
D:\works\OburecGH\Lazarus\RecorderLnx\.\Algs\uRecorderAlgorithmManager.pas(54,57) Hint: (5024) Parameter "AValue" not used
D:\works\OburecGH\Lazarus\RecorderLnx\.\Algs\uRecorderAlgorithmManager.pas(55,27) Hint: (5024) Parameter "ATag" not used
D:\works\OburecGH\Lazarus\RecorderLnx\.\Algs\uRecorderAlgorithmManager.pas(55,53) Hint: (5024) Parameter "ATimes" not used
D:\works\OburecGH\Lazarus\RecorderLnx\.\Algs\uRecorderAlgorithmManager.pas(55,61) Hint: (5024) Parameter "AValues" not used
D:\works\OburecGH\Lazarus\RecorderLnx\.\Algs\uRecorderAlgorithmManager.pas(56,7) Hint: (5024) Parameter "ACount" not used
D:\works\OburecGH\Lazarus\RecorderLnx\.\Algs\uRecorderAlgorithmManager.pas(378,87) Warning: (4104) Implicit string type conversion from "AnsiString" to "UnicodeString"
D:\works\OburecGH\Lazarus\RecorderLnx\.\Algs\uRecorderAlgorithmManager.pas(378,96) Warning: (4105) Implicit string type conversion with potential data loss from "UnicodeString" to "AnsiString"
D:\works\OburecGH\Lazarus\RecorderLnx\.\Algs\uRecorderAlgorithmManager.pas(158,39) Hint: (5024) Parameter "ATransition" not used
D:\works\OburecGH\Lazarus\RecorderLnx\.\Algs\uRecorderAlgorithmManager.pas(131,36) Hint: (5024) Parameter "Sender" not used
D:\works\OburecGH\Lazarus\RecorderLnx\.\Algs\uRecorderAlgorithmManager.pas(133,36) Hint: (5024) Parameter "Sender" not used
(3104) Compiling .\SQLdb\uRecorderSqlDbManager.pas
(3104) Compiling .\SQLdb\uRecorderSqlDbTypes.pas
(3104) Compiling .\SQLdb\uRecorderSqlDbRuntime.pas
(3104) Compiling .\SQLdb\uRecorderSqlDbRepository.pas
D:\works\OburecGH\Lazarus\RecorderLnx\.\SQLdb\uRecorderSqlDbRepository.pas(318,19) Hint: (5092) Variable "AItems" of a managed type does not seem to be initialized
D:\works\OburecGH\Lazarus\RecorderLnx\.\SQLdb\uRecorderSqlDbRepository.pas(594,20) Hint: (5092) Variable "APoints" of a managed type does not seem to be initialized
D:\works\OburecGH\Lazarus\RecorderLnx\.\SQLdb\uRecorderSqlDbRepository.pas(613,28) Hint: (5091) Local variable "lSignalPoints" of a managed type does not seem to be initialized
D:\works\OburecGH\Lazarus\RecorderLnx\.\SQLdb\uRecorderSqlDbRepository.pas(1710,19) Hint: (5092) Variable "AItems" of a managed type does not seem to be initialized
D:\works\OburecGH\Lazarus\RecorderLnx\.\SQLdb\uRecorderSqlDbRepository.pas(1754,17) Hint: (5092) Variable "AItem" of a managed type does not seem to be initialized
D:\works\OburecGH\Lazarus\RecorderLnx\.\SQLdb\uRecorderSqlDbRepository.pas(1793,19) Hint: (5092) Variable "AItems" of a managed type does not seem to be initialized
D:\works\OburecGH\Lazarus\RecorderLnx\.\SQLdb\uRecorderSqlDbRepository.pas(1833,19) Hint: (5092) Variable "AItems" of a managed type does not seem to be initialized
D:\works\OburecGH\Lazarus\RecorderLnx\.\SQLdb\uRecorderSqlDbRepository.pas(1872,19) Hint: (5092) Variable "AItems" of a managed type does not seem to be initialized
D:\works\OburecGH\Lazarus\RecorderLnx\.\SQLdb\uRecorderSqlDbRepository.pas(1921,19) Hint: (5092) Variable "AItems" of a managed type does not seem to be initialized
D:\works\OburecGH\Lazarus\RecorderLnx\.\SQLdb\uRecorderSqlDbRepository.pas(2163,19) Hint: (5092) Variable "AItems" of a managed type does not seem to be initialized
(3104) Compiling .\SQLdb\uRecorderSqlDbFileStore.pas
D:\works\OburecGH\Lazarus\RecorderLnx\.\SQLdb\uRecorderSqlDbFileStore.pas(109,39) Hint: (5057) Local variable "lBuffer" does not seem to be initialized
(3104) Compiling .\Core\uRecorderNetworkBinding.pas
D:\works\OburecGH\Lazarus\RecorderLnx\.\Core\uRecorderNetworkBinding.pas(565,28) Hint: (5057) Local variable "lWsa" does not seem to be initialized
D:\works\OburecGH\Lazarus\RecorderLnx\.\Core\uRecorderNetworkBinding.pas(576,24) Hint: (5057) Local variable "lLocal" does not seem to be initialized
D:\works\OburecGH\Lazarus\RecorderLnx\.\Core\uRecorderNetworkBinding.pas(586,23) Hint: (5057) Local variable "lRemote" does not seem to be initialized
D:\works\OburecGH\Lazarus\RecorderLnx\.\Core\uRecorderNetworkBinding.pas(595,24) Hint: (5057) Local variable "lTimeVal" does not seem to be initialized
D:\works\OburecGH\Lazarus\RecorderLnx\.\Core\uRecorderNetworkBinding.pas(598,24) Hint: (5057) Local variable "lWriteSet" does not seem to be initialized
D:\works\OburecGH\Lazarus\RecorderLnx\.\Core\uRecorderNetworkBinding.pas(876,20) Hint: (5057) Local variable "lLocal" does not seem to be initialized
D:\works\OburecGH\Lazarus\RecorderLnx\.\Core\uRecorderNetworkBinding.pas(927,20) Hint: (5057) Local variable "lLocal" does not seem to be initialized
D:\works\OburecGH\Lazarus\RecorderLnx\.\Core\uRecorderNetworkBinding.pas(1063,22) Hint: (5057) Local variable "lLocal" does not seem to be initialized
D:\works\OburecGH\Lazarus\RecorderLnx\.\Core\uRecorderNetworkBinding.pas(1139,28) Hint: (5057) Local variable "lWsa" does not seem to be initialized
D:\works\OburecGH\Lazarus\RecorderLnx\.\Core\uRecorderNetworkBinding.pas(1174,23) Hint: (5057) Local variable "lReadSet" does not seem to be initialized
D:\works\OburecGH\Lazarus\RecorderLnx\.\Core\uRecorderNetworkBinding.pas(1234,11) Note: (6058) Call to subroutine "function CompareMem(P1:Pointer;P2:Pointer;Length:QWord):Boolean;" marked as inline is not inlined
D:\works\OburecGH\Lazarus\RecorderLnx\.\Core\uRecorderNetworkBinding.pas(1765,28) Hint: (5057) Local variable "lWsa" does not seem to be initialized
D:\works\OburecGH\Lazarus\RecorderLnx\.\Core\uRecorderNetworkBinding.pas(1773,20) Hint: (5057) Local variable "lLocal" does not seem to be initialized
D:\works\OburecGH\Lazarus\RecorderLnx\.\Core\uRecorderNetworkBinding.pas(1802,21) Hint: (5057) Local variable "lRemote" does not seem to be initialized
D:\works\OburecGH\Lazarus\RecorderLnx\.\Core\uRecorderNetworkBinding.pas(1821,23) Hint: (5057) Local variable "lReadSet" does not seem to be initialized
D:\works\OburecGH\Lazarus\RecorderLnx\.\Core\uRecorderNetworkBinding.pas(1834,23) Hint: (5057) Local variable "lBuffer" does not seem to be initialized
D:\works\OburecGH\Lazarus\RecorderLnx\.\Core\uRecorderNetworkBinding.pas(1840,30) Note: (6058) Call to subroutine "function CompareMem(P1:Pointer;P2:Pointer;Length:QWord):Boolean;" marked as inline is not inlined
D:\works\OburecGH\Lazarus\RecorderLnx\.\Core\uRecorderNetworkBinding.pas(2097,22) Hint: (5057) Local variable "lLocal" does not seem to be initialized
D:\works\OburecGH\Lazarus\RecorderLnx\.\Core\uRecorderNetworkBinding.pas(2100,33) Warning: (5043) Symbol "HostToNet" is deprecated
D:\works\OburecGH\Lazarus\RecorderLnx\.\Core\uRecorderNetworkBinding.pas(2118,21) Hint: (5057) Local variable "lRemote" does not seem to be initialized
D:\works\OburecGH\Lazarus\RecorderLnx\.\Core\uRecorderNetworkBinding.pas(2120,25) Warning: (5043) Symbol "ShortHostToNet" is deprecated
D:\works\OburecGH\Lazarus\RecorderLnx\.\Core\uRecorderNetworkBinding.pas(2121,32) Warning: (5043) Symbol "HostToNet" is deprecated
D:\works\OburecGH\Lazarus\RecorderLnx\.\Core\uRecorderNetworkBinding.pas(2124,20) Hint: (5057) Local variable "lFds" does not seem to be initialized
D:\works\OburecGH\Lazarus\RecorderLnx\.\Core\uRecorderNetworkBinding.pas(9,22) Hint: (5023) Unit "ctypes" not used in uRecorderNetworkBinding
D:\works\OburecGH\Lazarus\RecorderLnx\.\SQLdb\uRecorderSqlDbManager.pas(28,27) Hint: (5024) Parameter "ASender" not used
D:\works\OburecGH\Lazarus\RecorderLnx\.\Core\uRecorder.pas(35,35) Hint: (5024) Parameter "Sender" not used
(3104) Compiling D:\works\OburecGH\Lazarus\Tests\RecorderTests\UITestData\uRecorderUiTestData.pas
(3104) Compiling .\UI\uFormPagesDialog.pas
D:\works\OburecGH\Lazarus\RecorderLnx\.\UI\uFormPagesDialog.pas(49,32) Hint: (5024) Parameter "Sender" not used
D:\works\OburecGH\Lazarus\RecorderLnx\.\UI\uFormPagesDialog.pas(57,26) Hint: (5024) Parameter "Sender" not used
D:\works\OburecGH\Lazarus\RecorderLnx\.\UI\uFormPagesDialog.pas(57,43) Hint: (5024) Parameter "aCol" not used
D:\works\OburecGH\Lazarus\RecorderLnx\.\UI\uFormPagesDialog.pas(58,11) Hint: (5024) Parameter "CanSelect" not used
D:\works\OburecGH\Lazarus\RecorderLnx\.\UI\uFormPagesDialog.pas(54,30) Hint: (5024) Parameter "Sender" not used
D:\works\OburecGH\Lazarus\RecorderLnx\.\UI\uFormPagesDialog.pas(47,37) Hint: (5024) Parameter "Sender" not used
D:\works\OburecGH\Lazarus\RecorderLnx\.\UI\uFormPagesDialog.pas(48,36) Hint: (5024) Parameter "Sender" not used
D:\works\OburecGH\Lazarus\RecorderLnx\.\UI\uFormPagesDialog.pas(51,27) Hint: (5024) Parameter "Sender" not used
D:\works\OburecGH\Lazarus\RecorderLnx\.\UI\uFormPagesDialog.pas(45,32) Hint: (5024) Parameter "Sender" not used
D:\works\OburecGH\Lazarus\RecorderLnx\.\UI\uFormPagesDialog.pas(50,27) Hint: (5024) Parameter "Sender" not used
D:\works\OburecGH\Lazarus\RecorderLnx\.\UI\uFormPagesDialog.pas(53,27) Hint: (5024) Parameter "Sender" not used
D:\works\OburecGH\Lazarus\RecorderLnx\.\UI\uFormPagesDialog.pas(52,29) Hint: (5024) Parameter "Sender" not used
D:\works\OburecGH\Lazarus\RecorderLnx\.\UI\uFormPagesDialog.pas(46,29) Hint: (5024) Parameter "Sender" not used
(3104) Compiling .\UI\uFormEditorController.pas
(3104) Compiling .\UI\uRecorderOglOscillogramView.pas
(3104) Compiling D:\works\OburecGH\Lazarus\SharedUtils\uSharedNumberFormat.pas
(3104) Compiling .\UI\uRecorderVisualControl.pas
(3104) Compiling .\UI\uRecorderSvgRenderer.pas
(3104) Compiling .\UI\uRecorderOglOscillogramView.pas
(3104) Compiling .\Core\uRecorderTagRefs.pas
D:\works\OburecGH\Lazarus\RecorderLnx\.\UI\uRecorderOglOscillogramView.pas(118,32) Hint: (5024) Parameter "Sender" not used
D:\works\OburecGH\Lazarus\RecorderLnx\.\UI\uRecorderOglOscillogramView.pas(757,29) Hint: (5091) Local variable "lTagColors" of a managed type does not seem to be initialized
D:\works\OburecGH\Lazarus\RecorderLnx\.\UI\uRecorderOglOscillogramView.pas(135,36) Hint: (5024) Parameter "Sender" not used
D:\works\OburecGH\Lazarus\RecorderLnx\.\UI\uRecorderOglOscillogramView.pas(135,53) Hint: (5024) Parameter "ACol" not used
D:\works\OburecGH\Lazarus\RecorderLnx\.\UI\uRecorderOglOscillogramView.pas(1474,26) Warning: (4104) Implicit string type conversion from "AnsiString" to "UnicodeString"
D:\works\OburecGH\Lazarus\RecorderLnx\.\UI\uRecorderOglOscillogramView.pas(1474,24) Warning: (4105) Implicit string type conversion with potential data loss from "UnicodeString" to "AnsiString"
D:\works\OburecGH\Lazarus\RecorderLnx\.\UI\uRecorderOglOscillogramView.pas(1493,23) Warning: (4104) Implicit string type conversion from "AnsiString" to "UnicodeString"
D:\works\OburecGH\Lazarus\RecorderLnx\.\UI\uRecorderOglOscillogramView.pas(1494,13) Warning: (4104) Implicit string type conversion from "AnsiString" to "UnicodeString"
D:\works\OburecGH\Lazarus\RecorderLnx\.\UI\uRecorderOglOscillogramView.pas(1493,42) Warning: (4105) Implicit string type conversion with potential data loss from "UnicodeString" to "AnsiString"
D:\works\OburecGH\Lazarus\RecorderLnx\.\UI\uRecorderOglOscillogramView.pas(125,52) Hint: (5024) Parameter "State" not used
D:\works\OburecGH\Lazarus\RecorderLnx\.\UI\uRecorderOglOscillogramView.pas(141,34) Hint: (5024) Parameter "Sender" not used
D:\works\OburecGH\Lazarus\RecorderLnx\.\UI\uRecorderOglOscillogramView.pas(143,30) Hint: (5024) Parameter "Sender" not used
D:\works\OburecGH\Lazarus\RecorderLnx\.\UI\uRecorderOglOscillogramView.pas(145,30) Hint: (5024) Parameter "Sender" not used
D:\works\OburecGH\Lazarus\RecorderLnx\.\UI\uRecorderOglOscillogramView.pas(146,28) Hint: (5024) Parameter "Sender" not used
D:\works\OburecGH\Lazarus\RecorderLnx\.\UI\uRecorderOglOscillogramView.pas(2586,3) Note: (5027) Local variable "lAxis" is assigned but never used
D:\works\OburecGH\Lazarus\RecorderLnx\.\UI\uRecorderOglOscillogramView.pas(232,32) Hint: (5024) Parameter "Sender" not used
D:\works\OburecGH\Lazarus\RecorderLnx\.\UI\uRecorderOglOscillogramView.pas(23,19) Hint: (5023) Unit "uOglChartTypes" not used in uRecorderOglOscillogramView
(3104) Compiling .\UI\uRecorderTrendView.pas
(3104) Compiling D:\works\OburecGH\Lazarus\SharedUtils\uSharedAlgorithms.pas
D:\works\OburecGH\Lazarus\RecorderLnx\.\UI\uRecorderTrendView.pas(157,23) Hint: (5091) Local variable "lOglAxes" of a managed type does not seem to be initialized
D:\works\OburecGH\Lazarus\RecorderLnx\.\UI\uRecorderTrendView.pas(256,19) Hint: (5091) Local variable "lPages" of a managed type does not seem to be initialized
D:\works\OburecGH\Lazarus\RecorderLnx\.\UI\uRecorderTrendView.pas(146,3) Note: (5027) Local variable "lAxisCount" is assigned but never used
D:\works\OburecGH\Lazarus\RecorderLnx\.\UI\uRecorderTrendView.pas(60,32) Hint: (5024) Parameter "ALineIndex" not used
D:\works\OburecGH\Lazarus\RecorderLnx\.\UI\uRecorderTrendView.pas(66,27) Hint: (5024) Parameter "ALineIndex" not used
D:\works\OburecGH\Lazarus\RecorderLnx\.\UI\uRecorderTrendView.pas(572,3) Note: (5027) Local variable "lLagSec" is assigned but never used
D:\works\OburecGH\Lazarus\RecorderLnx\.\UI\uRecorderTrendView.pas(82,30) Hint: (5024) Parameter "ATagRegistry" not used
D:\works\OburecGH\Lazarus\RecorderLnx\.\UI\uRecorderTrendView.pas(82,66) Hint: (5024) Parameter "ADisplaySeconds" not used
D:\works\OburecGH\Lazarus\RecorderLnx\.\UI\uRecorderTrendView.pas(71,35) Hint: (5024) Parameter "Sender" not used
D:\works\OburecGH\Lazarus\RecorderLnx\.\UI\uRecorderTrendView.pas(18,19) Hint: (5023) Unit "uOglChartTypes" not used in uRecorderTrendView
(3104) Compiling .\UI\uRecorderSpectrumView.pas
(3104) Compiling D:\works\OburecGH\Lazarus\SharedUtils\uComponentServices.pas
(3104) Compiling D:\works\OburecGH\Lazarus\SharedUtils\uBaseClass.pas
(3104) Compiling D:\works\OburecGH\Lazarus\SharedUtils\uEventList.pas
(3104) Compiling D:\works\OburecGH\Lazarus\SharedUtils\uEventTypes.pas
D:\works\OburecGH\Lazarus\SharedUtils\uEventList.pas(164,97) Warning: (4110) range check error while evaluating constants (4096 must be between 0 and 255)
D:\works\OburecGH\Lazarus\SharedUtils\uBaseClass.pas(24,25) Hint: (5024) Parameter "ABaseObj" not used
D:\works\OburecGH\Lazarus\SharedUtils\uBaseClass.pas(24,46) Hint: (5024) Parameter "Root" not used
D:\works\OburecGH\Lazarus\SharedUtils\uBaseClass.pas(107,25) Hint: (5024) Parameter "ABaseObj" not used
D:\works\OburecGH\Lazarus\SharedUtils\uBaseClass.pas(107,46) Hint: (5024) Parameter "Root" not used
D:\works\OburecGH\Lazarus\SharedUtils\uBaseClass.pas(75,41) Hint: (5024) Parameter "AName" not used
D:\works\OburecGH\Lazarus\RecorderLnx\.\UI\uRecorderSpectrumView.pas(51,52) Hint: (5024) Parameter "ACol" not used
D:\works\OburecGH\Lazarus\RecorderLnx\.\UI\uRecorderSpectrumView.pas(52,7) Hint: (5024) Parameter "AState" not used
D:\works\OburecGH\Lazarus\RecorderLnx\.\UI\uRecorderSpectrumView.pas(53,32) Hint: (5024) Parameter "Sender" not used
D:\works\OburecGH\Lazarus\RecorderLnx\.\UI\uRecorderSpectrumView.pas(53,49) Hint: (5024) Parameter "ACol" not used
D:\works\OburecGH\Lazarus\RecorderLnx\.\UI\uRecorderSpectrumView.pas(74,30) Hint: (5024) Parameter "ATagRegistry" not used
D:\works\OburecGH\Lazarus\RecorderLnx\.\UI\uRecorderSpectrumView.pas(74,66) Hint: (5024) Parameter "ADisplaySeconds" not used
D:\works\OburecGH\Lazarus\RecorderLnx\.\UI\uRecorderSpectrumView.pas(48,30) Hint: (5024) Parameter "Sender" not used
D:\works\OburecGH\Lazarus\RecorderLnx\.\UI\uRecorderSpectrumView.pas(48,47) Hint: (5024) Parameter "Shift" not used
D:\works\OburecGH\Lazarus\RecorderLnx\.\UI\uRecorderSpectrumView.pas(49,32) Hint: (5024) Parameter "Sender" not used
D:\works\OburecGH\Lazarus\RecorderLnx\.\UI\uRecorderSpectrumView.pas(49,49) Hint: (5024) Parameter "ARenderTimeMs" not used
D:\works\OburecGH\Lazarus\RecorderLnx\.\UI\uRecorderSpectrumView.pas(50,34) Hint: (5024) Parameter "Sender" not used
D:\works\OburecGH\Lazarus\RecorderLnx\.\UI\uRecorderSpectrumView.pas(50,51) Hint: (5024) Parameter "ACursor" not used
D:\works\OburecGH\Lazarus\RecorderLnx\.\UI\uRecorderSpectrumView.pas(47,27) Hint: (5024) Parameter "ASender" not used
(3104) Compiling .\UI\uRecorderDonutView.pas
D:\works\OburecGH\Lazarus\RecorderLnx\.\UI\uRecorderDonutView.pas(22,32) Hint: (5024) Parameter "Sender" not used
D:\works\OburecGH\Lazarus\RecorderLnx\.\UI\uRecorderDonutView.pas(24,32) Hint: (5024) Parameter "Sender" not used
D:\works\OburecGH\Lazarus\RecorderLnx\.\UI\uRecorderDonutView.pas(26,30) Hint: (5024) Parameter "Sender" not used
D:\works\OburecGH\Lazarus\RecorderLnx\.\UI\uRecorderDonutView.pas(20,25) Hint: (5024) Parameter "Sender" not used
(3104) Compiling .\UI\uRecorderSvgParameters.pas
D:\works\OburecGH\Lazarus\RecorderLnx\.\UI\uRecorderSvgParameters.pas(27,21) Hint: (5091) Local variable "lBytes" of a managed type does not seem to be initialized
D:\works\OburecGH\Lazarus\RecorderLnx\.\UI\uRecorderVisualControl.pas(109,26) Hint: (5024) Parameter "Sender" not used
D:\works\OburecGH\Lazarus\RecorderLnx\.\UI\uRecorderVisualControl.pas(110,31) Hint: (5024) Parameter "Sender" not used
D:\works\OburecGH\Lazarus\RecorderLnx\.\UI\uRecorderVisualControl.pas(108,27) Hint: (5024) Parameter "Sender" not used
D:\works\OburecGH\Lazarus\RecorderLnx\.\UI\uRecorderVisualControl.pas(115,7) Hint: (5024) Parameter "ADisplaySeconds" not used
D:\works\OburecGH\Lazarus\RecorderLnx\.\UI\uRecorderVisualControl.pas(82,27) Hint: (5024) Parameter "Sender" not used
D:\works\OburecGH\Lazarus\RecorderLnx\.\UI\uRecorderVisualControl.pas(83,31) Hint: (5024) Parameter "Sender" not used
D:\works\OburecGH\Lazarus\RecorderLnx\.\UI\uRecorderVisualControl.pas(84,7) Hint: (5024) Parameter "Shift" not used
D:\works\OburecGH\Lazarus\RecorderLnx\.\UI\uRecorderVisualControl.pas(84,27) Hint: (5024) Parameter "X" not used
D:\works\OburecGH\Lazarus\RecorderLnx\.\UI\uRecorderVisualControl.pas(84,30) Hint: (5024) Parameter "Y" not used
D:\works\OburecGH\Lazarus\RecorderLnx\.\UI\uRecorderVisualControl.pas(85,29) Hint: (5024) Parameter "Sender" not used
D:\works\OburecGH\Lazarus\RecorderLnx\.\UI\uRecorderVisualControl.pas(86,7) Hint: (5024) Parameter "Shift" not used
D:\works\OburecGH\Lazarus\RecorderLnx\.\UI\uRecorderVisualControl.pas(86,27) Hint: (5024) Parameter "X" not used
D:\works\OburecGH\Lazarus\RecorderLnx\.\UI\uRecorderVisualControl.pas(86,30) Hint: (5024) Parameter "Y" not used
D:\works\OburecGH\Lazarus\RecorderLnx\.\UI\uRecorderVisualControl.pas(87,31) Hint: (5024) Parameter "Sender" not used
D:\works\OburecGH\Lazarus\RecorderLnx\.\UI\uRecorderVisualControl.pas(95,66) Hint: (5024) Parameter "ADisplaySeconds" not used
D:\works\OburecGH\Lazarus\RecorderLnx\.\UI\uRecorderVisualControl.pas(62,63) Hint: (5024) Parameter "ATagRegistry" not used
D:\works\OburecGH\Lazarus\RecorderLnx\.\UI\uRecorderVisualControl.pas(63,30) Hint: (5024) Parameter "ATagRegistry" not used
D:\works\OburecGH\Lazarus\RecorderLnx\.\UI\uRecorderVisualControl.pas(63,66) Hint: (5024) Parameter "ADisplaySeconds" not used
D:\works\OburecGH\Lazarus\RecorderLnx\.\UI\uRecorderVisualControl.pas(136,66) Hint: (5024) Parameter "ADisplaySeconds" not used
D:\works\OburecGH\Lazarus\RecorderLnx\.\UI\uRecorderVisualControl.pas(154,33) Hint: (5024) Parameter "Sender" not used
D:\works\OburecGH\Lazarus\RecorderLnx\.\UI\uRecorderVisualControl.pas(155,29) Hint: (5024) Parameter "Sender" not used
D:\works\OburecGH\Lazarus\RecorderLnx\.\UI\uRecorderVisualControl.pas(156,29) Hint: (5024) Parameter "Sender" not used
D:\works\OburecGH\Lazarus\RecorderLnx\.\UI\uRecorderVisualControl.pas(157,25) Hint: (5024) Parameter "Sender" not used
D:\works\OburecGH\Lazarus\RecorderLnx\.\UI\uRecorderVisualControl.pas(1038,49) Hint: (5091) Local variable "lFrame" of a managed type does not seem to be initialized
D:\works\OburecGH\Lazarus\RecorderLnx\.\UI\uRecorderVisualControl.pas(167,7) Hint: (5024) Parameter "ADisplaySeconds" not used
D:\works\OburecGH\Lazarus\RecorderLnx\.\UI\uRecorderVisualControl.pas(207,7) Hint: (5024) Parameter "ADisplaySeconds" not used
D:\works\OburecGH\Lazarus\RecorderLnx\.\UI\uRecorderVisualControl.pas(216,3) Hint: (5023) Unit "uOglChartTrend" not used in uRecorderVisualControl
(3104) Compiling .\UI\uComponentSettingsDialog.pas
(3104) Compiling .\UI\uRecorderTrendSettingsDialog.pas
(3104) Compiling .\UI\uRecorderColorSwatch.pas
D:\works\OburecGH\Lazarus\RecorderLnx\.\UI\uRecorderColorSwatch.pas(21,30) Hint: (5024) Parameter "Sender" not used
D:\works\OburecGH\Lazarus\RecorderLnx\.\UI\uRecorderTrendSettingsDialog.pas(117,84) Warning: (4104) Implicit string type conversion from "AnsiString" to "UnicodeString"
D:\works\OburecGH\Lazarus\RecorderLnx\.\UI\uRecorderTrendSettingsDialog.pas(117,89) Warning: (4105) Implicit string type conversion with potential data loss from "UnicodeString" to "TTranslateString"
D:\works\OburecGH\Lazarus\RecorderLnx\.\UI\uRecorderTrendSettingsDialog.pas(141,54) Warning: (5043) Symbol "DecimalSeparator" is deprecated
D:\works\OburecGH\Lazarus\RecorderLnx\.\UI\uRecorderTrendSettingsDialog.pas(142,54) Warning: (5043) Symbol "DecimalSeparator" is deprecated
D:\works\OburecGH\Lazarus\RecorderLnx\.\UI\uRecorderTrendSettingsDialog.pas(72,35) Hint: (5024) Parameter "Sender" not used
D:\works\OburecGH\Lazarus\RecorderLnx\.\UI\uRecorderTrendSettingsDialog.pas(71,30) Hint: (5024) Parameter "Sender" not used
D:\works\OburecGH\Lazarus\RecorderLnx\.\UI\uRecorderTrendSettingsDialog.pas(65,35) Hint: (5024) Parameter "Sender" not used
D:\works\OburecGH\Lazarus\RecorderLnx\.\UI\uRecorderTrendSettingsDialog.pas(66,33) Hint: (5024) Parameter "Sender" not used
D:\works\OburecGH\Lazarus\RecorderLnx\.\UI\uRecorderTrendSettingsDialog.pas(64,28) Hint: (5024) Parameter "Sender" not used
D:\works\OburecGH\Lazarus\RecorderLnx\.\UI\uRecorderTrendSettingsDialog.pas(69,31) Hint: (5024) Parameter "Sender" not used
D:\works\OburecGH\Lazarus\RecorderLnx\.\UI\uRecorderTrendSettingsDialog.pas(63,28) Hint: (5024) Parameter "Sender" not used
D:\works\OburecGH\Lazarus\RecorderLnx\.\UI\uRecorderTrendSettingsDialog.pas(68,31) Hint: (5024) Parameter "Sender" not used
D:\works\OburecGH\Lazarus\RecorderLnx\.\UI\uRecorderTrendSettingsDialog.pas(76,29) Hint: (5024) Parameter "Sender" not used
(3104) Compiling .\UI\uRecorderSpectrumSettingsDialog.pas
D:\works\OburecGH\Lazarus\RecorderLnx\.\UI\uRecorderSpectrumSettingsDialog.pas(102,92) Warning: (4104) Implicit string type conversion from "AnsiString" to "UnicodeString"
D:\works\OburecGH\Lazarus\RecorderLnx\.\UI\uRecorderSpectrumSettingsDialog.pas(102,97) Warning: (4105) Implicit string type conversion with potential data loss from "UnicodeString" to "TTranslateString"
D:\works\OburecGH\Lazarus\RecorderLnx\.\UI\uRecorderSpectrumSettingsDialog.pas(127,54) Warning: (5043) Symbol "DecimalSeparator" is deprecated
D:\works\OburecGH\Lazarus\RecorderLnx\.\UI\uRecorderSpectrumSettingsDialog.pas(128,54) Warning: (5043) Symbol "DecimalSeparator" is deprecated
D:\works\OburecGH\Lazarus\RecorderLnx\.\UI\uRecorderSpectrumSettingsDialog.pas(56,29) Hint: (5024) Parameter "Sender" not used
D:\works\OburecGH\Lazarus\RecorderLnx\.\UI\uRecorderSpectrumSettingsDialog.pas(63,32) Hint: (5024) Parameter "Sender" not used
D:\works\OburecGH\Lazarus\RecorderLnx\.\UI\uRecorderSpectrumSettingsDialog.pas(64,30) Hint: (5024) Parameter "Sender" not used
D:\works\OburecGH\Lazarus\RecorderLnx\.\UI\uRecorderSpectrumSettingsDialog.pas(65,33) Hint: (5024) Parameter "Sender" not used
D:\works\OburecGH\Lazarus\RecorderLnx\.\UI\uRecorderSpectrumSettingsDialog.pas(66,37) Hint: (5024) Parameter "Sender" not used
D:\works\OburecGH\Lazarus\RecorderLnx\.\UI\uRecorderSpectrumSettingsDialog.pas(67,32) Hint: (5024) Parameter "Sender" not used
(3104) Compiling .\UI\uRecorderDonutSettingsDialog.pas
D:\works\OburecGH\Lazarus\RecorderLnx\.\UI\uRecorderDonutSettingsDialog.pas(40,27) Hint: (5024) Parameter "Sender" not used
D:\works\OburecGH\Lazarus\RecorderLnx\.\UI\uRecorderDonutSettingsDialog.pas(36,31) Hint: (5024) Parameter "Sender" not used
D:\works\OburecGH\Lazarus\RecorderLnx\.\UI\uRecorderDonutSettingsDialog.pas(37,22) Hint: (5024) Parameter "Sender" not used
D:\works\OburecGH\Lazarus\RecorderLnx\.\UI\uRecorderDonutSettingsDialog.pas(38,25) Hint: (5024) Parameter "Sender" not used
D:\works\OburecGH\Lazarus\RecorderLnx\.\UI\uRecorderDonutSettingsDialog.pas(253,23) Warning: (5043) Symbol "DecimalSeparator" is deprecated
D:\works\OburecGH\Lazarus\RecorderLnx\.\UI\uRecorderDonutSettingsDialog.pas(255,23) Warning: (5043) Symbol "DecimalSeparator" is deprecated
D:\works\OburecGH\Lazarus\RecorderLnx\.\UI\uRecorderDonutSettingsDialog.pas(39,29) Hint: (5024) Parameter "Sender" not used
(3104) Compiling .\UI\uRecorderOscillogramSettingsDialog.pas
D:\works\OburecGH\Lazarus\RecorderLnx\.\UI\uRecorderOscillogramSettingsDialog.pas(14,22) Warning: (2005) Comment level 2 found
D:\works\OburecGH\Lazarus\RecorderLnx\.\UI\uRecorderOscillogramSettingsDialog.pas(122,77) Warning: (4104) Implicit string type conversion from "AnsiString" to "UnicodeString"
D:\works\OburecGH\Lazarus\RecorderLnx\.\UI\uRecorderOscillogramSettingsDialog.pas(123,3) Warning: (4105) Implicit string type conversion with potential data loss from "UnicodeString" to "TTranslateString"
D:\works\OburecGH\Lazarus\RecorderLnx\.\UI\uRecorderOscillogramSettingsDialog.pas(124,79) Warning: (4104) Implicit string type conversion from "AnsiString" to "UnicodeString"
D:\works\OburecGH\Lazarus\RecorderLnx\.\UI\uRecorderOscillogramSettingsDialog.pas(124,84) Warning: (4105) Implicit string type conversion with potential data loss from "UnicodeString" to "TTranslateString"
D:\works\OburecGH\Lazarus\RecorderLnx\.\UI\uRecorderOscillogramSettingsDialog.pas(71,31) Hint: (5024) Parameter "Sender" not used
D:\works\OburecGH\Lazarus\RecorderLnx\.\UI\uRecorderOscillogramSettingsDialog.pas(72,28) Hint: (5024) Parameter "Sender" not used
D:\works\OburecGH\Lazarus\RecorderLnx\.\UI\uRecorderOscillogramSettingsDialog.pas(665,19) Hint: (5091) Local variable "lNames" of a managed type does not seem to be initialized
D:\works\OburecGH\Lazarus\RecorderLnx\.\UI\uRecorderOscillogramSettingsDialog.pas(80,29) Hint: (5024) Parameter "Sender" not used
D:\works\OburecGH\Lazarus\RecorderLnx\.\UI\uRecorderOscillogramSettingsDialog.pas(65,28) Hint: (5024) Parameter "Sender" not used
D:\works\OburecGH\Lazarus\RecorderLnx\.\UI\uRecorderOscillogramSettingsDialog.pas(68,31) Hint: (5024) Parameter "Sender" not used
D:\works\OburecGH\Lazarus\RecorderLnx\.\UI\uRecorderOscillogramSettingsDialog.pas(70,35) Hint: (5024) Parameter "Sender" not used
D:\works\OburecGH\Lazarus\RecorderLnx\.\UI\uRecorderOscillogramSettingsDialog.pas(82,35) Hint: (5024) Parameter "Sender" not used
D:\works\OburecGH\Lazarus\RecorderLnx\.\UI\uRecorderOscillogramSettingsDialog.pas(81,32) Hint: (5024) Parameter "Sender" not used
D:\works\OburecGH\Lazarus\RecorderLnx\.\UI\uRecorderOscillogramSettingsDialog.pas(66,38) Hint: (5024) Parameter "Sender" not used
(3104) Compiling .\UI\uRecorderImageSettingsDialog.pas
D:\works\OburecGH\Lazarus\RecorderLnx\.\UI\uRecorderImageSettingsDialog.pas(111,67) Warning: (4104) Implicit string type conversion from "AnsiString" to "UnicodeString"
D:\works\OburecGH\Lazarus\RecorderLnx\.\UI\uRecorderImageSettingsDialog.pas(111,72) Warning: (4105) Implicit string type conversion with potential data loss from "UnicodeString" to "TTranslateString"
D:\works\OburecGH\Lazarus\RecorderLnx\.\UI\uRecorderImageSettingsDialog.pas(32,30) Hint: (5024) Parameter "Sender" not used
D:\works\OburecGH\Lazarus\RecorderLnx\.\UI\uRecorderImageSettingsDialog.pas(34,33) Hint: (5024) Parameter "Sender" not used
D:\works\OburecGH\Lazarus\RecorderLnx\.\UI\uRecorderImageSettingsDialog.pas(38,38) Hint: (5024) Parameter "Sender" not used
D:\works\OburecGH\Lazarus\RecorderLnx\.\UI\uRecorderImageSettingsDialog.pas(38,55) Hint: (5024) Parameter "aCol" not used
D:\works\OburecGH\Lazarus\RecorderLnx\.\UI\uRecorderImageSettingsDialog.pas(41,37) Hint: (5024) Parameter "Sender" not used
D:\works\OburecGH\Lazarus\RecorderLnx\.\UI\uRecorderImageSettingsDialog.pas(40,40) Hint: (5024) Parameter "Sender" not used
D:\works\OburecGH\Lazarus\RecorderLnx\.\UI\uRecorderImageSettingsDialog.pas(33,33) Hint: (5024) Parameter "Sender" not used
D:\works\OburecGH\Lazarus\RecorderLnx\.\UI\uRecorderImageSettingsDialog.pas(35,34) Hint: (5024) Parameter "Sender" not used
D:\works\OburecGH\Lazarus\RecorderLnx\.\UI\uRecorderImageSettingsDialog.pas(36,34) Hint: (5024) Parameter "Sender" not used
D:\works\OburecGH\Lazarus\RecorderLnx\.\UI\uRecorderImageSettingsDialog.pas(37,21) Hint: (5024) Parameter "aState" not used
D:\works\OburecGH\Lazarus\RecorderLnx\.\UI\uRecorderImageSettingsDialog.pas(42,29) Hint: (5024) Parameter "Sender" not used
(3104) Compiling .\UI\uRecorderButtonSettingsDialog.pas
D:\works\OburecGH\Lazarus\RecorderLnx\.\UI\uRecorderButtonSettingsDialog.pas(38,36) Hint: (5024) Parameter "Sender" not used
D:\works\OburecGH\Lazarus\RecorderLnx\.\UI\uRecorderButtonSettingsDialog.pas(39,37) Hint: (5024) Parameter "Sender" not used
D:\works\OburecGH\Lazarus\RecorderLnx\.\UI\uRecorderButtonSettingsDialog.pas(40,32) Hint: (5024) Parameter "Sender" not used
D:\works\OburecGH\Lazarus\RecorderLnx\.\UI\uRecorderButtonSettingsDialog.pas(41,33) Hint: (5024) Parameter "Sender" not used
D:\works\OburecGH\Lazarus\RecorderLnx\.\UI\uRecorderButtonSettingsDialog.pas(37,26) Hint: (5024) Parameter "Sender" not used
(3104) Compiling .\SQLdb\SqlTrend\uRecorderSqlTrendModel.pas
(3104) Compiling .\SQLdb\SqlTrend\uRecorderSqlTrendSettingsDialog.pas
D:\works\OburecGH\Lazarus\RecorderLnx\.\SQLdb\SqlTrend\uRecorderSqlTrendSettingsDialog.pas(64,35) Hint: (5024) Parameter "Sender" not used
D:\works\OburecGH\Lazarus\RecorderLnx\.\SQLdb\SqlTrend\uRecorderSqlTrendSettingsDialog.pas(64,52) Hint: (5024) Parameter "User" not used
D:\works\OburecGH\Lazarus\RecorderLnx\.\SQLdb\SqlTrend\uRecorderSqlTrendSettingsDialog.pas(73,35) Hint: (5024) Parameter "Sender" not used
D:\works\OburecGH\Lazarus\RecorderLnx\.\SQLdb\SqlTrend\uRecorderSqlTrendSettingsDialog.pas(73,52) Hint: (5024) Parameter "User" not used
D:\works\OburecGH\Lazarus\RecorderLnx\.\SQLdb\SqlTrend\uRecorderSqlTrendSettingsDialog.pas(74,32) Hint: (5024) Parameter "Sender" not used
D:\works\OburecGH\Lazarus\RecorderLnx\.\SQLdb\SqlTrend\uRecorderSqlTrendSettingsDialog.pas(75,32) Hint: (5024) Parameter "Sender" not used
D:\works\OburecGH\Lazarus\RecorderLnx\.\SQLdb\SqlTrend\uRecorderSqlTrendSettingsDialog.pas(76,30) Hint: (5024) Parameter "Sender" not used
D:\works\OburecGH\Lazarus\RecorderLnx\.\SQLdb\SqlTrend\uRecorderSqlTrendSettingsDialog.pas(77,33) Hint: (5024) Parameter "Sender" not used
D:\works\OburecGH\Lazarus\RecorderLnx\.\SQLdb\SqlTrend\uRecorderSqlTrendSettingsDialog.pas(79,37) Hint: (5024) Parameter "Sender" not used
D:\works\OburecGH\Lazarus\RecorderLnx\.\SQLdb\SqlTrend\uRecorderSqlTrendSettingsDialog.pas(80,30) Hint: (5024) Parameter "Sender" not used
D:\works\OburecGH\Lazarus\RecorderLnx\.\SQLdb\SqlTrend\uRecorderSqlTrendSettingsDialog.pas(65,31) Hint: (5024) Parameter "Sender" not used
D:\works\OburecGH\Lazarus\RecorderLnx\.\SQLdb\SqlTrend\uRecorderSqlTrendSettingsDialog.pas(68,34) Hint: (5024) Parameter "Sender" not used
D:\works\OburecGH\Lazarus\RecorderLnx\.\SQLdb\SqlTrend\uRecorderSqlTrendSettingsDialog.pas(71,35) Hint: (5024) Parameter "Sender" not used
D:\works\OburecGH\Lazarus\RecorderLnx\.\SQLdb\SqlTrend\uRecorderSqlTrendSettingsDialog.pas(69,40) Hint: (5024) Parameter "Sender" not used
D:\works\OburecGH\Lazarus\RecorderLnx\.\SQLdb\SqlTrend\uRecorderSqlTrendSettingsDialog.pas(81,34) Hint: (5024) Parameter "Sender" not used
D:\works\OburecGH\Lazarus\RecorderLnx\.\SQLdb\SqlTrend\uRecorderSqlTrendSettingsDialog.pas(66,31) Hint: (5024) Parameter "Sender" not used
D:\works\OburecGH\Lazarus\RecorderLnx\.\SQLdb\SqlTrend\uRecorderSqlTrendSettingsDialog.pas(84,36) Hint: (5024) Parameter "Sender" not used
D:\works\OburecGH\Lazarus\RecorderLnx\.\SQLdb\SqlTrend\uRecorderSqlTrendSettingsDialog.pas(83,32) Hint: (5024) Parameter "Sender" not used
D:\works\OburecGH\Lazarus\RecorderLnx\.\SQLdb\SqlTrend\uRecorderSqlTrendSettingsDialog.pas(70,34) Hint: (5024) Parameter "Sender" not used
D:\works\OburecGH\Lazarus\RecorderLnx\.\SQLdb\SqlTrend\uRecorderSqlTrendSettingsDialog.pas(67,29) Hint: (5024) Parameter "Sender" not used
D:\works\OburecGH\Lazarus\RecorderLnx\.\SQLdb\SqlTrend\uRecorderSqlTrendSettingsDialog.pas(87,31) Hint: (5024) Parameter "Sender" not used
D:\works\OburecGH\Lazarus\RecorderLnx\.\SQLdb\SqlTrend\uRecorderSqlTrendSettingsDialog.pas(86,29) Hint: (5024) Parameter "Sender" not used
D:\works\OburecGH\Lazarus\RecorderLnx\.\SQLdb\SqlTrend\uRecorderSqlTrendSettingsDialog.pas(82,34) Hint: (5024) Parameter "Sender" not used
D:\works\OburecGH\Lazarus\RecorderLnx\.\SQLdb\SqlTrend\uRecorderSqlTrendSettingsDialog.pas(85,37) Hint: (5024) Parameter "Sender" not used
D:\works\OburecGH\Lazarus\RecorderLnx\.\SQLdb\SqlTrend\uRecorderSqlTrendSettingsDialog.pas(72,26) Hint: (5024) Parameter "Sender" not used
(3104) Compiling .\Core\uRecorderMeasurementSectionModel.pas
D:\works\OburecGH\Lazarus\RecorderLnx\.\Core\uRecorderMeasurementSectionModel.pas(208,6) Warning: (4104) Implicit string type conversion from "AnsiString" to "UnicodeString"
(3104) Compiling .\UI\uRecorderMeasurementSectionSettingsDialog.pas
(3104) Compiling D:\works\OburecGH\Lazarus\third_party\fpspreadsheet\fpspreadsheet.pas
(3104) Compiling D:\works\OburecGH\Lazarus\third_party\fpspreadsheet\fpstypes.pas
(3104) Compiling D:\works\OburecGH\Lazarus\third_party\fpspreadsheet\fpsclasses.pas
(3104) Compiling D:\works\OburecGH\Lazarus\third_party\fpspreadsheet\fpsutils.pas
(3104) Compiling D:\works\OburecGH\Lazarus\third_party\fpspreadsheet\fpsstrings.pas
(1010) Writing Resource String Table file: fpsstrings.rsj
D:\works\OburecGH\Lazarus\third_party\fpspreadsheet\fpsutils.pas(1897,35) Hint: (4081) Converting the operands to "Int64" before doing the multiply could prevent overflow errors.
D:\works\OburecGH\Lazarus\third_party\fpspreadsheet\fpsutils.pas(1898,35) Hint: (4081) Converting the operands to "Int64" before doing the multiply could prevent overflow errors.
D:\works\OburecGH\Lazarus\third_party\fpspreadsheet\fpsutils.pas(1906,51) Hint: (4080) Converting the operands to "Int64" before doing the subtract could prevent overflow errors.
D:\works\OburecGH\Lazarus\third_party\fpspreadsheet\fpsutils.pas(1908,50) Hint: (4080) Converting the operands to "Int64" before doing the subtract could prevent overflow errors.
D:\works\OburecGH\Lazarus\third_party\fpspreadsheet\fpsutils.pas(1909,50) Hint: (4080) Converting the operands to "Int64" before doing the subtract could prevent overflow errors.
(3104) Compiling D:\works\OburecGH\Lazarus\third_party\fpspreadsheet\fpsnumformat.pas
(3104) Compiling D:\works\OburecGH\Lazarus\third_party\fpspreadsheet\fpsnumformatparser.pas
(3104) Compiling D:\works\OburecGH\Lazarus\third_party\fpspreadsheet\fpscurrency.pas
D:\works\OburecGH\Lazarus\third_party\fpspreadsheet\fpsnumformat.pas(2065,26) Hint: (5091) Local variable "newSections" of a managed type does not seem to be initialized
(3104) Compiling D:\works\OburecGH\Lazarus\third_party\fpspreadsheet\uvirtuallayer_ole.pas
(3104) Compiling D:\works\OburecGH\Lazarus\third_party\fpspreadsheet\uvirtuallayer_types.pas
D:\works\OburecGH\Lazarus\third_party\fpspreadsheet\uvirtuallayer_types.pas(77,29) Hint: (5024) Parameter "Ascending" not used
D:\works\OburecGH\Lazarus\third_party\fpspreadsheet\uvirtuallayer_types.pas(77,64) Hint: (5024) Parameter "FoldersFirst" not used
(3104) Compiling D:\works\OburecGH\Lazarus\third_party\fpspreadsheet\uvirtuallayer.pas
(3104) Compiling D:\works\OburecGH\Lazarus\third_party\fpspreadsheet\uvirtuallayer_stream.pas
(3104) Compiling D:\works\OburecGH\Lazarus\third_party\fpspreadsheet\uvirtuallayer.pas
D:\works\OburecGH\Lazarus\third_party\fpspreadsheet\uvirtuallayer.pas(123,22) Hint: (5091) Local variable "Chunk" of a managed type does not seem to be initialized
D:\works\OburecGH\Lazarus\third_party\fpspreadsheet\uvirtuallayer.pas(906,17) Hint: (4055) Conversion between ordinals and pointers is not portable
D:\works\OburecGH\Lazarus\third_party\fpspreadsheet\uvirtuallayer.pas(929,17) Hint: (4055) Conversion between ordinals and pointers is not portable
(3104) Compiling D:\works\OburecGH\Lazarus\third_party\fpspreadsheet\uvirtuallayer_ole_helpers.pas
(3104) Compiling D:\works\OburecGH\Lazarus\third_party\fpspreadsheet\uvirtuallayer_ole_types.pas
D:\works\OburecGH\Lazarus\third_party\fpspreadsheet\uvirtuallayer_ole_helpers.pas(148,5) Note: (6058) Call to subroutine "procedure TFATIndirect.WriteSector(const ASector:LongWord;const ABuffer:Pointer);" marked as inline is not inlined
D:\works\OburecGH\Lazarus\third_party\fpspreadsheet\uvirtuallayer_ole_helpers.pas(279,13) Note: (6058) Call to subroutine "function TFATIndirect.IsReservedValue(const ASectorValue:LongWord):Boolean;" marked as inline is not inlined
D:\works\OburecGH\Lazarus\third_party\fpspreadsheet\uvirtuallayer_ole_helpers.pas(390,13) Note: (6058) Call to subroutine "function TFATIndirect.IsReservedValue(const ASectorValue:LongWord):Boolean;" marked as inline is not inlined
D:\works\OburecGH\Lazarus\third_party\fpspreadsheet\uvirtuallayer_ole_helpers.pas(590,9) Note: (6058) Call to subroutine "procedure TFATIndirect.WriteFATEntryValue(const AFATEntryIndex:QWord;const ALinkTo:LongWord);" marked as inline is not inlined
D:\works\OburecGH\Lazarus\third_party\fpspreadsheet\uvirtuallayer_ole_helpers.pas(613,11) Note: (6058) Call to subroutine "procedure TFATIndirect.WriteFATEntryValue(const AFATEntryIndex:QWord;const ALinkTo:LongWord);" marked as inline is not inlined
D:\works\OburecGH\Lazarus\third_party\fpspreadsheet\uvirtuallayer_ole_helpers.pas(637,9) Note: (6058) Call to subroutine "procedure TFATIndirect.WriteFATEntryValue(const AFATEntryIndex:QWord;const ALinkTo:LongWord);" marked as inline is not inlined
D:\works\OburecGH\Lazarus\third_party\fpspreadsheet\uvirtuallayer_ole_helpers.pas(649,15) Note: (6058) Call to subroutine "procedure TFATIndirect.WriteFATEntryValue(const AFATEntryIndex:QWord;const ALinkTo:LongWord);" marked as inline is not inlined
D:\works\OburecGH\Lazarus\third_party\fpspreadsheet\uvirtuallayer_ole_helpers.pas(680,3) Note: (6058) Call to subroutine "procedure TFATIndirect.WriteFATEntryValue(const AFATEntryIndex:QWord;const ALinkTo:LongWord);" marked as inline is not inlined
D:\works\OburecGH\Lazarus\third_party\fpspreadsheet\uvirtuallayer_ole_helpers.pas(681,3) Note: (6058) Call to subroutine "procedure TFATIndirect.WriteFATEntryValue(const AFATEntryIndex:QWord;const ALinkTo:LongWord);" marked as inline is not inlined
D:\works\OburecGH\Lazarus\third_party\fpspreadsheet\uvirtuallayer_ole_helpers.pas(694,17) Note: (6058) Call to subroutine "function TFATIndirect.ReadFATEntryValue(const AFATEntryIndex:QWord):DWord;" marked as inline is not inlined
D:\works\OburecGH\Lazarus\third_party\fpspreadsheet\uvirtuallayer_ole_helpers.pas(789,16) Note: (6058) Call to subroutine "function TFATIndirect.ReadFATEntryValue(const AFATEntryIndex:QWord):DWord;" marked as inline is not inlined
D:\works\OburecGH\Lazarus\third_party\fpspreadsheet\uvirtuallayer_ole_helpers.pas(892,18) Note: (6058) Call to subroutine "function TFATIndirect.ReadFATEntryValue(const AFATEntryIndex:QWord):DWord;" marked as inline is not inlined
D:\works\OburecGH\Lazarus\third_party\fpspreadsheet\uvirtuallayer_ole_helpers.pas(905,9) Note: (6058) Call to subroutine "procedure TFATIndirect.WriteFATEntryValue(const AFATEntryIndex:QWord;const ALinkTo:LongWord);" marked as inline is not inlined
D:\works\OburecGH\Lazarus\third_party\fpspreadsheet\uvirtuallayer_ole.pas(324,11) Warning: (4104) Implicit string type conversion from "RawByteString" to "WideString"
D:\works\OburecGH\Lazarus\third_party\fpspreadsheet\uvirtuallayer_ole.pas(325,25) Warning: (4105) Implicit string type conversion with potential data loss from "WideString" to "UTF8String"
D:\works\OburecGH\Lazarus\third_party\fpspreadsheet\uvirtuallayer_ole.pas(327,16) Warning: (4105) Implicit string type conversion with potential data loss from "WideString" to "UTF8String"
(3104) Compiling D:\works\OburecGH\Lazarus\third_party\fpspreadsheet\fpsreaderwriter.pas
(3104) Compiling D:\works\OburecGH\Lazarus\third_party\fpspreadsheet\fpsstreams.pas
(3104) Compiling D:\works\OburecGH\Lazarus\third_party\fpspreadsheet\fpsexprparser.pas
(3104) Compiling D:\works\OburecGH\Lazarus\third_party\fpspreadsheet\fpsrpn.pas
D:\works\OburecGH\Lazarus\third_party\fpspreadsheet\fpsrpn.pas(431,19) Warning: (5093) function result variable of a managed type does not seem to be initialized
(3104) Compiling D:\works\OburecGH\Lazarus\third_party\fpspreadsheet\fpsfunc.pas
(3104) Compiling D:\works\OburecGH\Lazarus\third_party\fpspreadsheet\xlsconst.pas
(3104) Compiling D:\works\OburecGH\Lazarus\third_party\fpspreadsheet\fpspatches.pas
D:\works\OburecGH\Lazarus\third_party\fpspreadsheet\fpsfunc.pas(977,8) Note: (6058) Call to subroutine "function Mean(const data:{Open} Array Of Double):Double;" marked as inline is not inlined
D:\works\OburecGH\Lazarus\third_party\fpspreadsheet\fpsfunc.pas(980,22) Note: (6058) Call to subroutine "function Mean(const data:{Open} Array Of Double):Double;" marked as inline is not inlined
D:\works\OburecGH\Lazarus\third_party\fpspreadsheet\fpsfunc.pas(989,22) Note: (6058) Call to subroutine "function Mean(const data:{Open} Array Of Double):Double;" marked as inline is not inlined
D:\works\OburecGH\Lazarus\third_party\fpspreadsheet\fpsfunc.pas(1099,22) Note: (6058) Call to subroutine "function MaxValue(const data:{Open} Array Of Double):Double;" marked as inline is not inlined
D:\works\OburecGH\Lazarus\third_party\fpspreadsheet\fpsfunc.pas(1108,22) Note: (6058) Call to subroutine "function MinValue(const data:{Open} Array Of Double):Double;" marked as inline is not inlined
D:\works\OburecGH\Lazarus\third_party\fpspreadsheet\fpsfunc.pas(1134,24) Note: (6058) Call to subroutine "function StdDev(const data:{Open} Array Of Double):Double;" marked as inline is not inlined
D:\works\OburecGH\Lazarus\third_party\fpspreadsheet\fpsfunc.pas(1150,24) Note: (6058) Call to subroutine "function PopnStdDev(const data:{Open} Array Of Double):Double;" marked as inline is not inlined
D:\works\OburecGH\Lazarus\third_party\fpspreadsheet\fpsfunc.pas(1164,22) Note: (6058) Call to subroutine "function Sum(const data:{Open} Array Of Double):Double;" marked as inline is not inlined
D:\works\OburecGH\Lazarus\third_party\fpspreadsheet\fpsfunc.pas(1174,22) Note: (6058) Call to subroutine "function SumOfSquares(const data:{Open} Array Of Double):Double;" marked as inline is not inlined
D:\works\OburecGH\Lazarus\third_party\fpspreadsheet\fpsfunc.pas(1185,24) Note: (6058) Call to subroutine "function Variance(const data:{Open} Array Of Double):Double;" marked as inline is not inlined
D:\works\OburecGH\Lazarus\third_party\fpspreadsheet\fpsfunc.pas(1201,24) Note: (6058) Call to subroutine "function PopnVariance(const data:{Open} Array Of Double):Double;" marked as inline is not inlined
D:\works\OburecGH\Lazarus\third_party\fpspreadsheet\fpsfunc.pas(21,18) Hint: (5023) Unit "fpspatches" not used in fpsfunc
D:\works\OburecGH\Lazarus\third_party\fpspreadsheet\fpsexprparser.pas(1628,17) Hint: (5091) Local variable "Args" of a managed type does not seem to be initialized
D:\works\OburecGH\Lazarus\third_party\fpspreadsheet\fpsexprparser.pas(1940,27) Hint: (5091) Local variable "args" of a managed type does not seem to be initialized
D:\works\OburecGH\Lazarus\third_party\fpspreadsheet\fpsexprparser.pas(3868,18) Hint: (5092) Variable "AData" of a managed type does not seem to be initialized
(1010) Writing Resource String Table file: fpsexprparser.rsj
D:\works\OburecGH\Lazarus\third_party\fpspreadsheet\fpspreadsheet.pas(959,21) Warning: (5093) function result variable of a managed type does not seem to be initialized
D:\works\OburecGH\Lazarus\third_party\fpspreadsheet\fpspreadsheet.pas(1688,2) Warning: (2024) User defined: TODO: Shift cells to the right/below !!! ??? 
D:\works\OburecGH\Lazarus\third_party\fpspreadsheet\fpspreadsheet.pas(1719,23) Hint: (4055) Conversion between ordinals and pointers is not portable
D:\works\OburecGH\Lazarus\third_party\fpspreadsheet\fpspreadsheet.pas(1719,23) Warning: (4082) Converting pointers to signed integers may result in wrong comparison results and range errors, use an unsigned type instead.
D:\works\OburecGH\Lazarus\third_party\fpspreadsheet\fpspreadsheet.pas(1774,23) Hint: (4055) Conversion between ordinals and pointers is not portable
D:\works\OburecGH\Lazarus\third_party\fpspreadsheet\fpspreadsheet.pas(1774,23) Warning: (4082) Converting pointers to signed integers may result in wrong comparison results and range errors, use an unsigned type instead.
D:\works\OburecGH\Lazarus\third_party\fpspreadsheet\fpspreadsheet.pas(3378,19) Warning: (5093) function result variable of a managed type does not seem to be initialized
D:\works\OburecGH\Lazarus\third_party\fpspreadsheet\fpspreadsheet.pas(5591,34) Hint: (4055) Conversion between ordinals and pointers is not portable
D:\works\OburecGH\Lazarus\third_party\fpspreadsheet\fpspreadsheet.pas(5641,34) Hint: (4055) Conversion between ordinals and pointers is not portable
D:\works\OburecGH\Lazarus\third_party\fpspreadsheet\fpspreadsheet.pas(5681,34) Hint: (4055) Conversion between ordinals and pointers is not portable
D:\works\OburecGH\Lazarus\third_party\fpspreadsheet\fpspreadsheet.pas(5728,23) Hint: (4055) Conversion between ordinals and pointers is not portable
D:\works\OburecGH\Lazarus\third_party\fpspreadsheet\fpspreadsheet.pas(5728,23) Warning: (4082) Converting pointers to signed integers may result in wrong comparison results and range errors, use an unsigned type instead.
D:\works\OburecGH\Lazarus\third_party\fpspreadsheet\fpspreadsheet.pas(5782,34) Hint: (4055) Conversion between ordinals and pointers is not portable
D:\works\OburecGH\Lazarus\third_party\fpspreadsheet\fpspreadsheet.pas(5828,23) Hint: (4055) Conversion between ordinals and pointers is not portable
D:\works\OburecGH\Lazarus\third_party\fpspreadsheet\fpspreadsheet.pas(5828,23) Warning: (4082) Converting pointers to signed integers may result in wrong comparison results and range errors, use an unsigned type instead.
D:\works\OburecGH\Lazarus\third_party\fpspreadsheet\fpspreadsheet.pas(6887,20) Hint: (5092) Variable "ARanges" of a managed type does not seem to be initialized
(3104) Compiling D:\works\OburecGH\Lazarus\third_party\fpspreadsheet\fpsopendocument.pas
(3104) Compiling D:\works\OburecGH\Lazarus\third_party\fpspreadsheet\fpsheaderfooterparser.pas
(3104) Compiling D:\works\OburecGH\Lazarus\third_party\fpspreadsheet\fpsxmlcommon.pas
D:\works\OburecGH\Lazarus\third_party\fpspreadsheet\fpsopendocument.pas(4991,16) Note: (6058) Call to subroutine "operator :=(const source:ShortInt):Variant;" marked as inline is not inlined
D:\works\OburecGH\Lazarus\third_party\fpspreadsheet\fpsopendocument.pas(5003,20) Note: (6058) Call to subroutine "operator :=(const source:ShortInt):Variant;" marked as inline is not inlined
D:\works\OburecGH\Lazarus\third_party\fpspreadsheet\fpsopendocument.pas(5019,32) Note: (6058) Call to subroutine "operator :=(const source:Variant):Double;" marked as inline is not inlined
D:\works\OburecGH\Lazarus\third_party\fpspreadsheet\fpsopendocument.pas(5034,36) Note: (6058) Call to subroutine "operator =(const op1:Variant;const op2:Variant):Boolean;" marked as inline is not inlined
D:\works\OburecGH\Lazarus\third_party\fpspreadsheet\fpsopendocument.pas(5034,36) Note: (6058) Call to subroutine "operator :=(const source:ShortInt):Variant;" marked as inline is not inlined
D:\works\OburecGH\Lazarus\third_party\fpspreadsheet\fpsopendocument.pas(251,8) Hint: (5028) Local const "OPENDOC_PATH_METAINF" is not used
(3104) Compiling D:\works\OburecGH\Lazarus\third_party\fpspreadsheet\fpscsv.pas
(3104) Compiling D:\works\OburecGH\Lazarus\third_party\fpspreadsheet\fpscsvdocument.pas
D:\works\OburecGH\Lazarus\third_party\fpspreadsheet\fpscsv.pas(89,8) Warning: (3177) Some fields coming after "FalseText" were not initialized
D:\works\OburecGH\Lazarus\third_party\fpspreadsheet\fpscsv.pas(450,14) Hint: (5091) Local variable "s" of a managed type does not seem to be initialized
D:\works\OburecGH\Lazarus\RecorderLnx\.\UI\uRecorderMeasurementSectionSettingsDialog.pas(407,54) Warning: (5043) Symbol "DecimalSeparator" is deprecated
D:\works\OburecGH\Lazarus\RecorderLnx\.\UI\uRecorderMeasurementSectionSettingsDialog.pas(408,54) Warning: (5043) Symbol "DecimalSeparator" is deprecated
D:\works\OburecGH\Lazarus\RecorderLnx\.\UI\uRecorderMeasurementSectionSettingsDialog.pas(74,30) Hint: (5024) Parameter "Sender" not used
D:\works\OburecGH\Lazarus\RecorderLnx\.\UI\uRecorderMeasurementSectionSettingsDialog.pas(63,24) Hint: (5024) Parameter "Sender" not used
D:\works\OburecGH\Lazarus\RecorderLnx\.\UI\uRecorderMeasurementSectionSettingsDialog.pas(64,27) Hint: (5024) Parameter "Sender" not used
D:\works\OburecGH\Lazarus\RecorderLnx\.\UI\uRecorderMeasurementSectionSettingsDialog.pas(66,28) Hint: (5024) Parameter "Sender" not used
D:\works\OburecGH\Lazarus\RecorderLnx\.\UI\uRecorderMeasurementSectionSettingsDialog.pas(67,28) Hint: (5024) Parameter "Sender" not used
D:\works\OburecGH\Lazarus\RecorderLnx\.\UI\uRecorderMeasurementSectionSettingsDialog.pas(68,7) Hint: (5024) Parameter "State" not used
D:\works\OburecGH\Lazarus\RecorderLnx\.\UI\uRecorderMeasurementSectionSettingsDialog.pas(75,31) Hint: (5024) Parameter "Sender" not used
D:\works\OburecGH\Lazarus\RecorderLnx\.\UI\uRecorderMeasurementSectionSettingsDialog.pas(76,31) Hint: (5024) Parameter "Sender" not used
D:\works\OburecGH\Lazarus\RecorderLnx\.\UI\uRecorderMeasurementSectionSettingsDialog.pas(77,23) Hint: (5024) Parameter "Sender" not used
D:\works\OburecGH\Lazarus\RecorderLnx\.\UI\uRecorderMeasurementSectionSettingsDialog.pas(65,27) Hint: (5024) Parameter "Sender" not used
D:\works\OburecGH\Lazarus\RecorderLnx\.\UI\uRecorderMeasurementSectionSettingsDialog.pas(69,27) Hint: (5024) Parameter "Sender" not used
D:\works\OburecGH\Lazarus\RecorderLnx\.\UI\uRecorderMeasurementSectionSettingsDialog.pas(70,30) Hint: (5024) Parameter "Sender" not used
(3104) Compiling .\UI\uRecorderInputFieldSettingsDialog.pas
(3104) Compiling .\UI\uRecorderVibrationEstimateSettingsDialog.pas
(3104) Compiling .\UI\uRecorderTagPickerDialog.pas
D:\works\OburecGH\Lazarus\RecorderLnx\.\UI\uRecorderTagPickerDialog.pas(37,29) Hint: (5024) Parameter "Sender" not used
D:\works\OburecGH\Lazarus\RecorderLnx\.\UI\uRecorderTagPickerDialog.pas(38,31) Hint: (5024) Parameter "Sender" not used
D:\works\OburecGH\Lazarus\RecorderLnx\.\UI\uRecorderVibrationEstimateSettingsDialog.pas(34,15) Note: (3250) Virtual method "Click;" has a lower visibility (protected) than parent class TCustomButton (public)
D:\works\OburecGH\Lazarus\RecorderLnx\.\UI\uRecorderVibrationEstimateSettingsDialog.pas(46,15) Note: (3250) Virtual method "Click;" has a lower visibility (protected) than parent class TCustomButton (public)
D:\works\OburecGH\Lazarus\RecorderLnx\.\UI\uComponentSettingsDialog.pas(137,71) Warning: (4104) Implicit string type conversion from "AnsiString" to "UnicodeString"
D:\works\OburecGH\Lazarus\RecorderLnx\.\UI\uComponentSettingsDialog.pas(137,76) Warning: (4105) Implicit string type conversion with potential data loss from "UnicodeString" to "TTranslateString"
D:\works\OburecGH\Lazarus\RecorderLnx\.\UI\uComponentSettingsDialog.pas(47,31) Hint: (5024) Parameter "Sender" not used
D:\works\OburecGH\Lazarus\RecorderLnx\.\UI\uComponentSettingsDialog.pas(48,36) Hint: (5024) Parameter "Sender" not used
D:\works\OburecGH\Lazarus\RecorderLnx\.\UI\uComponentSettingsDialog.pas(46,31) Hint: (5024) Parameter "Sender" not used
D:\works\OburecGH\Lazarus\RecorderLnx\.\UI\uComponentSettingsDialog.pas(50,35) Hint: (5024) Parameter "Sender" not used
D:\works\OburecGH\Lazarus\RecorderLnx\.\UI\uComponentSettingsDialog.pas(51,45) Hint: (5024) Parameter "Sender" not used
D:\works\OburecGH\Lazarus\RecorderLnx\.\UI\uComponentSettingsDialog.pas(52,33) Hint: (5024) Parameter "Sender" not used
D:\works\OburecGH\Lazarus\RecorderLnx\.\UI\uComponentSettingsDialog.pas(53,43) Hint: (5024) Parameter "Sender" not used
D:\works\OburecGH\Lazarus\RecorderLnx\.\UI\uComponentSettingsDialog.pas(54,30) Hint: (5024) Parameter "Sender" not used
D:\works\OburecGH\Lazarus\RecorderLnx\.\UI\uComponentSettingsDialog.pas(45,38) Hint: (5024) Parameter "Sender" not used
D:\works\OburecGH\Lazarus\RecorderLnx\.\UI\uComponentSettingsDialog.pas(49,29) Hint: (5024) Parameter "Sender" not used
(3104) Compiling .\UI\uRecorderMeasurementSectionView.pas
D:\works\OburecGH\Lazarus\RecorderLnx\.\UI\uRecorderMeasurementSectionView.pas(27,28) Hint: (5024) Parameter "Sender" not used
D:\works\OburecGH\Lazarus\RecorderLnx\.\UI\uRecorderMeasurementSectionView.pas(31,33) Hint: (5024) Parameter "Sender" not used
D:\works\OburecGH\Lazarus\RecorderLnx\.\UI\uRecorderMeasurementSectionView.pas(36,25) Hint: (5024) Parameter "Sender" not used
D:\works\OburecGH\Lazarus\RecorderLnx\.\UI\uRecorderMeasurementSectionView.pas(64,7) Hint: (5024) Parameter "ADisplaySeconds" not used
D:\works\OburecGH\Lazarus\RecorderLnx\.\UI\uRecorderMeasurementSectionView.pas(54,25) Hint: (5024) Parameter "Sender" not used
D:\works\OburecGH\Lazarus\RecorderLnx\.\UI\uRecorderMeasurementSectionView.pas(55,30) Hint: (5024) Parameter "Sender" not used
D:\works\OburecGH\Lazarus\RecorderLnx\.\UI\uFormEditorController.pas(951,3) Note: (5025) Local variable "lShape" not used
D:\works\OburecGH\Lazarus\RecorderLnx\.\UI\uFormEditorController.pas(954,3) Note: (5025) Local variable "lOsc" not used
D:\works\OburecGH\Lazarus\RecorderLnx\.\UI\uFormEditorController.pas(972,3) Note: (5025) Local variable "lSelectionContainsImage" not used
D:\works\OburecGH\Lazarus\RecorderLnx\.\UI\uFormEditorController.pas(1397,18) Hint: (4055) Conversion between ordinals and pointers is not portable
D:\works\OburecGH\Lazarus\RecorderLnx\.\UI\uFormEditorController.pas(1399,10) Hint: (4055) Conversion between ordinals and pointers is not portable
D:\works\OburecGH\Lazarus\RecorderLnx\.\UI\uFormEditorController.pas(1401,22) Hint: (4055) Conversion between ordinals and pointers is not portable
D:\works\OburecGH\Lazarus\RecorderLnx\.\UI\uFormEditorController.pas(1429,21) Hint: (4055) Conversion between ordinals and pointers is not portable
D:\works\OburecGH\Lazarus\RecorderLnx\.\UI\uFormEditorController.pas(1453,49) Hint: (4055) Conversion between ordinals and pointers is not portable
D:\works\OburecGH\Lazarus\RecorderLnx\.\UI\uFormEditorController.pas(1638,44) Hint: (4055) Conversion between ordinals and pointers is not portable
D:\works\OburecGH\Lazarus\RecorderLnx\.\UI\uFormEditorController.pas(186,31) Hint: (5024) Parameter "Sender" not used
D:\works\OburecGH\Lazarus\RecorderLnx\.\UI\uFormEditorController.pas(186,48) Hint: (5024) Parameter "Shift" not used
D:\works\OburecGH\Lazarus\RecorderLnx\.\UI\uFormEditorController.pas(187,29) Hint: (5024) Parameter "Sender" not used
D:\works\OburecGH\Lazarus\RecorderLnx\.\UI\uFormEditorController.pas(188,7) Hint: (5024) Parameter "Shift" not used
D:\works\OburecGH\Lazarus\RecorderLnx\.\UI\uFormEditorController.pas(193,47) Hint: (5024) Parameter "Shift" not used
D:\works\OburecGH\Lazarus\RecorderLnx\.\UI\uFormEditorController.pas(192,7) Hint: (5024) Parameter "Shift" not used
D:\works\OburecGH\Lazarus\RecorderLnx\.\UI\uFormEditorController.pas(195,7) Hint: (5024) Parameter "Shift" not used
D:\works\OburecGH\Lazarus\RecorderLnx\.\UI\uFormEditorController.pas(197,7) Hint: (5024) Parameter "Shift" not used
D:\works\OburecGH\Lazarus\RecorderLnx\.\UI\uFormEditorController.pas(1915,42) Hint: (4055) Conversion between ordinals and pointers is not portable
D:\works\OburecGH\Lazarus\RecorderLnx\.\UI\uFormEditorController.pas(1991,29) Hint: (4055) Conversion between ordinals and pointers is not portable
D:\works\OburecGH\Lazarus\RecorderLnx\.\UI\uFormEditorController.pas(2047,23) Hint: (4055) Conversion between ordinals and pointers is not portable
D:\works\OburecGH\Lazarus\RecorderLnx\.\UI\uFormEditorController.pas(2225,25) Hint: (4055) Conversion between ordinals and pointers is not portable
D:\works\OburecGH\Lazarus\RecorderLnx\.\UI\uFormEditorController.pas(2339,21) Hint: (4055) Conversion between ordinals and pointers is not portable
D:\works\OburecGH\Lazarus\RecorderLnx\.\UI\uFormEditorController.pas(2530,45) Hint: (4055) Conversion between ordinals and pointers is not portable
D:\works\OburecGH\Lazarus\RecorderLnx\.\UI\uFormEditorController.pas(2612,23) Hint: (4055) Conversion between ordinals and pointers is not portable
D:\works\OburecGH\Lazarus\RecorderLnx\.\UI\uFormEditorController.pas(2665,21) Hint: (4055) Conversion between ordinals and pointers is not portable
D:\works\OburecGH\Lazarus\RecorderLnx\.\UI\uFormEditorController.pas(2773,31) Hint: (4055) Conversion between ordinals and pointers is not portable
D:\works\OburecGH\Lazarus\RecorderLnx\.\UI\uFormEditorController.pas(2794,19) Hint: (4055) Conversion between ordinals and pointers is not portable
D:\works\OburecGH\Lazarus\RecorderLnx\.\UI\uFormEditorController.pas(2805,29) Hint: (4055) Conversion between ordinals and pointers is not portable
D:\works\OburecGH\Lazarus\RecorderLnx\.\UI\uFormEditorController.pas(2829,21) Hint: (4055) Conversion between ordinals and pointers is not portable
D:\works\OburecGH\Lazarus\RecorderLnx\.\UI\uFormEditorController.pas(2950,39) Hint: (4055) Conversion between ordinals and pointers is not portable
D:\works\OburecGH\Lazarus\RecorderLnx\.\UI\uFormEditorController.pas(2959,41) Hint: (4055) Conversion between ordinals and pointers is not portable
(3104) Compiling .\UI\uDetachedMnemonicForm.pas
(3104) Compiling .\UI\uRecorderCommandImages.pas
(3104) Compiling .\UI\uRecorderComponentToolGroup.pas
D:\works\OburecGH\Lazarus\RecorderLnx\.\UI\uRecorderComponentToolGroup.pas(35,24) Hint: (5024) Parameter "Sender" not used
D:\works\OburecGH\Lazarus\RecorderLnx\.\UI\uRecorderComponentToolGroup.pas(245,54) Hint: (4055) Conversion between ordinals and pointers is not portable
D:\works\OburecGH\Lazarus\RecorderLnx\.\UI\uRecorderComponentToolGroup.pas(261,27) Hint: (4055) Conversion between ordinals and pointers is not portable
D:\works\OburecGH\Lazarus\RecorderLnx\.\UI\uRecorderComponentToolGroup.pas(263,54) Hint: (4055) Conversion between ordinals and pointers is not portable
D:\works\OburecGH\Lazarus\RecorderLnx\.\UI\uRecorderComponentToolGroup.pas(70,28) Hint: (5024) Parameter "Sender" not used
D:\works\OburecGH\Lazarus\RecorderLnx\.\UI\uDetachedMnemonicForm.pas(47,28) Hint: (5024) Parameter "Sender" not used
D:\works\OburecGH\Lazarus\RecorderLnx\.\UI\uDetachedMnemonicForm.pas(48,29) Hint: (5024) Parameter "Sender" not used
D:\works\OburecGH\Lazarus\RecorderLnx\.\UI\uDetachedMnemonicForm.pas(49,27) Hint: (5024) Parameter "Sender" not used
D:\works\OburecGH\Lazarus\RecorderLnx\.\UI\uDetachedMnemonicForm.pas(50,29) Hint: (5024) Parameter "Sender" not used
D:\works\OburecGH\Lazarus\RecorderLnx\.\UI\uDetachedMnemonicForm.pas(51,32) Hint: (5024) Parameter "Sender" not used
D:\works\OburecGH\Lazarus\RecorderLnx\.\UI\uDetachedMnemonicForm.pas(52,31) Hint: (5024) Parameter "Sender" not used
D:\works\OburecGH\Lazarus\RecorderLnx\.\UI\uDetachedMnemonicForm.pas(53,32) Hint: (5024) Parameter "Sender" not used
D:\works\OburecGH\Lazarus\RecorderLnx\.\UI\uDetachedMnemonicForm.pas(54,29) Hint: (5024) Parameter "Sender" not used
D:\works\OburecGH\Lazarus\RecorderLnx\.\UI\uDetachedMnemonicForm.pas(55,29) Hint: (5024) Parameter "Sender" not used
D:\works\OburecGH\Lazarus\RecorderLnx\.\UI\uDetachedMnemonicForm.pas(56,27) Hint: (5024) Parameter "Sender" not used
D:\works\OburecGH\Lazarus\RecorderLnx\.\UI\uDetachedMnemonicForm.pas(57,33) Hint: (5024) Parameter "Sender" not used
D:\works\OburecGH\Lazarus\RecorderLnx\.\UI\uDetachedMnemonicForm.pas(58,33) Hint: (5024) Parameter "Sender" not used
D:\works\OburecGH\Lazarus\RecorderLnx\.\UI\uDetachedMnemonicForm.pas(59,33) Hint: (5024) Parameter "Sender" not used
D:\works\OburecGH\Lazarus\RecorderLnx\.\UI\uDetachedMnemonicForm.pas(60,31) Hint: (5024) Parameter "Sender" not used
D:\works\OburecGH\Lazarus\RecorderLnx\.\UI\uDetachedMnemonicForm.pas(62,27) Hint: (5024) Parameter "Sender" not used
D:\works\OburecGH\Lazarus\RecorderLnx\.\UI\uDetachedMnemonicForm.pas(61,25) Hint: (5024) Parameter "Sender" not used
D:\works\OburecGH\Lazarus\RecorderLnx\.\UI\uDetachedMnemonicForm.pas(64,32) Hint: (5024) Parameter "Sender" not used
D:\works\OburecGH\Lazarus\RecorderLnx\.\UI\uDetachedMnemonicForm.pas(397,35) Hint: (5057) Local variable "lIntersection" does not seem to be initialized
(3104) Compiling .\UI\uRecorderSettingsDialog.pas
(3104) Compiling .\UI\uTagSettingsDialog.pas
D:\works\OburecGH\Lazarus\RecorderLnx\.\UI\uTagSettingsDialog.pas(15,24) Warning: (2005) Comment level 2 found
(3104) Compiling .\Device\MIC140\uRecorderMic140DataSource.pas
(3104) Compiling .\Device\MIC140\uRecorderMic140Utils.pas
(3104) Compiling .\Device\MIC140\uRecorderMic140StreamTypes.pas
D:\works\OburecGH\Lazarus\RecorderLnx\.\Device\MIC140\uRecorderMic140Utils.pas(36,19) Warning: (2005) Comment level 2 found
D:\works\OburecGH\Lazarus\RecorderLnx\.\Device\MIC140\uRecorderMic140Utils.pas(36,27) Warning: (2005) Comment level 2 found
(3104) Compiling .\Device\MIC140\uRecorderMic140LegacyConstants.pas
D:\works\OburecGH\Lazarus\RecorderLnx\.\Device\MIC140\uRecorderMic140Utils.pas(321,32) Hint: (5057) Local variable "lWsaData" does not seem to be initialized
D:\works\OburecGH\Lazarus\RecorderLnx\.\Device\MIC140\uRecorderMic140Utils.pas(332,21) Hint: (5057) Local variable "lAddr" does not seem to be initialized
D:\works\OburecGH\Lazarus\RecorderLnx\.\Device\MIC140\uRecorderMic140Utils.pas(347,24) Hint: (5057) Local variable "lTimeVal" does not seem to be initialized
D:\works\OburecGH\Lazarus\RecorderLnx\.\Device\MIC140\uRecorderMic140Utils.pas(350,24) Hint: (5057) Local variable "lWriteSet" does not seem to be initialized
(3104) Compiling .\Device\MIC140\uRecorderMic140DeviceApi.pas
(3104) Compiling .\Device\MIC140\utils\uRecorderMic140WireTypes.pas
D:\works\OburecGH\Lazarus\RecorderLnx\.\Device\MIC140\utils\uRecorderMic140WireTypes.pas(21,89) Warning: (2005) Comment level 2 found
D:\works\OburecGH\Lazarus\RecorderLnx\.\Device\MIC140\uRecorderMic140DataSource.pas(130,15) Note: (3250) Virtual method "PrepareHardware;" has a lower visibility (protected) than parent class TRecorderDataSourceBase (public)
(3104) Compiling .\Core\uRecorderMeraSdbThermocouples.pas
(3104) Compiling .\SDB\uRecorderSdbStore.pas
(3104) Compiling D:\works\OburecGH\Lazarus\SharedUtils\uBaseObjLaz.pas
(3104) Compiling .\SDB\uRecorderSdbTypes.pas
D:\works\OburecGH\Lazarus\RecorderLnx\.\SDB\uRecorderSdbTypes.pas(5,20) Warning: (2005) Comment level 2 found
(3104) Compiling .\SDB\uRecorderSdbPropBag.pas
(3104) Compiling D:\works\OburecGH\Lazarus\SharedUtils\uSharedStringEncoding.pas
D:\works\OburecGH\Lazarus\RecorderLnx\.\SDB\uRecorderSdbStore.pas(547,9) Warning: (4104) Implicit string type conversion from "AnsiString" to "UnicodeString"
D:\works\OburecGH\Lazarus\RecorderLnx\.\SDB\uRecorderSdbStore.pas(546,99) Warning: (4105) Implicit string type conversion with potential data loss from "UnicodeString" to "AnsiString"
D:\works\OburecGH\Lazarus\RecorderLnx\.\SDB\uRecorderSdbStore.pas(958,3) Note: (5027) Local variable "lCsvPath" is assigned but never used
D:\works\OburecGH\Lazarus\RecorderLnx\.\SDB\uRecorderSdbStore.pas(963,3) Note: (5027) Local variable "lXmlPath" is assigned but never used
(3104) Compiling .\Device\MIC140\uRecorderMic140LegacyTiming.pas
(3104) Compiling .\Core\uRecorderFrequencyGrids.pas
D:\works\OburecGH\Lazarus\RecorderLnx\.\Core\uRecorderFrequencyGrids.pas(74,18) Hint: (5092) Variable "AGrid" of a managed type does not seem to be initialized
(3104) Compiling .\Device\MIC140\uRecorderMic140Thermocouple.pas
(3104) Compiling .\Device\MIC140\uRecorderMic140StreamHelpers.pas
D:\works\OburecGH\Lazarus\RecorderLnx\.\Device\MIC140\uRecorderMic140StreamHelpers.pas(202,19) Hint: (5058) Variable "ASubRaw" does not seem to be initialized
D:\works\OburecGH\Lazarus\RecorderLnx\.\Device\MIC140\uRecorderMic140StreamHelpers.pas(44,3) Hint: (5028) Local const "CMic140MisalignSatThreshold" is not used
(3104) Compiling .\Device\MIC140\uRecorderMic140DeviceConfig.pas
(3104) Compiling .\Core\uRecorderProjectFiles.pas
D:\works\OburecGH\Lazarus\RecorderLnx\.\Core\uRecorderProjectFiles.pas(626,3) Note: (5025) Local variable "lTerm" not used
D:\works\OburecGH\Lazarus\RecorderLnx\.\Core\uRecorderProjectFiles.pas(1962,51) Warning: (4104) Implicit string type conversion from "AnsiString" to "UnicodeString"
D:\works\OburecGH\Lazarus\RecorderLnx\.\Core\uRecorderProjectFiles.pas(1962,66) Warning: (4105) Implicit string type conversion with potential data loss from "UnicodeString" to "AnsiString"
D:\works\OburecGH\Lazarus\RecorderLnx\.\Device\MIC140\uRecorderMic140DeviceConfig.pas(140,3) Hint: (5024) Parameter "ADevSubRev" not used
D:\works\OburecGH\Lazarus\RecorderLnx\.\Device\MIC140\uRecorderMic140DeviceConfig.pas(102,3) Hint: (5024) Parameter "ARegistry" not used
D:\works\OburecGH\Lazarus\RecorderLnx\.\Device\MIC140\uRecorderMic140DeviceConfig.pas(611,19) Hint: (5092) Variable "AFields" of a managed type does not seem to be initialized
D:\works\OburecGH\Lazarus\RecorderLnx\.\Device\MIC140\uRecorderMic140DeviceConfig.pas(652,30) Warning: (4045) Comparison might be always true due to range of constant and expression
D:\works\OburecGH\Lazarus\RecorderLnx\.\Device\MIC140\uRecorderMic140DeviceConfig.pas(129,54) Hint: (5024) Parameter "ARegistry" not used
D:\works\OburecGH\Lazarus\RecorderLnx\.\Device\MIC140\uRecorderMic140DeviceConfig.pas(1086,41) Hint: (5024) Parameter "AJson" not used
D:\works\OburecGH\Lazarus\RecorderLnx\.\Device\MIC140\uRecorderMic140DeviceConfig.pas(18,3) Hint: (5023) Unit "uRecorderDeviceInterfaces" not used in uRecorderMic140DeviceConfig
D:\works\OburecGH\Lazarus\RecorderLnx\.\Device\MIC140\uRecorderMic140DeviceConfig.pas(151,9) Hint: (5023) Unit "StrUtils" not used in uRecorderMic140DeviceConfig
(3104) Compiling .\Device\MIC140\uRecorderMic140Calibration.pas
(3104) Compiling .\Device\MIC140\uRecorderMic140Flash.pas
(3104) Compiling .\Device\MIC140\uRecorderMic140FlashConstants.pas
(3104) Compiling .\Device\MIC140\uRecorderMic140MebiusConstants.pas
D:\works\OburecGH\Lazarus\RecorderLnx\.\Device\MIC140\uRecorderMic140Flash.pas(123,19) Hint: (5094) Function result variable of a managed type does not seem to be initialized
D:\works\OburecGH\Lazarus\RecorderLnx\.\Device\MIC140\uRecorderMic140Flash.pas(158,26) Hint: (5058) Variable "AEntries" does not seem to be initialized
D:\works\OburecGH\Lazarus\RecorderLnx\.\Device\MIC140\uRecorderMic140Flash.pas(200,22) Hint: (5091) Local variable "lDirBytes" of a managed type does not seem to be initialized
D:\works\OburecGH\Lazarus\RecorderLnx\.\Device\MIC140\uRecorderMic140Flash.pas(209,21) Hint: (5091) Local variable "lEntries" of a managed type does not seem to be initialized
D:\works\OburecGH\Lazarus\RecorderLnx\.\Device\MIC140\uRecorderMic140Flash.pas(62,20) Hint: (5024) Parameter "AMaxTinChannels" not used
D:\works\OburecGH\Lazarus\RecorderLnx\.\Device\MIC140\uRecorderMic140Flash.pas(430,17) Hint: (5058) Variable "ATare" does not seem to be initialized
D:\works\OburecGH\Lazarus\RecorderLnx\.\Device\MIC140\uRecorderMic140Flash.pas(443,24) Hint: (5057) Local variable "lCandidate" does not seem to be initialized
D:\works\OburecGH\Lazarus\RecorderLnx\.\Device\MIC140\uRecorderMic140Flash.pas(506,17) Hint: (5058) Variable "ATare" does not seem to be initialized
D:\works\OburecGH\Lazarus\RecorderLnx\.\Device\MIC140\uRecorderMic140Flash.pas(519,24) Hint: (5057) Local variable "lCandidate" does not seem to be initialized
D:\works\OburecGH\Lazarus\RecorderLnx\.\Device\MIC140\uRecorderMic140Flash.pas(89,3) Hint: (5023) Unit "Math" not used in uRecorderMic140Flash
D:\works\OburecGH\Lazarus\RecorderLnx\.\Device\MIC140\uRecorderMic140Flash.pas(89,9) Hint: (5023) Unit "StrUtils" not used in uRecorderMic140Flash
(3104) Compiling .\Device\MIC140\uRecorderMic140Protocol.pas
(3104) Compiling .\Device\MIC140\utils\uRecorderMic140Timing.pas
(3104) Compiling .\Device\MIC140\utils\uRecorderMic140Consts.pas
D:\works\OburecGH\Lazarus\RecorderLnx\.\Device\MIC140\uRecorderMic140Protocol.pas(309,29) Hint: (5057) Local variable "lBuf" does not seem to be initialized
D:\works\OburecGH\Lazarus\RecorderLnx\.\Device\MIC140\uRecorderMic140Protocol.pas(429,18) Hint: (5058) Variable "AUts" does not seem to be initialized
D:\works\OburecGH\Lazarus\RecorderLnx\.\Device\MIC140\uRecorderMic140Protocol.pas(472,5) Warning: (6018) unreachable code
D:\works\OburecGH\Lazarus\RecorderLnx\.\Device\MIC140\uRecorderMic140Protocol.pas(533,18) Hint: (5057) Local variable "lUts" does not seem to be initialized
D:\works\OburecGH\Lazarus\RecorderLnx\.\Device\MIC140\uRecorderMic140Protocol.pas(577,13) Hint: (5092) Variable "ABlock" of a managed type does not seem to be initialized
D:\works\OburecGH\Lazarus\RecorderLnx\.\Device\MIC140\uRecorderMic140Protocol.pas(725,20) Hint: (5092) Variable "AVerdict" of a managed type does not seem to be initialized
D:\works\OburecGH\Lazarus\RecorderLnx\.\Device\MIC140\uRecorderMic140Protocol.pas(950,19) Hint: (5091) Local variable "lBytes" of a managed type does not seem to be initialized
D:\works\OburecGH\Lazarus\RecorderLnx\.\Device\MIC140\uRecorderMic140Protocol.pas(980,19) Hint: (5092) Variable "AWords" of a managed type does not seem to be initialized
D:\works\OburecGH\Lazarus\RecorderLnx\.\Device\MIC140\uRecorderMic140Protocol.pas(1043,19) Hint: (5092) Variable "ARet" of a managed type does not seem to be initialized
D:\works\OburecGH\Lazarus\RecorderLnx\.\Device\MIC140\uRecorderMic140Protocol.pas(1047,25) Hint: (5091) Local variable "lRequest" of a managed type does not seem to be initialized
D:\works\OburecGH\Lazarus\RecorderLnx\.\Device\MIC140\uRecorderMic140Protocol.pas(1119,20) Hint: (5091) Local variable "lArgs" of a managed type does not seem to be initialized
D:\works\OburecGH\Lazarus\RecorderLnx\.\Device\MIC140\uRecorderMic140Protocol.pas(1167,19) Hint: (5092) Variable "AWords" of a managed type does not seem to be initialized
D:\works\OburecGH\Lazarus\RecorderLnx\.\Device\MIC140\uRecorderMic140Protocol.pas(1176,20) Hint: (5091) Local variable "lArgs" of a managed type does not seem to be initialized
D:\works\OburecGH\Lazarus\RecorderLnx\.\Device\MIC140\uRecorderMic140Protocol.pas(1203,18) Hint: (5091) Local variable "lArgs" of a managed type does not seem to be initialized
D:\works\OburecGH\Lazarus\RecorderLnx\.\Device\MIC140\uRecorderMic140Protocol.pas(1223,21) Hint: (5058) Variable "AFirmware" does not seem to be initialized
D:\works\OburecGH\Lazarus\RecorderLnx\.\Device\MIC140\uRecorderMic140Protocol.pas(1298,20) Hint: (5091) Local variable "lArgs" of a managed type does not seem to be initialized
D:\works\OburecGH\Lazarus\RecorderLnx\.\Device\MIC140\uRecorderMic140Protocol.pas(1329,13) Hint: (5092) Variable "ABlock" of a managed type does not seem to be initialized
D:\works\OburecGH\Lazarus\RecorderLnx\.\Device\MIC140\uRecorderMic140Calibration.pas(796,17) Hint: (5057) Local variable "lTare" does not seem to be initialized
D:\works\OburecGH\Lazarus\RecorderLnx\.\Device\MIC140\uRecorderMic140Calibration.pas(797,18) Hint: (5057) Local variable "lTare2" does not seem to be initialized
D:\works\OburecGH\Lazarus\RecorderLnx\.\Device\MIC140\uRecorderMic140Calibration.pas(58,3) Hint: (5023) Unit "Math" not used in uRecorderMic140Calibration
(3104) Compiling .\Device\MIC140\uRecorderMic140Factory.pas
(3104) Compiling .\Device\MIC140\uRecorderMic140Scan.pas
(3104) Compiling .\Device\MIC140\utils\uRecorderMic140ChanDesc.pas
D:\works\OburecGH\Lazarus\RecorderLnx\.\Device\MIC140\utils\uRecorderMic140ChanDesc.pas(193,16) Hint: (5057) Local variable "lReg" does not seem to be initialized
D:\works\OburecGH\Lazarus\RecorderLnx\.\Device\MIC140\utils\uRecorderMic140ChanDesc.pas(387,51) Hint: (5057) Local variable "lCode" does not seem to be initialized
D:\works\OburecGH\Lazarus\RecorderLnx\.\Device\MIC140\utils\uRecorderMic140ChanDesc.pas(395,43) Hint: (5057) Local variable "lCode" does not seem to be initialized
D:\works\OburecGH\Lazarus\RecorderLnx\.\Device\MIC140\utils\uRecorderMic140ChanDesc.pas(404,59) Hint: (5057) Local variable "lCode" does not seem to be initialized
(3104) Compiling .\Device\MIC140\utils\uRecorderMic140Helper.pas
D:\works\OburecGH\Lazarus\RecorderLnx\.\Device\MIC140\utils\uRecorderMic140Helper.pas(49,27) Hint: (5057) Local variable "wsa" does not seem to be initialized
D:\works\OburecGH\Lazarus\RecorderLnx\.\Device\MIC140\utils\uRecorderMic140Helper.pas(59,20) Hint: (5057) Local variable "addr" does not seem to be initialized
D:\works\OburecGH\Lazarus\RecorderLnx\.\Device\MIC140\utils\uRecorderMic140Helper.pas(70,18) Hint: (5057) Local variable "tv" does not seem to be initialized
D:\works\OburecGH\Lazarus\RecorderLnx\.\Device\MIC140\utils\uRecorderMic140Helper.pas(73,17) Hint: (5057) Local variable "ws" does not seem to be initialized
(3104) Compiling .\Device\MIC140\utils\uRecorderMic140Diag.pas
D:\works\OburecGH\Lazarus\RecorderLnx\.\Device\MIC140\utils\uRecorderMic140Diag.pas(155,43) Hint: (5024) Parameter "AChannelIndex" not used
D:\works\OburecGH\Lazarus\RecorderLnx\.\Device\MIC140\uRecorderMic140Scan.pas(303,17) Hint: (5091) Local variable "args" of a managed type does not seem to be initialized
D:\works\OburecGH\Lazarus\RecorderLnx\.\Device\MIC140\uRecorderMic140Scan.pas(424,17) Hint: (5091) Local variable "args" of a managed type does not seem to be initialized
D:\works\OburecGH\Lazarus\RecorderLnx\.\Device\MIC140\uRecorderMic140Scan.pas(514,17) Hint: (5091) Local variable "desc" of a managed type does not seem to be initialized
D:\works\OburecGH\Lazarus\RecorderLnx\.\Device\MIC140\uRecorderMic140Scan.pas(638,21) Hint: (5091) Local variable "chanDump" of a managed type does not seem to be initialized
D:\works\OburecGH\Lazarus\RecorderLnx\.\Device\MIC140\uRecorderMic140Scan.pas(97,3) Hint: (5028) Local const "CNormalDesc" is not used
D:\works\OburecGH\Lazarus\RecorderLnx\.\Device\MIC140\uRecorderMic140Scan.pas(14,19) Hint: (5023) Unit "StrUtils" not used in uRecorderMic140Scan
D:\works\OburecGH\Lazarus\RecorderLnx\.\Device\MIC140\uRecorderMic140Scan.pas(18,51) Hint: (5023) Unit "uRecorderMic140Helper" not used in uRecorderMic140Scan
(3104) Compiling .\Device\MIC140\uRecorderMic140Device.pas
(3104) Compiling .\Device\uRecorderDeviceDataThread.pas
D:\works\OburecGH\Lazarus\RecorderLnx\.\Device\uRecorderDeviceDataThread.pas(346,40) Hint: (5092) Variable "ABlock" of a managed type does not seem to be initialized
(3104) Compiling .\Device\MIC140\uRecorderMic140Stream.pas
D:\works\OburecGH\Lazarus\RecorderLnx\.\Device\MIC140\uRecorderMic140Stream.pas(299,18) Hint: (5057) Local variable "lProbe" does not seem to be initialized
D:\works\OburecGH\Lazarus\RecorderLnx\.\Device\MIC140\uRecorderMic140Stream.pas(429,16) Hint: (5058) Variable "ARaw" does not seem to be initialized
D:\works\OburecGH\Lazarus\RecorderLnx\.\Device\MIC140\uRecorderMic140Stream.pas(503,28) Hint: (5057) Local variable "originalData" does not seem to be initialized
D:\works\OburecGH\Lazarus\RecorderLnx\.\Device\MIC140\uRecorderMic140Stream.pas(56,29) Hint: (5024) Parameter "AFreq" not used
(3104) Compiling .\Device\MIC140\uRecorderMic140DataThread.pas
D:\works\OburecGH\Lazarus\RecorderLnx\.\Device\MIC140\uRecorderMic140DataThread.pas(17,22) Hint: (5023) Unit "syncobjs" not used in uRecorderMic140DataThread
D:\works\OburecGH\Lazarus\RecorderLnx\.\Device\MIC140\uRecorderMic140Device.pas(209,20) Hint: (5092) Variable "AValues" of a managed type does not seem to be initialized
D:\works\OburecGH\Lazarus\RecorderLnx\.\Device\MIC140\uRecorderMic140Device.pas(129,34) Hint: (5024) Parameter "AAction" not used
D:\works\OburecGH\Lazarus\RecorderLnx\.\Device\MIC140\uRecorderMic140Device.pas(130,13) Hint: (5024) Parameter "AChannelIndices" not used
D:\works\OburecGH\Lazarus\RecorderLnx\.\Device\MIC140\uRecorderMic140Device.pas(219,21) Hint: (5058) Variable "AFirmware" does not seem to be initialized
D:\works\OburecGH\Lazarus\RecorderLnx\.\Device\MIC140\uRecorderMic140Device.pas(387,24) Note: (6058) Call to subroutine "operator :=(const source:AnsiString):Variant;" marked as inline is not inlined
D:\works\OburecGH\Lazarus\RecorderLnx\.\Device\MIC140\uRecorderMic140Device.pas(388,24) Note: (6058) Call to subroutine "operator :=(const source:AnsiString):Variant;" marked as inline is not inlined
D:\works\OburecGH\Lazarus\RecorderLnx\.\Device\MIC140\uRecorderMic140Device.pas(389,24) Note: (6058) Call to subroutine "operator :=(const source:LongInt):Variant;" marked as inline is not inlined
D:\works\OburecGH\Lazarus\RecorderLnx\.\Device\MIC140\uRecorderMic140Device.pas(390,35) Note: (6058) Call to subroutine "operator :=(const source:Double):Variant;" marked as inline is not inlined
D:\works\OburecGH\Lazarus\RecorderLnx\.\Device\MIC140\uRecorderMic140Device.pas(391,32) Note: (6058) Call to subroutine "operator :=(const source:LongInt):Variant;" marked as inline is not inlined
D:\works\OburecGH\Lazarus\RecorderLnx\.\Device\MIC140\uRecorderMic140Device.pas(392,32) Note: (6058) Call to subroutine "operator :=(const source:LongInt):Variant;" marked as inline is not inlined
D:\works\OburecGH\Lazarus\RecorderLnx\.\Device\MIC140\uRecorderMic140Device.pas(393,32) Note: (6058) Call to subroutine "operator :=(const source:LongInt):Variant;" marked as inline is not inlined
D:\works\OburecGH\Lazarus\RecorderLnx\.\Device\MIC140\uRecorderMic140Device.pas(396,32) Note: (6058) Call to subroutine "operator :=(const source:LongInt):Variant;" marked as inline is not inlined
D:\works\OburecGH\Lazarus\RecorderLnx\.\Device\MIC140\uRecorderMic140Device.pas(401,33) Note: (6058) Call to subroutine "operator :=(const source:LongInt):Variant;" marked as inline is not inlined
D:\works\OburecGH\Lazarus\RecorderLnx\.\Device\MIC140\uRecorderMic140Device.pas(406,38) Note: (6058) Call to subroutine "operator :=(const source:LongInt):Variant;" marked as inline is not inlined
D:\works\OburecGH\Lazarus\RecorderLnx\.\Device\MIC140\uRecorderMic140Device.pas(409,40) Note: (6058) Call to subroutine "operator :=(const source:LongInt):Variant;" marked as inline is not inlined
D:\works\OburecGH\Lazarus\RecorderLnx\.\Device\MIC140\uRecorderMic140Device.pas(410,29) Note: (6058) Call to subroutine "operator :=(const source:ShortInt):Variant;" marked as inline is not inlined
D:\works\OburecGH\Lazarus\RecorderLnx\.\Device\MIC140\uRecorderMic140Device.pas(411,29) Note: (6058) Call to subroutine "operator :=(const source:ShortString):Variant;" marked as inline is not inlined
D:\works\OburecGH\Lazarus\RecorderLnx\.\Device\MIC140\uRecorderMic140Device.pas(428,18) Note: (6058) Call to subroutine "operator :=(const source:Variant):AnsiString;" marked as inline is not inlined
D:\works\OburecGH\Lazarus\RecorderLnx\.\Device\MIC140\uRecorderMic140Device.pas(434,14) Note: (6058) Call to subroutine "operator :=(const source:Variant):Double;" marked as inline is not inlined
D:\works\OburecGH\Lazarus\RecorderLnx\.\Device\MIC140\uRecorderMic140Device.pas(441,32) Note: (6058) Call to subroutine "operator :=(const source:Variant):Double;" marked as inline is not inlined
D:\works\OburecGH\Lazarus\RecorderLnx\.\Device\MIC140\uRecorderMic140Device.pas(447,14) Note: (6058) Call to subroutine "operator :=(const source:Variant):Double;" marked as inline is not inlined
D:\works\OburecGH\Lazarus\RecorderLnx\.\Device\MIC140\uRecorderMic140Device.pas(454,14) Note: (6058) Call to subroutine "operator :=(const source:Variant):Double;" marked as inline is not inlined
D:\works\OburecGH\Lazarus\RecorderLnx\.\Device\MIC140\uRecorderMic140Device.pas(466,14) Note: (6058) Call to subroutine "operator :=(const source:Variant):Double;" marked as inline is not inlined
D:\works\OburecGH\Lazarus\RecorderLnx\.\Device\MIC140\uRecorderMic140Device.pas(474,14) Note: (6058) Call to subroutine "operator :=(const source:Variant):Double;" marked as inline is not inlined
D:\works\OburecGH\Lazarus\RecorderLnx\.\Device\MIC140\uRecorderMic140Device.pas(482,14) Note: (6058) Call to subroutine "operator :=(const source:Variant):Double;" marked as inline is not inlined
D:\works\OburecGH\Lazarus\RecorderLnx\.\Device\MIC140\uRecorderMic140Device.pas(85,43) Hint: (5024) Parameter "AIndex" not used
D:\works\OburecGH\Lazarus\RecorderLnx\.\Device\MIC140\uRecorderMic140Device.pas(86,43) Hint: (5024) Parameter "AIndex" not used
D:\works\OburecGH\Lazarus\RecorderLnx\.\Device\MIC140\uRecorderMic140Device.pas(1044,18) Hint: (5091) Local variable "lArgs" of a managed type does not seem to be initialized
D:\works\OburecGH\Lazarus\RecorderLnx\.\Device\MIC140\uRecorderMic140Device.pas(1163,41) Hint: (5092) Variable "ABlock" of a managed type does not seem to be initialized
D:\works\OburecGH\Lazarus\RecorderLnx\.\Device\MIC140\uRecorderMic140Device.pas(1197,61) Hint: (5092) Variable "ABlock" of a managed type does not seem to be initialized
D:\works\OburecGH\Lazarus\RecorderLnx\.\Device\MIC140\uRecorderMic140Device.pas(1309,19) Hint: (5092) Variable "AMeans" of a managed type does not seem to be initialized
D:\works\OburecGH\Lazarus\RecorderLnx\.\Device\MIC140\uRecorderMic140Device.pas(1315,17) Hint: (5091) Local variable "sums" of a managed type does not seem to be initialized
D:\works\OburecGH\Lazarus\RecorderLnx\.\Device\MIC140\uRecorderMic140Device.pas(1316,16) Hint: (5091) Local variable "cnt" of a managed type does not seem to be initialized
D:\works\OburecGH\Lazarus\RecorderLnx\.\Device\MIC140\uRecorderMic140Device.pas(1317,16) Hint: (5091) Local variable "eff" of a managed type does not seem to be initialized
D:\works\OburecGH\Lazarus\RecorderLnx\.\Device\MIC140\uRecorderMic140Device.pas(1300,16) Note: (5025) Local variable "k" not used
(3104) Compiling .\Core\uRecorderHardwareTree.pas
D:\works\OburecGH\Lazarus\RecorderLnx\.\Core\uRecorderHardwareTree.pas(261,21) Hint: (5092) Variable "AEntries" of a managed type does not seem to be initialized
D:\works\OburecGH\Lazarus\RecorderLnx\.\Device\MIC140\uRecorderMic140DataSource.pas(439,23) Hint: (5024) Parameter "AChannelIndex" not used
D:\works\OburecGH\Lazarus\RecorderLnx\.\Device\MIC140\uRecorderMic140DataSource.pas(174,3) Hint: (5024) Parameter "ADevSubRev" not used
D:\works\OburecGH\Lazarus\RecorderLnx\.\Device\MIC140\uRecorderMic140DataSource.pas(727,3) Note: (5025) Local variable "lResolvedKey" not used
D:\works\OburecGH\Lazarus\RecorderLnx\.\Device\MIC140\uRecorderMic140DataSource.pas(112,45) Hint: (5024) Parameter "ATag" not used
D:\works\OburecGH\Lazarus\RecorderLnx\.\Device\MIC140\uRecorderMic140DataSource.pas(1304,28) Hint: (5091) Local variable "lChannelNumbers" of a managed type does not seem to be initialized
D:\works\OburecGH\Lazarus\RecorderLnx\.\Device\MIC140\uRecorderMic140DataSource.pas(1617,77) Note: (6058) Call to subroutine "operator :=(const source:LongInt):Variant;" marked as inline is not inlined
D:\works\OburecGH\Lazarus\RecorderLnx\.\Device\MIC140\uRecorderMic140DataSource.pas(1619,79) Note: (6058) Call to subroutine "operator :=(const source:LongInt):Variant;" marked as inline is not inlined
D:\works\OburecGH\Lazarus\RecorderLnx\.\Device\MIC140\uRecorderMic140DataSource.pas(1657,74) Note: (6058) Call to subroutine "operator :=(const source:LongInt):Variant;" marked as inline is not inlined
D:\works\OburecGH\Lazarus\RecorderLnx\.\Device\MIC140\uRecorderMic140DataSource.pas(1658,76) Note: (6058) Call to subroutine "operator :=(const source:LongInt):Variant;" marked as inline is not inlined
D:\works\OburecGH\Lazarus\RecorderLnx\.\Device\MIC140\uRecorderMic140DataSource.pas(1659,84) Note: (6058) Call to subroutine "operator :=(const source:LongInt):Variant;" marked as inline is not inlined
D:\works\OburecGH\Lazarus\RecorderLnx\.\Device\MIC140\uRecorderMic140DataSource.pas(1735,28) Note: (6058) Call to subroutine "operator :=(const source:LongInt):Variant;" marked as inline is not inlined
D:\works\OburecGH\Lazarus\RecorderLnx\.\Device\MIC140\uRecorderMic140DataSource.pas(1948,3) Note: (5025) Local variable "lSum" not used
D:\works\OburecGH\Lazarus\RecorderLnx\.\Device\MIC140\uRecorderMic140DataSource.pas(1950,3) Note: (5025) Local variable "lPreview" not used
D:\works\OburecGH\Lazarus\RecorderLnx\.\Device\MIC140\uRecorderMic140DataSource.pas(1951,3) Note: (5025) Local variable "lAll48" not used
D:\works\OburecGH\Lazarus\RecorderLnx\.\Device\MIC140\uRecorderMic140DataSource.pas(1952,3) Note: (5025) Local variable "lAll48S1" not used
D:\works\OburecGH\Lazarus\RecorderLnx\.\Device\MIC140\uRecorderMic140DataSource.pas(1953,3) Note: (5025) Local variable "lGood48" not used
D:\works\OburecGH\Lazarus\RecorderLnx\.\Device\MIC140\uRecorderMic140DataSource.pas(1954,3) Note: (5025) Local variable "lGood48S1" not used
D:\works\OburecGH\Lazarus\RecorderLnx\.\Device\MIC140\uRecorderMic140DataSource.pas(198,9) Hint: (5023) Unit "StrUtils" not used in uRecorderMic140DataSource
(3104) Compiling .\UI\uRecorderCalibrationAddDialog.pas
D:\works\OburecGH\Lazarus\RecorderLnx\.\UI\uRecorderCalibrationAddDialog.pas(18,26) Hint: (5024) Parameter "Sender" not used
D:\works\OburecGH\Lazarus\RecorderLnx\.\UI\uRecorderCalibrationAddDialog.pas(19,31) Hint: (5024) Parameter "Sender" not used
(3104) Compiling .\UI\uRecorderCalibrationPropertiesDialog.pas
D:\works\OburecGH\Lazarus\RecorderLnx\.\UI\uRecorderCalibrationPropertiesDialog.pas(61,26) Hint: (5024) Parameter "Sender" not used
D:\works\OburecGH\Lazarus\RecorderLnx\.\UI\uRecorderCalibrationPropertiesDialog.pas(404,26) Warning: (4104) Implicit string type conversion from "AnsiString" to "UnicodeString"
D:\works\OburecGH\Lazarus\RecorderLnx\.\UI\uRecorderCalibrationPropertiesDialog.pas(404,60) Warning: (4105) Implicit string type conversion with potential data loss from "UnicodeString" to "RawByteString"
D:\works\OburecGH\Lazarus\RecorderLnx\.\UI\uRecorderCalibrationPropertiesDialog.pas(404,61) Warning: (4105) Implicit string type conversion with potential data loss from "UnicodeString" to "TTranslateString"
D:\works\OburecGH\Lazarus\RecorderLnx\.\UI\uRecorderCalibrationPropertiesDialog.pas(408,26) Warning: (4104) Implicit string type conversion from "AnsiString" to "UnicodeString"
D:\works\OburecGH\Lazarus\RecorderLnx\.\UI\uRecorderCalibrationPropertiesDialog.pas(408,60) Warning: (4105) Implicit string type conversion with potential data loss from "UnicodeString" to "RawByteString"
D:\works\OburecGH\Lazarus\RecorderLnx\.\UI\uRecorderCalibrationPropertiesDialog.pas(408,61) Warning: (4105) Implicit string type conversion with potential data loss from "UnicodeString" to "TTranslateString"
D:\works\OburecGH\Lazarus\RecorderLnx\.\UI\uRecorderCalibrationPropertiesDialog.pas(413,72) Warning: (4104) Implicit string type conversion from "AnsiString" to "UnicodeString"
D:\works\OburecGH\Lazarus\RecorderLnx\.\UI\uRecorderCalibrationPropertiesDialog.pas(414,5) Warning: (4104) Implicit string type conversion from "AnsiString" to "UnicodeString"
D:\works\OburecGH\Lazarus\RecorderLnx\.\UI\uRecorderCalibrationPropertiesDialog.pas(414,20) Warning: (4105) Implicit string type conversion with potential data loss from "UnicodeString" to "RawByteString"
D:\works\OburecGH\Lazarus\RecorderLnx\.\UI\uRecorderCalibrationPropertiesDialog.pas(414,21) Warning: (4105) Implicit string type conversion with potential data loss from "UnicodeString" to "TTranslateString"
D:\works\OburecGH\Lazarus\RecorderLnx\.\UI\uRecorderCalibrationPropertiesDialog.pas(415,57) Warning: (4104) Implicit string type conversion from "AnsiString" to "UnicodeString"
D:\works\OburecGH\Lazarus\RecorderLnx\.\UI\uRecorderCalibrationPropertiesDialog.pas(415,70) Warning: (4105) Implicit string type conversion with potential data loss from "UnicodeString" to "RawByteString"
D:\works\OburecGH\Lazarus\RecorderLnx\.\UI\uRecorderCalibrationPropertiesDialog.pas(415,71) Warning: (4105) Implicit string type conversion with potential data loss from "UnicodeString" to "TTranslateString"
D:\works\OburecGH\Lazarus\RecorderLnx\.\UI\uRecorderCalibrationPropertiesDialog.pas(416,59) Warning: (4104) Implicit string type conversion from "AnsiString" to "UnicodeString"
D:\works\OburecGH\Lazarus\RecorderLnx\.\UI\uRecorderCalibrationPropertiesDialog.pas(416,74) Warning: (4105) Implicit string type conversion with potential data loss from "UnicodeString" to "RawByteString"
D:\works\OburecGH\Lazarus\RecorderLnx\.\UI\uRecorderCalibrationPropertiesDialog.pas(416,75) Warning: (4105) Implicit string type conversion with potential data loss from "UnicodeString" to "TTranslateString"
D:\works\OburecGH\Lazarus\RecorderLnx\.\UI\uRecorderCalibrationPropertiesDialog.pas(418,69) Warning: (4104) Implicit string type conversion from "AnsiString" to "UnicodeString"
D:\works\OburecGH\Lazarus\RecorderLnx\.\UI\uRecorderCalibrationPropertiesDialog.pas(419,32) Warning: (4104) Implicit string type conversion from "AnsiString" to "UnicodeString"
D:\works\OburecGH\Lazarus\RecorderLnx\.\UI\uRecorderCalibrationPropertiesDialog.pas(419,54) Warning: (4104) Implicit string type conversion from "AnsiString" to "UnicodeString"
D:\works\OburecGH\Lazarus\RecorderLnx\.\UI\uRecorderCalibrationPropertiesDialog.pas(419,76) Warning: (4104) Implicit string type conversion from "AnsiString" to "UnicodeString"
D:\works\OburecGH\Lazarus\RecorderLnx\.\UI\uRecorderCalibrationPropertiesDialog.pas(419,90) Warning: (4105) Implicit string type conversion with potential data loss from "UnicodeString" to "RawByteString"
D:\works\OburecGH\Lazarus\RecorderLnx\.\UI\uRecorderCalibrationPropertiesDialog.pas(420,3) Warning: (4105) Implicit string type conversion with potential data loss from "UnicodeString" to "TTranslateString"
D:\works\OburecGH\Lazarus\RecorderLnx\.\UI\uRecorderCalibrationPropertiesDialog.pas(421,69) Warning: (4104) Implicit string type conversion from "AnsiString" to "UnicodeString"
D:\works\OburecGH\Lazarus\RecorderLnx\.\UI\uRecorderCalibrationPropertiesDialog.pas(422,71) Warning: (4104) Implicit string type conversion from "AnsiString" to "UnicodeString"
D:\works\OburecGH\Lazarus\RecorderLnx\.\UI\uRecorderCalibrationPropertiesDialog.pas(423,7) Warning: (4104) Implicit string type conversion from "AnsiString" to "UnicodeString"
D:\works\OburecGH\Lazarus\RecorderLnx\.\UI\uRecorderCalibrationPropertiesDialog.pas(423,20) Warning: (4105) Implicit string type conversion with potential data loss from "UnicodeString" to "RawByteString"
D:\works\OburecGH\Lazarus\RecorderLnx\.\UI\uRecorderCalibrationPropertiesDialog.pas(423,21) Warning: (4105) Implicit string type conversion with potential data loss from "UnicodeString" to "TTranslateString"
D:\works\OburecGH\Lazarus\RecorderLnx\.\UI\uRecorderCalibrationPropertiesDialog.pas(68,7) Hint: (5024) Parameter "Shift" not used
D:\works\OburecGH\Lazarus\RecorderLnx\.\UI\uRecorderCalibrationPropertiesDialog.pas(503,72) Warning: (4104) Implicit string type conversion from "AnsiString" to "UnicodeString"
D:\works\OburecGH\Lazarus\RecorderLnx\.\UI\uRecorderCalibrationPropertiesDialog.pas(503,82) Warning: (4105) Implicit string type conversion with potential data loss from "UnicodeString" to "AnsiString"
D:\works\OburecGH\Lazarus\RecorderLnx\.\UI\uRecorderCalibrationPropertiesDialog.pas(508,89) Warning: (4104) Implicit string type conversion from "AnsiString" to "UnicodeString"
D:\works\OburecGH\Lazarus\RecorderLnx\.\UI\uRecorderCalibrationPropertiesDialog.pas(508,99) Warning: (4105) Implicit string type conversion with potential data loss from "UnicodeString" to "AnsiString"
D:\works\OburecGH\Lazarus\RecorderLnx\.\UI\uRecorderCalibrationPropertiesDialog.pas(63,40) Hint: (5024) Parameter "Sender" not used
D:\works\OburecGH\Lazarus\RecorderLnx\.\UI\uRecorderCalibrationPropertiesDialog.pas(64,28) Hint: (5024) Parameter "Sender" not used
D:\works\OburecGH\Lazarus\RecorderLnx\.\UI\uRecorderCalibrationPropertiesDialog.pas(54,32) Hint: (5024) Parameter "Sender" not used
D:\works\OburecGH\Lazarus\RecorderLnx\.\UI\uRecorderCalibrationPropertiesDialog.pas(56,35) Hint: (5024) Parameter "Sender" not used
D:\works\OburecGH\Lazarus\RecorderLnx\.\UI\uRecorderCalibrationPropertiesDialog.pas(55,29) Hint: (5024) Parameter "Sender" not used
D:\works\OburecGH\Lazarus\RecorderLnx\.\UI\uRecorderCalibrationPropertiesDialog.pas(57,26) Hint: (5024) Parameter "Sender" not used
D:\works\OburecGH\Lazarus\RecorderLnx\.\UI\uRecorderCalibrationPropertiesDialog.pas(58,28) Hint: (5024) Parameter "Sender" not used
D:\works\OburecGH\Lazarus\RecorderLnx\.\UI\uRecorderCalibrationPropertiesDialog.pas(59,29) Hint: (5024) Parameter "Sender" not used
D:\works\OburecGH\Lazarus\RecorderLnx\.\UI\uRecorderCalibrationPropertiesDialog.pas(60,32) Hint: (5024) Parameter "Sender" not used
D:\works\OburecGH\Lazarus\RecorderLnx\.\UI\uRecorderCalibrationPropertiesDialog.pas(62,26) Hint: (5024) Parameter "Sender" not used
(3104) Compiling .\UI\uRecorderCalibrationListDialog.pas
(3104) Compiling .\Calibrations\Strains\uRecorderStrainCalibrationDialog.pas
(3104) Compiling .\Calibrations\Strains\uRecorderStrainCalibration.pas
(3104) Compiling .\Calibrations\Strains\uRecorderStrainCalibrationFrame.pas
D:\works\OburecGH\Lazarus\RecorderLnx\.\Calibrations\Strains\uRecorderStrainCalibrationFrame.pas(18,38) Hint: (5024) Parameter "Sender" not used
D:\works\OburecGH\Lazarus\RecorderLnx\.\Calibrations\Strains\uRecorderStrainCalibrationDialog.pas(42,7) Warning: (4104) Implicit string type conversion from "AnsiString" to "UnicodeString"
D:\works\OburecGH\Lazarus\RecorderLnx\.\Calibrations\Strains\uRecorderStrainCalibrationDialog.pas(43,12) Warning: (4104) Implicit string type conversion from "AnsiString" to "UnicodeString"
D:\works\OburecGH\Lazarus\RecorderLnx\.\Calibrations\Strains\uRecorderStrainCalibrationDialog.pas(43,37) Warning: (4104) Implicit string type conversion from "AnsiString" to "UnicodeString"
D:\works\OburecGH\Lazarus\RecorderLnx\.\Calibrations\Strains\uRecorderStrainCalibrationDialog.pas(44,27) Warning: (4104) Implicit string type conversion from "AnsiString" to "UnicodeString"
D:\works\OburecGH\Lazarus\RecorderLnx\.\Calibrations\Strains\uRecorderStrainCalibrationDialog.pas(46,12) Warning: (4104) Implicit string type conversion from "AnsiString" to "UnicodeString"
D:\works\OburecGH\Lazarus\RecorderLnx\.\Calibrations\Strains\uRecorderStrainCalibrationDialog.pas(47,12) Warning: (4104) Implicit string type conversion from "AnsiString" to "WideString"
D:\works\OburecGH\Lazarus\RecorderLnx\.\Calibrations\Strains\uRecorderStrainCalibrationDialog.pas(48,12) Warning: (4104) Implicit string type conversion from "AnsiString" to "UnicodeString"
D:\works\OburecGH\Lazarus\RecorderLnx\.\Calibrations\Strains\uRecorderStrainCalibrationDialog.pas(18,26) Hint: (5024) Parameter "Sender" not used
D:\works\OburecGH\Lazarus\RecorderLnx\.\Calibrations\Strains\uRecorderStrainCalibrationDialog.pas(17,26) Hint: (5024) Parameter "Sender" not used
(3104) Compiling .\SDB\uRecorderSdbSelectDialog.pas
(3104) Compiling .\SDB\uRecorderSdbImages.pas
D:\works\OburecGH\Lazarus\RecorderLnx\.\SDB\uRecorderSdbSelectDialog.pas(70,32) Hint: (5024) Parameter "Sender" not used
D:\works\OburecGH\Lazarus\RecorderLnx\.\SDB\uRecorderSdbSelectDialog.pas(71,7) Hint: (5024) Parameter "Shift" not used
D:\works\OburecGH\Lazarus\RecorderLnx\.\SDB\uRecorderSdbSelectDialog.pas(65,30) Hint: (5024) Parameter "Sender" not used
D:\works\OburecGH\Lazarus\RecorderLnx\.\SDB\uRecorderSdbSelectDialog.pas(64,35) Hint: (5024) Parameter "Sender" not used
D:\works\OburecGH\Lazarus\RecorderLnx\.\SDB\uRecorderSdbSelectDialog.pas(62,26) Hint: (5024) Parameter "Sender" not used
D:\works\OburecGH\Lazarus\RecorderLnx\.\SDB\uRecorderSdbSelectDialog.pas(63,33) Hint: (5024) Parameter "Sender" not used
D:\works\OburecGH\Lazarus\RecorderLnx\.\SDB\uRecorderSdbSelectDialog.pas(69,31) Hint: (5024) Parameter "Sender" not used
D:\works\OburecGH\Lazarus\RecorderLnx\.\SDB\uRecorderSdbSelectDialog.pas(67,32) Hint: (5024) Parameter "Sender" not used
D:\works\OburecGH\Lazarus\RecorderLnx\.\SDB\uRecorderSdbSelectDialog.pas(66,29) Hint: (5024) Parameter "Sender" not used
D:\works\OburecGH\Lazarus\RecorderLnx\.\SDB\uRecorderSdbSelectDialog.pas(66,46) Hint: (5024) Parameter "Node" not used
D:\works\OburecGH\Lazarus\RecorderLnx\.\SDB\uRecorderSdbSelectDialog.pas(60,30) Hint: (5024) Parameter "Sender" not used
D:\works\OburecGH\Lazarus\RecorderLnx\.\SDB\uRecorderSdbSelectDialog.pas(61,34) Hint: (5024) Parameter "Sender" not used
D:\works\OburecGH\Lazarus\RecorderLnx\.\SDB\uRecorderSdbSelectDialog.pas(20,3) Hint: (5023) Unit "uSharedStringEncoding" not used in uRecorderSdbSelectDialog
D:\works\OburecGH\Lazarus\RecorderLnx\.\UI\uRecorderCalibrationListDialog.pas(32,26) Hint: (5024) Parameter "Sender" not used
D:\works\OburecGH\Lazarus\RecorderLnx\.\UI\uRecorderCalibrationListDialog.pas(26,27) Hint: (5024) Parameter "Sender" not used
D:\works\OburecGH\Lazarus\RecorderLnx\.\UI\uRecorderCalibrationListDialog.pas(27,30) Hint: (5024) Parameter "Sender" not used
D:\works\OburecGH\Lazarus\RecorderLnx\.\UI\uRecorderCalibrationListDialog.pas(315,77) Warning: (4104) Implicit string type conversion from "AnsiString" to "UnicodeString"
D:\works\OburecGH\Lazarus\RecorderLnx\.\UI\uRecorderCalibrationListDialog.pas(316,44) Warning: (4105) Implicit string type conversion with potential data loss from "UnicodeString" to "AnsiString"
D:\works\OburecGH\Lazarus\RecorderLnx\.\UI\uRecorderCalibrationListDialog.pas(326,81) Warning: (4104) Implicit string type conversion from "AnsiString" to "UnicodeString"
D:\works\OburecGH\Lazarus\RecorderLnx\.\UI\uRecorderCalibrationListDialog.pas(326,87) Warning: (4105) Implicit string type conversion with potential data loss from "UnicodeString" to "AnsiString"
D:\works\OburecGH\Lazarus\RecorderLnx\.\UI\uRecorderCalibrationListDialog.pas(29,34) Hint: (5024) Parameter "Sender" not used
D:\works\OburecGH\Lazarus\RecorderLnx\.\UI\uRecorderCalibrationListDialog.pas(401,9) Warning: (4104) Implicit string type conversion from "AnsiString" to "UnicodeString"
D:\works\OburecGH\Lazarus\RecorderLnx\.\UI\uRecorderCalibrationListDialog.pas(401,58) Warning: (4104) Implicit string type conversion from "AnsiString" to "UnicodeString"
D:\works\OburecGH\Lazarus\RecorderLnx\.\UI\uRecorderCalibrationListDialog.pas(401,74) Warning: (4104) Implicit string type conversion from "AnsiString" to "UnicodeString"
D:\works\OburecGH\Lazarus\RecorderLnx\.\UI\uRecorderCalibrationListDialog.pas(402,5) Warning: (4105) Implicit string type conversion with potential data loss from "UnicodeString" to "TTranslateString"
D:\works\OburecGH\Lazarus\RecorderLnx\.\UI\uRecorderCalibrationListDialog.pas(404,9) Warning: (4104) Implicit string type conversion from "AnsiString" to "UnicodeString"
D:\works\OburecGH\Lazarus\RecorderLnx\.\UI\uRecorderCalibrationListDialog.pas(404,49) Warning: (4105) Implicit string type conversion with potential data loss from "UnicodeString" to "TTranslateString"
D:\works\OburecGH\Lazarus\RecorderLnx\.\UI\uRecorderCalibrationListDialog.pas(31,39) Hint: (5024) Parameter "Sender" not used
D:\works\OburecGH\Lazarus\RecorderLnx\.\UI\uRecorderCalibrationListDialog.pas(30,26) Hint: (5024) Parameter "Sender" not used
D:\works\OburecGH\Lazarus\RecorderLnx\.\UI\uRecorderCalibrationListDialog.pas(28,28) Hint: (5024) Parameter "Sender" not used
D:\works\OburecGH\Lazarus\RecorderLnx\.\UI\uRecorderCalibrationListDialog.pas(33,26) Hint: (5024) Parameter "Sender" not used
(3104) Compiling .\Device\MIC140\UI\uRecorderMic140SettingsDialog.pas
(3104) Compiling .\Device\MIC140\UI\uRecorderMic140ChannelDialog.pas
D:\works\OburecGH\Lazarus\RecorderLnx\.\Device\MIC140\UI\uRecorderMic140ChannelDialog.pas(47,26) Hint: (5024) Parameter "Sender" not used
D:\works\OburecGH\Lazarus\RecorderLnx\.\Device\MIC140\UI\uRecorderMic140ChannelDialog.pas(48,27) Hint: (5024) Parameter "Sender" not used
D:\works\OburecGH\Lazarus\RecorderLnx\.\Device\MIC140\UI\uRecorderMic140ChannelDialog.pas(49,34) Hint: (5024) Parameter "Sender" not used
D:\works\OburecGH\Lazarus\RecorderLnx\.\Device\MIC140\UI\uRecorderMic140ChannelDialog.pas(51,39) Hint: (5024) Parameter "Sender" not used
D:\works\OburecGH\Lazarus\RecorderLnx\.\Device\MIC140\UI\uRecorderMic140ChannelDialog.pas(52,38) Hint: (5024) Parameter "Sender" not used
D:\works\OburecGH\Lazarus\RecorderLnx\.\Device\MIC140\UI\uRecorderMic140ChannelDialog.pas(53,32) Hint: (5024) Parameter "Sender" not used
D:\works\OburecGH\Lazarus\RecorderLnx\.\Device\MIC140\UI\uRecorderMic140ChannelDialog.pas(16,25) Hint: (5023) Unit "uRecorderMic140Thermocouple" not used in uRecorderMic140ChannelDialog
(3104) Compiling .\Device\uRecorderConfiguredSourceEditor.pas
D:\works\OburecGH\Lazarus\RecorderLnx\.\Device\MIC140\UI\uRecorderMic140SettingsDialog.pas(121,17) Warning: (4104) Implicit string type conversion from "AnsiString" to "UnicodeString"
D:\works\OburecGH\Lazarus\RecorderLnx\.\Device\MIC140\UI\uRecorderMic140SettingsDialog.pas(122,104) Warning: (4105) Implicit string type conversion with potential data loss from "UnicodeString" to "AnsiString"
D:\works\OburecGH\Lazarus\RecorderLnx\.\Device\MIC140\UI\uRecorderMic140SettingsDialog.pas(54,26) Hint: (5024) Parameter "Sender" not used
D:\works\OburecGH\Lazarus\RecorderLnx\.\Device\MIC140\UI\uRecorderMic140SettingsDialog.pas(64,31) Hint: (5024) Parameter "Sender" not used
D:\works\OburecGH\Lazarus\RecorderLnx\.\Device\MIC140\UI\uRecorderMic140SettingsDialog.pas(63,28) Hint: (5024) Parameter "Sender" not used
D:\works\OburecGH\Lazarus\RecorderLnx\.\Device\MIC140\UI\uRecorderMic140SettingsDialog.pas(57,29) Hint: (5024) Parameter "Sender" not used
D:\works\OburecGH\Lazarus\RecorderLnx\.\Device\MIC140\UI\uRecorderMic140SettingsDialog.pas(58,7) Hint: (5024) Parameter "Shift" not used
D:\works\OburecGH\Lazarus\RecorderLnx\.\Device\MIC140\UI\uRecorderMic140SettingsDialog.pas(59,38) Hint: (5024) Parameter "Sender" not used
D:\works\OburecGH\Lazarus\RecorderLnx\.\Device\MIC140\UI\uRecorderMic140SettingsDialog.pas(55,25) Hint: (5024) Parameter "Sender" not used
D:\works\OburecGH\Lazarus\RecorderLnx\.\Device\MIC140\UI\uRecorderMic140SettingsDialog.pas(56,28) Hint: (5024) Parameter "Sender" not used
D:\works\OburecGH\Lazarus\RecorderLnx\.\Device\MIC140\UI\uRecorderMic140SettingsDialog.pas(60,34) Hint: (5024) Parameter "Sender" not used
D:\works\OburecGH\Lazarus\RecorderLnx\.\Device\MIC140\UI\uRecorderMic140SettingsDialog.pas(590,56) Warning: (4104) Implicit string type conversion from "AnsiString" to "UnicodeString"
D:\works\OburecGH\Lazarus\RecorderLnx\.\Device\MIC140\UI\uRecorderMic140SettingsDialog.pas(590,66) Warning: (4105) Implicit string type conversion with potential data loss from "UnicodeString" to "AnsiString"
D:\works\OburecGH\Lazarus\RecorderLnx\.\Device\MIC140\UI\uRecorderMic140SettingsDialog.pas(61,27) Hint: (5024) Parameter "Sender" not used
D:\works\OburecGH\Lazarus\RecorderLnx\.\Device\MIC140\UI\uRecorderMic140SettingsDialog.pas(62,25) Hint: (5024) Parameter "Sender" not used
D:\works\OburecGH\Lazarus\RecorderLnx\.\Device\MIC140\UI\uRecorderMic140SettingsDialog.pas(708,41) Hint: (5091) Local variable "lResult" of a managed type does not seem to be initialized
(3104) Compiling .\Device\mic185\uRecorderMic185DataSource.pas
(3104) Compiling .\Device\mic185\uMic185Device.pas
(3104) Compiling .\Device\mic185\uMic185MebiusTcpProtocol.pas
(3104) Compiling .\Device\mic185\uMic185Constants.pas
(3104) Compiling .\Device\mic185\uMic185DebugLog.pas
(3104) Compiling .\Device\mic185\uRecorderMic185Runtime.pas
(3104) Compiling .\Device\mic185\uMic185MebiusTypes.pas
D:\works\OburecGH\Lazarus\RecorderLnx\.\Device\mic185\uMic185MebiusTypes.pas(182,21) Hint: (5058) Variable "ASettings" does not seem to be initialized
D:\works\OburecGH\Lazarus\RecorderLnx\.\Device\mic185\uMic185MebiusTypes.pas(219,21) Hint: (5058) Variable "ASettings" does not seem to be initialized
D:\works\OburecGH\Lazarus\RecorderLnx\.\Device\mic185\uMic185MebiusTypes.pas(300,21) Hint: (5057) Local variable "lSettings" does not seem to be initialized
D:\works\OburecGH\Lazarus\RecorderLnx\.\Device\mic185\uMic185MebiusTypes.pas(359,19) Warning: (5093) function result variable of a managed type does not seem to be initialized
D:\works\OburecGH\Lazarus\RecorderLnx\.\Device\mic185\uRecorderMic185Runtime.pas(60,3) Hint: (5023) Unit "syncobjs" not used in uRecorderMic185Runtime
D:\works\OburecGH\Lazarus\RecorderLnx\.\Device\mic185\uMic185MebiusTcpProtocol.pas(331,19) Warning: (5093) function result variable of a managed type does not seem to be initialized
D:\works\OburecGH\Lazarus\RecorderLnx\.\Device\mic185\uMic185MebiusTcpProtocol.pas(332,19) Hint: (5057) Local variable "lHeader" does not seem to be initialized
D:\works\OburecGH\Lazarus\RecorderLnx\.\Device\mic185\uMic185MebiusTcpProtocol.pas(348,20) Hint: (5060) Function result variable does not seem to be initialized
D:\works\OburecGH\Lazarus\RecorderLnx\.\Device\mic185\uMic185MebiusTcpProtocol.pas(367,18) Hint: (5092) Variable "ABlock" of a managed type does not seem to be initialized
D:\works\OburecGH\Lazarus\RecorderLnx\.\Device\mic185\uMic185MebiusTcpProtocol.pas(495,20) Hint: (5092) Variable "AValues" of a managed type does not seem to be initialized
D:\works\OburecGH\Lazarus\RecorderLnx\.\Device\mic185\uMic185MebiusTcpProtocol.pas(696,29) Hint: (4055) Conversion between ordinals and pointers is not portable
D:\works\OburecGH\Lazarus\RecorderLnx\.\Device\mic185\uMic185MebiusTcpProtocol.pas(696,29) Warning: (4056) Conversion between ordinals and pointers is not portable
D:\works\OburecGH\Lazarus\RecorderLnx\.\Device\mic185\uMic185MebiusTcpProtocol.pas(934,19) Hint: (5092) Variable "APacket" of a managed type does not seem to be initialized
D:\works\OburecGH\Lazarus\RecorderLnx\.\Device\mic185\uMic185MebiusTcpProtocol.pas(938,38) Hint: (5057) Local variable "lHeader" does not seem to be initialized
D:\works\OburecGH\Lazarus\RecorderLnx\.\Device\mic185\uMic185MebiusTcpProtocol.pas(987,29) Hint: (5060) Function result variable does not seem to be initialized
D:\works\OburecGH\Lazarus\RecorderLnx\.\Device\mic185\uMic185MebiusTcpProtocol.pas(1004,21) Hint: (5092) Variable "AOutData" of a managed type does not seem to be initialized
D:\works\OburecGH\Lazarus\RecorderLnx\.\Device\mic185\uMic185MebiusTcpProtocol.pas(1006,20) Hint: (5091) Local variable "lBody" of a managed type does not seem to be initialized
D:\works\OburecGH\Lazarus\RecorderLnx\.\Device\mic185\uMic185MebiusTcpProtocol.pas(1070,16) Hint: (5091) Local variable "lIn" of a managed type does not seem to be initialized
D:\works\OburecGH\Lazarus\RecorderLnx\.\Device\mic185\uMic185MebiusTcpProtocol.pas(1096,23) Hint: (5057) Local variable "lCode" does not seem to be initialized
D:\works\OburecGH\Lazarus\RecorderLnx\.\Device\mic185\uMic185MebiusTcpProtocol.pas(1113,21) Hint: (5092) Variable "AOutData" of a managed type does not seem to be initialized
D:\works\OburecGH\Lazarus\RecorderLnx\.\Device\mic185\uMic185MebiusTcpProtocol.pas(1115,19) Hint: (5091) Local variable "lBlock" of a managed type does not seem to be initialized
D:\works\OburecGH\Lazarus\RecorderLnx\.\Device\mic185\uMic185MebiusTcpProtocol.pas(1144,19) Hint: (5091) Local variable "lBlock" of a managed type does not seem to be initialized
D:\works\OburecGH\Lazarus\RecorderLnx\.\Device\mic185\uMic185MebiusTcpProtocol.pas(1248,31) Hint: (5092) Variable "ABlock" of a managed type does not seem to be initialized
D:\works\OburecGH\Lazarus\RecorderLnx\.\Device\mic185\uMic185MebiusTcpProtocol.pas(1249,24) Hint: (5092) Variable "ATempValues" of a managed type does not seem to be initialized
D:\works\OburecGH\Lazarus\RecorderLnx\.\Device\mic185\uMic185Device.pas(53,82) Warning: (2005) Comment level 2 found
D:\works\OburecGH\Lazarus\RecorderLnx\.\Device\mic185\uMic185Device.pas(206,19) Warning: (5093) function result variable of a managed type does not seem to be initialized
D:\works\OburecGH\Lazarus\RecorderLnx\.\Device\mic185\uMic185Device.pas(299,19) Warning: (5093) function result variable of a managed type does not seem to be initialized
D:\works\OburecGH\Lazarus\RecorderLnx\.\Device\mic185\uMic185Device.pas(315,32) Note: (6058) Call to subroutine "operator :=(const source:LongWord):Variant;" marked as inline is not inlined
D:\works\OburecGH\Lazarus\RecorderLnx\.\Device\mic185\uMic185Device.pas(316,32) Note: (6058) Call to subroutine "operator :=(const source:LongInt):Variant;" marked as inline is not inlined
D:\works\OburecGH\Lazarus\RecorderLnx\.\Device\mic185\uMic185Device.pas(317,35) Note: (6058) Call to subroutine "operator :=(const source:Double):Variant;" marked as inline is not inlined
D:\works\OburecGH\Lazarus\RecorderLnx\.\Device\mic185\uMic185Device.pas(331,43) Note: (6058) Call to subroutine "operator :=(const source:Variant):Double;" marked as inline is not inlined
D:\works\OburecGH\Lazarus\RecorderLnx\.\Device\mic185\uMic185Device.pas(340,28) Note: (6058) Call to subroutine "operator :=(const source:Variant):LongInt;" marked as inline is not inlined
D:\works\OburecGH\Lazarus\RecorderLnx\.\Device\mic185\uMic185Device.pas(397,26) Hint: (5057) Local variable "lInfo" does not seem to be initialized
D:\works\OburecGH\Lazarus\RecorderLnx\.\Device\mic185\uMic185Device.pas(538,23) Hint: (5091) Local variable "lCommandIn" of a managed type does not seem to be initialized
D:\works\OburecGH\Lazarus\RecorderLnx\.\Device\mic185\uMic185Device.pas(825,26) Hint: (5092) Variable "ASoftBalances" of a managed type does not seem to be initialized
D:\works\OburecGH\Lazarus\RecorderLnx\.\Device\mic185\uMic185Device.pas(838,16) Hint: (5091) Local variable "lIn" of a managed type does not seem to be initialized
D:\works\OburecGH\Lazarus\RecorderLnx\.\Device\mic185\uMic185Device.pas(886,39) Hint: (5092) Variable "ABlock" of a managed type does not seem to be initialized
D:\works\OburecGH\Lazarus\RecorderLnx\.\Device\mic185\uMic185Device.pas(942,23) Hint: (5057) Local variable "lGroupOrder" does not seem to be initialized
D:\works\OburecGH\Lazarus\RecorderLnx\.\Device\mic185\uRecorderMic185DataSource.pas(257,15) Note: (3250) Virtual method "PrepareHardware;" has a lower visibility (protected) than parent class TRecorderDataSourceBase (public)
(3104) Compiling .\Device\mic185\uRecorderMic185Calibration.pas
D:\works\OburecGH\Lazarus\RecorderLnx\.\Device\mic185\uRecorderMic185Calibration.pas(328,19) Warning: (5093) function result variable of a managed type does not seem to be initialized
D:\works\OburecGH\Lazarus\RecorderLnx\.\Device\mic185\uRecorderMic185Calibration.pas(534,17) Hint: (5057) Local variable "lInfo" does not seem to be initialized
(3104) Compiling .\Device\uRecorderDeviceConfigSignature.pas
D:\works\OburecGH\Lazarus\RecorderLnx\.\Device\uRecorderDeviceConfigSignature.pas(25,50) Hint: (5024) Parameter "ARegistry" not used
D:\works\OburecGH\Lazarus\RecorderLnx\.\Device\mic185\uRecorderMic185DataSource.pas(170,42) Hint: (5024) Parameter "ARegistry" not used
D:\works\OburecGH\Lazarus\RecorderLnx\.\Device\mic185\uRecorderMic185DataSource.pas(1168,3) Note: (5025) Local variable "I" not used
D:\works\OburecGH\Lazarus\RecorderLnx\.\Device\mic185\uRecorderMic185DataSource.pas(1269,48) Note: (6058) Call to subroutine "operator :=(const source:AnsiString):Variant;" marked as inline is not inlined
D:\works\OburecGH\Lazarus\RecorderLnx\.\Device\mic185\uRecorderMic185DataSource.pas(1270,57) Note: (6058) Call to subroutine "operator :=(const source:LongInt):Variant;" marked as inline is not inlined
D:\works\OburecGH\Lazarus\RecorderLnx\.\Device\mic185\uRecorderMic185DataSource.pas(1271,61) Note: (6058) Call to subroutine "operator :=(const source:Double):Variant;" marked as inline is not inlined
D:\works\OburecGH\Lazarus\RecorderLnx\.\Device\mic185\uRecorderMic185DataSource.pas(1446,20) Hint: (5091) Local variable "lSums" of a managed type does not seem to be initialized
D:\works\OburecGH\Lazarus\RecorderLnx\.\Device\mic185\uRecorderMic185DataSource.pas(1447,22) Hint: (5091) Local variable "lCounts" of a managed type does not seem to be initialized
D:\works\OburecGH\Lazarus\RecorderLnx\.\Device\mic185\uRecorderMic185DataSource.pas(1587,48) Note: (6058) Call to subroutine "operator :=(const source:AnsiString):Variant;" marked as inline is not inlined
D:\works\OburecGH\Lazarus\RecorderLnx\.\Device\mic185\uRecorderMic185DataSource.pas(1588,57) Note: (6058) Call to subroutine "operator :=(const source:LongInt):Variant;" marked as inline is not inlined
D:\works\OburecGH\Lazarus\RecorderLnx\.\Device\mic185\uRecorderMic185DataSource.pas(1589,61) Note: (6058) Call to subroutine "operator :=(const source:Double):Variant;" marked as inline is not inlined
D:\works\OburecGH\Lazarus\RecorderLnx\.\Device\mic185\uRecorderMic185DataSource.pas(37,27) Hint: (5024) Parameter "ATimeoutMs" not used
D:\works\OburecGH\Lazarus\RecorderLnx\.\Device\mic185\uRecorderMic185DataSource.pas(2894,22) Hint: (5091) Local variable "lChannels" of a managed type does not seem to be initialized
D:\works\OburecGH\Lazarus\RecorderLnx\.\Device\mic185\uRecorderMic185DataSource.pas(268,30) Hint: (5024) Parameter "AOwner" not used
D:\works\OburecGH\Lazarus\RecorderLnx\.\Device\mic185\uRecorderMic185DataSource.pas(2988,46) Note: (6058) Call to subroutine "operator :=(const source:AnsiString):Variant;" marked as inline is not inlined
D:\works\OburecGH\Lazarus\RecorderLnx\.\Device\mic185\uRecorderMic185DataSource.pas(2989,55) Note: (6058) Call to subroutine "operator :=(const source:LongInt):Variant;" marked as inline is not inlined
D:\works\OburecGH\Lazarus\RecorderLnx\.\Device\mic185\uRecorderMic185DataSource.pas(2990,68) Note: (6058) Call to subroutine "operator :=(const source:Double):Variant;" marked as inline is not inlined
D:\works\OburecGH\Lazarus\RecorderLnx\.\Device\mic185\uRecorderMic185DataSource.pas(2991,70) Note: (6058) Call to subroutine "operator :=(const source:LongInt):Variant;" marked as inline is not inlined
D:\works\OburecGH\Lazarus\RecorderLnx\.\Device\mic185\uRecorderMic185DataSource.pas(3369,70) Note: (6058) Call to subroutine "operator :=(const source:Double):Variant;" marked as inline is not inlined
D:\works\OburecGH\Lazarus\RecorderLnx\.\Device\mic185\uRecorderMic185DataSource.pas(3370,72) Note: (6058) Call to subroutine "operator :=(const source:LongInt):Variant;" marked as inline is not inlined
D:\works\OburecGH\Lazarus\RecorderLnx\.\Device\mic185\uRecorderMic185DataSource.pas(3642,34) Hint: (5024) Parameter "AJson" not used
D:\works\OburecGH\Lazarus\RecorderLnx\.\Device\mic185\uRecorderMic185DataSource.pas(3643,3) Hint: (5024) Parameter "ARegistry" not used
(3104) Compiling .\Device\MCbus\uRecorderMc201Calibration.pas
(3104) Compiling .\Device\MCbus\uRecorderMcbusDevice.pas
(3104) Compiling .\Device\MCbus\uMc032Device.pas
(3104) Compiling .\Device\MCbus\uMc201LegacyMdpClient.pas
(3104) Compiling .\Device\MCbus\uMc201ProtocolTypes.pas
D:\works\OburecGH\Lazarus\RecorderLnx\.\Device\MCbus\uMc201ProtocolTypes.pas(287,18) Hint: (5091) Local variable "lGrid" of a managed type does not seem to be initialized
(3104) Compiling .\Device\MCbus\uMc201FirmwareResources.pas
(3104) Compiling .\Core\uRecorderResourcePaths.pas
D:\works\OburecGH\Lazarus\RecorderLnx\.\Device\MCbus\uMc201FirmwareResources.pas(38,19) Hint: (5092) Variable "ABytes" of a managed type does not seem to be initialized
D:\works\OburecGH\Lazarus\RecorderLnx\.\Device\MCbus\uMc201FirmwareResources.pas(54,19) Hint: (5092) Variable "ABytes" of a managed type does not seem to be initialized
D:\works\OburecGH\Lazarus\RecorderLnx\.\Device\MCbus\uMc201LegacyMdpClient.pas(181,19) Hint: (5057) Local variable "lAddr" does not seem to be initialized
D:\works\OburecGH\Lazarus\RecorderLnx\.\Device\MCbus\uMc201LegacyMdpClient.pas(183,23) Warning: (5043) Symbol "ShortHostToNet" is deprecated
D:\works\OburecGH\Lazarus\RecorderLnx\.\Device\MCbus\uMc201LegacyMdpClient.pas(184,30) Warning: (5043) Symbol "HostToNet" is deprecated
D:\works\OburecGH\Lazarus\RecorderLnx\.\Device\MCbus\uMc201LegacyMdpClient.pas(215,20) Hint: (5057) Local variable "lFds" does not seem to be initialized
D:\works\OburecGH\Lazarus\RecorderLnx\.\Device\MCbus\uMc201LegacyMdpClient.pas(404,19) Hint: (5091) Local variable "lBytes" of a managed type does not seem to be initialized
D:\works\OburecGH\Lazarus\RecorderLnx\.\Device\MCbus\uMc201LegacyMdpClient.pas(433,19) Hint: (5092) Variable "AWords" of a managed type does not seem to be initialized
D:\works\OburecGH\Lazarus\RecorderLnx\.\Device\MCbus\uMc201LegacyMdpClient.pas(482,17) Hint: (5092) Variable "ARet" of a managed type does not seem to be initialized
D:\works\OburecGH\Lazarus\RecorderLnx\.\Device\MCbus\uMc201LegacyMdpClient.pas(484,23) Hint: (5091) Local variable "lRequest" of a managed type does not seem to be initialized
D:\works\OburecGH\Lazarus\RecorderLnx\.\Device\MCbus\uMc201LegacyMdpClient.pas(528,23) Hint: (5091) Local variable "lRequest" of a managed type does not seem to be initialized
D:\works\OburecGH\Lazarus\RecorderLnx\.\Device\MCbus\uMc201LegacyMdpClient.pas(547,17) Hint: (5058) Variable "ABios" does not seem to be initialized
D:\works\OburecGH\Lazarus\RecorderLnx\.\Device\MCbus\uMc201LegacyMdpClient.pas(561,18) Hint: (5091) Local variable "lArgs" of a managed type does not seem to be initialized
D:\works\OburecGH\Lazarus\RecorderLnx\.\Device\MCbus\uMc201LegacyMdpClient.pas(602,18) Hint: (5092) Variable "AData" of a managed type does not seem to be initialized
D:\works\OburecGH\Lazarus\RecorderLnx\.\Device\MCbus\uMc201LegacyMdpClient.pas(603,18) Hint: (5091) Local variable "lArgs" of a managed type does not seem to be initialized
D:\works\OburecGH\Lazarus\RecorderLnx\.\Device\MCbus\uMc201LegacyMdpClient.pas(615,18) Hint: (5091) Local variable "lArgs" of a managed type does not seem to be initialized
D:\works\OburecGH\Lazarus\RecorderLnx\.\Device\MCbus\uMc201LegacyMdpClient.pas(636,18) Hint: (5092) Variable "AData" of a managed type does not seem to be initialized
D:\works\OburecGH\Lazarus\RecorderLnx\.\Device\MCbus\uMc201LegacyMdpClient.pas(643,20) Hint: (5091) Local variable "lArgs" of a managed type does not seem to be initialized
D:\works\OburecGH\Lazarus\RecorderLnx\.\Device\MCbus\uMc201LegacyMdpClient.pas(684,20) Hint: (5091) Local variable "lArgs" of a managed type does not seem to be initialized
D:\works\OburecGH\Lazarus\RecorderLnx\.\Device\MCbus\uMc201LegacyMdpClient.pas(710,18) Hint: (5091) Local variable "lArgs" of a managed type does not seem to be initialized
D:\works\OburecGH\Lazarus\RecorderLnx\.\Device\MCbus\uMc201LegacyMdpClient.pas(779,80) Warning: (4104) Implicit string type conversion from "AnsiString" to "UnicodeString"
D:\works\OburecGH\Lazarus\RecorderLnx\.\Device\MCbus\uMc201LegacyMdpClient.pas(779,78) Warning: (4105) Implicit string type conversion with potential data loss from "UnicodeString" to "AnsiString"
D:\works\OburecGH\Lazarus\RecorderLnx\.\Device\MCbus\uMc201LegacyMdpClient.pas(782,23) Hint: (5091) Local variable "lBiosWords" of a managed type does not seem to be initialized
D:\works\OburecGH\Lazarus\RecorderLnx\.\Device\MCbus\uMc201LegacyMdpClient.pas(801,18) Hint: (5091) Local variable "lVars" of a managed type does not seem to be initialized
D:\works\OburecGH\Lazarus\RecorderLnx\.\Device\MCbus\uMc201LegacyMdpClient.pas(808,23) Hint: (5091) Local variable "lCodeWords" of a managed type does not seem to be initialized
D:\works\OburecGH\Lazarus\RecorderLnx\.\Device\MCbus\uMc201LegacyMdpClient.pas(867,17) Hint: (5092) Variable "ARet" of a managed type does not seem to be initialized
D:\works\OburecGH\Lazarus\RecorderLnx\.\Device\MCbus\uMc201LegacyMdpClient.pas(872,21) Hint: (5091) Local variable "lCommand" of a managed type does not seem to be initialized
D:\works\OburecGH\Lazarus\RecorderLnx\.\Device\MCbus\uMc201LegacyMdpClient.pas(914,17) Hint: (5092) Variable "ARet" of a managed type does not seem to be initialized
D:\works\OburecGH\Lazarus\RecorderLnx\.\Device\MCbus\uMc201LegacyMdpClient.pas(915,18) Hint: (5091) Local variable "lArgs" of a managed type does not seem to be initialized
D:\works\OburecGH\Lazarus\RecorderLnx\.\Device\MCbus\uMc201LegacyMdpClient.pas(952,17) Hint: (5092) Variable "ARet" of a managed type does not seem to be initialized
D:\works\OburecGH\Lazarus\RecorderLnx\.\Device\MCbus\uMc201LegacyMdpClient.pas(955,20) Hint: (5091) Local variable "lTail" of a managed type does not seem to be initialized
D:\works\OburecGH\Lazarus\RecorderLnx\.\Device\MCbus\uMc201LegacyMdpClient.pas(962,22) Hint: (5091) Local variable "lFirstArg" of a managed type does not seem to be initialized
D:\works\OburecGH\Lazarus\RecorderLnx\.\Device\MCbus\uMc032Device.pas(668,21) Hint: (5091) Local variable "lWords" of a managed type does not seem to be initialized
D:\works\OburecGH\Lazarus\RecorderLnx\.\Device\MCbus\uMc032Device.pas(837,3) Warning: (6018) unreachable code
D:\works\OburecGH\Lazarus\RecorderLnx\.\Device\MCbus\uMc032Device.pas(1029,26) Hint: (5091) Local variable "lTestData" of a managed type does not seem to be initialized
D:\works\OburecGH\Lazarus\RecorderLnx\.\Device\MCbus\uMc032Device.pas(1053,17) Hint: (5058) Variable "AInfo" does not seem to be initialized
D:\works\OburecGH\Lazarus\RecorderLnx\.\Device\MCbus\uMc032Device.pas(1090,21) Hint: (5092) Variable "AModules" of a managed type does not seem to be initialized
D:\works\OburecGH\Lazarus\RecorderLnx\.\Device\MCbus\uMc032Device.pas(1308,19) Hint: (5092) Variable "AWords" of a managed type does not seem to be initialized
D:\works\OburecGH\Lazarus\RecorderLnx\.\Device\MCbus\uMc032Device.pas(1380,18) Hint: (5091) Local variable "lArgs" of a managed type does not seem to be initialized
D:\works\OburecGH\Lazarus\RecorderLnx\.\Device\MCbus\uMc032Device.pas(1599,23) Hint: (5091) Local variable "lMessage" of a managed type does not seem to be initialized
D:\works\OburecGH\Lazarus\RecorderLnx\.\Device\MCbus\uMc032Device.pas(1614,3) Note: (5027) Local variable "lQueued" is assigned but never used
D:\works\OburecGH\Lazarus\RecorderLnx\.\Device\MCbus\uRecorderMcbusDevice.pas(46,34) Hint: (5024) Parameter "Sender" not used
D:\works\OburecGH\Lazarus\RecorderLnx\.\Device\MCbus\uRecorderMcbusDevice.pas(580,43) Note: (6058) Call to subroutine "operator :=(const source:Word):Variant;" marked as inline is not inlined
D:\works\OburecGH\Lazarus\RecorderLnx\.\Device\MCbus\uRecorderMcbusDevice.pas(581,29) Note: (6058) Call to subroutine "operator :=(const source:AnsiString):Variant;" marked as inline is not inlined
D:\works\OburecGH\Lazarus\RecorderLnx\.\Device\MCbus\uRecorderMcbusDevice.pas(907,19) Hint: (5092) Variable "AMeans" of a managed type does not seem to be initialized
D:\works\OburecGH\Lazarus\RecorderLnx\.\Device\MCbus\uRecorderMcbusDevice.pas(908,16) Hint: (5092) Variable "AOk" of a managed type does not seem to be initialized
D:\works\OburecGH\Lazarus\RecorderLnx\.\Device\MCbus\uRecorderMcbusDevice.pas(909,20) Hint: (5091) Local variable "lCounts" of a managed type does not seem to be initialized
D:\works\OburecGH\Lazarus\RecorderLnx\.\Device\MCbus\uRecorderMcbusDevice.pas(910,18) Hint: (5091) Local variable "lSums" of a managed type does not seem to be initialized
D:\works\OburecGH\Lazarus\RecorderLnx\.\Device\MCbus\uRecorderMcbusDevice.pas(1022,19) Hint: (5092) Variable "AMeans" of a managed type does not seem to be initialized
D:\works\OburecGH\Lazarus\RecorderLnx\.\Device\MCbus\uRecorderMcbusDevice.pas(1036,19) Hint: (5091) Local variable "lNeeds" of a managed type does not seem to be initialized
D:\works\OburecGH\Lazarus\RecorderLnx\.\Device\MCbus\uRecorderMcbusDevice.pas(1037,22) Hint: (5091) Local variable "lOldCodes" of a managed type does not seem to be initialized
D:\works\OburecGH\Lazarus\RecorderLnx\.\Device\MCbus\uRecorderMcbusDevice.pas(1038,19) Hint: (5091) Local variable "lCodes" of a managed type does not seem to be initialized
D:\works\OburecGH\Lazarus\RecorderLnx\.\Device\MCbus\uRecorderMcbusDevice.pas(1196,19) Hint: (5091) Local variable "lChans" of a managed type does not seem to be initialized
D:\works\OburecGH\Lazarus\RecorderLnx\.\Device\MCbus\uRecorderMcbusDevice.pas(1307,20) Hint: (5092) Variable "AValues" of a managed type does not seem to be initialized
D:\works\OburecGH\Lazarus\RecorderLnx\.\Device\MCbus\uRecorderMcbusDevice.pas(1331,12) Warning: (4104) Implicit string type conversion from "AnsiString" to "UnicodeString"
D:\works\OburecGH\Lazarus\RecorderLnx\.\Device\MCbus\uRecorderMcbusDevice.pas(1330,114) Warning: (4105) Implicit string type conversion with potential data loss from "UnicodeString" to "AnsiString"
D:\works\OburecGH\Lazarus\RecorderLnx\.\Device\MCbus\uRecorderMc201Calibration.pas(148,19) Hint: (5091) Local variable "lBytes" of a managed type does not seem to be initialized
D:\works\OburecGH\Lazarus\RecorderLnx\.\Device\MCbus\uRecorderMc201Calibration.pas(494,28) Warning: (4104) Implicit string type conversion from "AnsiString" to "UnicodeString"
D:\works\OburecGH\Lazarus\RecorderLnx\.\Device\MCbus\uRecorderMc201Calibration.pas(494,44) Warning: (4105) Implicit string type conversion with potential data loss from "UnicodeString" to "AnsiString"
D:\works\OburecGH\Lazarus\RecorderLnx\.\Device\MCbus\uRecorderMc201Calibration.pas(683,83) Warning: (4104) Implicit string type conversion from "AnsiString" to "UnicodeString"
D:\works\OburecGH\Lazarus\RecorderLnx\.\Device\MCbus\uRecorderMc201Calibration.pas(683,81) Warning: (4105) Implicit string type conversion with potential data loss from "UnicodeString" to "AnsiString"
D:\works\OburecGH\Lazarus\RecorderLnx\.\Device\MCbus\uRecorderMc201Calibration.pas(95,3) Hint: (5028) Local const "CMc201CalibLoOff" is not used
D:\works\OburecGH\Lazarus\RecorderLnx\.\Device\MCbus\uRecorderMc201Calibration.pas(96,3) Hint: (5028) Local const "CMc201CalibHiOff" is not used
D:\works\OburecGH\Lazarus\RecorderLnx\.\Device\MCbus\uRecorderMc201Calibration.pas(22,22) Hint: (5023) Unit "Types" not used in uRecorderMc201Calibration
(3104) Compiling .\Device\MCbus\UI\uRecorderMc032SettingsDialog.pas
(3104) Compiling .\Device\MCbus\uRecorderMcbusDataSource.pas
D:\works\OburecGH\Lazarus\RecorderLnx\.\Device\MCbus\uRecorderMcbusDataSource.pas(268,28) Note: (6058) Call to subroutine "operator :=(const source:LongInt):Variant;" marked as inline is not inlined
D:\works\OburecGH\Lazarus\RecorderLnx\.\Device\MCbus\uRecorderMcbusDataSource.pas(47,28) Hint: (5024) Parameter "ARegistry" not used
D:\works\OburecGH\Lazarus\RecorderLnx\.\Device\MCbus\uRecorderMcbusDataSource.pas(309,46) Note: (6058) Call to subroutine "operator :=(const source:AnsiString):Variant;" marked as inline is not inlined
D:\works\OburecGH\Lazarus\RecorderLnx\.\Device\MCbus\uRecorderMcbusDataSource.pas(310,55) Note: (6058) Call to subroutine "operator :=(const source:LongInt):Variant;" marked as inline is not inlined
D:\works\OburecGH\Lazarus\RecorderLnx\.\Device\MCbus\uRecorderMcbusDataSource.pas(311,68) Note: (6058) Call to subroutine "operator :=(const source:Double):Variant;" marked as inline is not inlined
D:\works\OburecGH\Lazarus\RecorderLnx\.\Device\MCbus\uRecorderMcbusDataSource.pas(312,70) Note: (6058) Call to subroutine "operator :=(const source:LongInt):Variant;" marked as inline is not inlined
D:\works\OburecGH\Lazarus\RecorderLnx\.\Device\MCbus\uRecorderMcbusDataSource.pas(509,21) Hint: (5091) Local variable "lIndices" of a managed type does not seem to be initialized
D:\works\OburecGH\Lazarus\RecorderLnx\.\Device\MCbus\uRecorderMcbusDataSource.pas(574,21) Hint: (5091) Local variable "lCodes" of a managed type does not seem to be initialized
D:\works\OburecGH\Lazarus\RecorderLnx\.\Device\MCbus\uRecorderMcbusDataSource.pas(59,30) Hint: (5024) Parameter "AOwner" not used
D:\works\OburecGH\Lazarus\RecorderLnx\.\Device\MCbus\UI\uRecorderMc032SettingsDialog.pas(43,31) Hint: (5024) Parameter "Sender" not used
D:\works\OburecGH\Lazarus\RecorderLnx\.\Device\MCbus\UI\uRecorderMc032SettingsDialog.pas(44,25) Hint: (5024) Parameter "Sender" not used
D:\works\OburecGH\Lazarus\RecorderLnx\.\Device\MCbus\UI\uRecorderMc032SettingsDialog.pas(45,28) Hint: (5024) Parameter "Sender" not used
D:\works\OburecGH\Lazarus\RecorderLnx\.\Device\MCbus\UI\uRecorderMc032SettingsDialog.pas(34,3) Hint: (5023) Unit "Math" not used in uRecorderMc032SettingsDialog
D:\works\OburecGH\Lazarus\RecorderLnx\.\UI\uTagSettingsDialog.pas(205,39) Hint: (5024) Parameter "Sender" not used
D:\works\OburecGH\Lazarus\RecorderLnx\.\UI\uTagSettingsDialog.pas(178,34) Hint: (5024) Parameter "Sender" not used
D:\works\OburecGH\Lazarus\RecorderLnx\.\UI\uTagSettingsDialog.pas(157,38) Hint: (5024) Parameter "Sender" not used
D:\works\OburecGH\Lazarus\RecorderLnx\.\UI\uTagSettingsDialog.pas(210,46) Hint: (5024) Parameter "Sender" not used
D:\works\OburecGH\Lazarus\RecorderLnx\.\UI\uTagSettingsDialog.pas(1530,61) Warning: (4104) Implicit string type conversion from "AnsiString" to "UnicodeString"
D:\works\OburecGH\Lazarus\RecorderLnx\.\UI\uTagSettingsDialog.pas(1530,66) Warning: (4105) Implicit string type conversion with potential data loss from "UnicodeString" to "TTranslateString"
D:\works\OburecGH\Lazarus\RecorderLnx\.\UI\uTagSettingsDialog.pas(1986,33) Warning: (4104) Implicit string type conversion from "TTranslateString" to "UnicodeString"
D:\works\OburecGH\Lazarus\RecorderLnx\.\UI\uTagSettingsDialog.pas(2001,35) Warning: (4104) Implicit string type conversion from "TTranslateString" to "UnicodeString"
D:\works\OburecGH\Lazarus\RecorderLnx\.\UI\uTagSettingsDialog.pas(176,32) Hint: (5024) Parameter "Sender" not used
D:\works\OburecGH\Lazarus\RecorderLnx\.\UI\uTagSettingsDialog.pas(179,29) Hint: (5024) Parameter "Sender" not used
D:\works\OburecGH\Lazarus\RecorderLnx\.\UI\uTagSettingsDialog.pas(180,44) Hint: (5024) Parameter "Sender" not used
D:\works\OburecGH\Lazarus\RecorderLnx\.\UI\uTagSettingsDialog.pas(206,34) Hint: (5024) Parameter "Sender" not used
D:\works\OburecGH\Lazarus\RecorderLnx\.\UI\uTagSettingsDialog.pas(208,42) Hint: (5024) Parameter "Sender" not used
D:\works\OburecGH\Lazarus\RecorderLnx\.\UI\uTagSettingsDialog.pas(2254,36) Warning: (4104) Implicit string type conversion from "AnsiString" to "UnicodeString"
D:\works\OburecGH\Lazarus\RecorderLnx\.\UI\uTagSettingsDialog.pas(2254,34) Warning: (4105) Implicit string type conversion with potential data loss from "UnicodeString" to "AnsiString"
D:\works\OburecGH\Lazarus\RecorderLnx\.\UI\uTagSettingsDialog.pas(182,41) Hint: (5024) Parameter "Sender" not used
D:\works\OburecGH\Lazarus\RecorderLnx\.\UI\uTagSettingsDialog.pas(183,44) Hint: (5024) Parameter "Sender" not used
D:\works\OburecGH\Lazarus\RecorderLnx\.\UI\uTagSettingsDialog.pas(184,42) Hint: (5024) Parameter "Sender" not used
D:\works\OburecGH\Lazarus\RecorderLnx\.\UI\uTagSettingsDialog.pas(2343,55) Warning: (4104) Implicit string type conversion from "AnsiString" to "UnicodeString"
D:\works\OburecGH\Lazarus\RecorderLnx\.\UI\uTagSettingsDialog.pas(2344,71) Warning: (4105) Implicit string type conversion with potential data loss from "UnicodeString" to "AnsiString"
D:\works\OburecGH\Lazarus\RecorderLnx\.\UI\uTagSettingsDialog.pas(2364,19) Warning: (4104) Implicit string type conversion from "AnsiString" to "UnicodeString"
D:\works\OburecGH\Lazarus\RecorderLnx\.\UI\uTagSettingsDialog.pas(2366,69) Warning: (4105) Implicit string type conversion with potential data loss from "UnicodeString" to "AnsiString"
D:\works\OburecGH\Lazarus\RecorderLnx\.\UI\uTagSettingsDialog.pas(2382,45) Warning: (4104) Implicit string type conversion from "AnsiString" to "UnicodeString"
D:\works\OburecGH\Lazarus\RecorderLnx\.\UI\uTagSettingsDialog.pas(2383,50) Warning: (4105) Implicit string type conversion with potential data loss from "UnicodeString" to "AnsiString"
D:\works\OburecGH\Lazarus\RecorderLnx\.\UI\uTagSettingsDialog.pas(2391,89) Warning: (4104) Implicit string type conversion from "AnsiString" to "UnicodeString"
D:\works\OburecGH\Lazarus\RecorderLnx\.\UI\uTagSettingsDialog.pas(2391,95) Warning: (4105) Implicit string type conversion with potential data loss from "UnicodeString" to "AnsiString"
D:\works\OburecGH\Lazarus\RecorderLnx\.\UI\uTagSettingsDialog.pas(181,41) Hint: (5024) Parameter "Sender" not used
D:\works\OburecGH\Lazarus\RecorderLnx\.\UI\uTagSettingsDialog.pas(2472,103) Warning: (4104) Implicit string type conversion from "AnsiString" to "UnicodeString"
D:\works\OburecGH\Lazarus\RecorderLnx\.\UI\uTagSettingsDialog.pas(2472,114) Warning: (4105) Implicit string type conversion with potential data loss from "UnicodeString" to "AnsiString"
D:\works\OburecGH\Lazarus\RecorderLnx\.\UI\uTagSettingsDialog.pas(2483,9) Warning: (4104) Implicit string type conversion from "AnsiString" to "UnicodeString"
D:\works\OburecGH\Lazarus\RecorderLnx\.\UI\uTagSettingsDialog.pas(2483,20) Warning: (4105) Implicit string type conversion with potential data loss from "UnicodeString" to "AnsiString"
D:\works\OburecGH\Lazarus\RecorderLnx\.\UI\uTagSettingsDialog.pas(2488,5) Warning: (4104) Implicit string type conversion from "AnsiString" to "UnicodeString"
D:\works\OburecGH\Lazarus\RecorderLnx\.\UI\uTagSettingsDialog.pas(2488,11) Warning: (4105) Implicit string type conversion with potential data loss from "UnicodeString" to "AnsiString"
D:\works\OburecGH\Lazarus\RecorderLnx\.\UI\uTagSettingsDialog.pas(186,44) Hint: (5024) Parameter "Sender" not used
D:\works\OburecGH\Lazarus\RecorderLnx\.\UI\uTagSettingsDialog.pas(187,52) Hint: (5024) Parameter "Sender" not used
D:\works\OburecGH\Lazarus\RecorderLnx\.\UI\uTagSettingsDialog.pas(188,50) Hint: (5024) Parameter "Sender" not used
D:\works\OburecGH\Lazarus\RecorderLnx\.\UI\uTagSettingsDialog.pas(2681,11) Warning: (4104) Implicit string type conversion from "AnsiString" to "UnicodeString"
D:\works\OburecGH\Lazarus\RecorderLnx\.\UI\uTagSettingsDialog.pas(2681,23) Warning: (4105) Implicit string type conversion with potential data loss from "UnicodeString" to "AnsiString"
D:\works\OburecGH\Lazarus\RecorderLnx\.\UI\uTagSettingsDialog.pas(189,58) Hint: (5024) Parameter "Sender" not used
(3104) Compiling .\UI\uRecorderFrequencyBandsDialog.pas
D:\works\OburecGH\Lazarus\RecorderLnx\.\UI\uRecorderFrequencyBandsDialog.pas(306,45) Warning: (4104) Implicit string type conversion from "AnsiString" to "UnicodeString"
D:\works\OburecGH\Lazarus\RecorderLnx\.\UI\uRecorderFrequencyBandsDialog.pas(306,75) Warning: (4105) Implicit string type conversion with potential data loss from "UnicodeString" to "AnsiString"
D:\works\OburecGH\Lazarus\RecorderLnx\.\UI\uRecorderFrequencyBandsDialog.pas(31,28) Hint: (5024) Parameter "Sender" not used
D:\works\OburecGH\Lazarus\RecorderLnx\.\UI\uRecorderFrequencyBandsDialog.pas(32,31) Hint: (5024) Parameter "Sender" not used
D:\works\OburecGH\Lazarus\RecorderLnx\.\UI\uRecorderFrequencyBandsDialog.pas(33,30) Hint: (5024) Parameter "Sender" not used
D:\works\OburecGH\Lazarus\RecorderLnx\.\UI\uRecorderFrequencyBandsDialog.pas(34,28) Hint: (5024) Parameter "Sender" not used
D:\works\OburecGH\Lazarus\RecorderLnx\.\UI\uRecorderFrequencyBandsDialog.pas(35,31) Hint: (5024) Parameter "Sender" not used
D:\works\OburecGH\Lazarus\RecorderLnx\.\UI\uRecorderFrequencyBandsDialog.pas(36,29) Hint: (5024) Parameter "Sender" not used
(3104) Compiling .\Core\uRecorderTagBalance.pas
D:\works\OburecGH\Lazarus\RecorderLnx\.\Core\uRecorderTagBalance.pas(59,25) Hint: (5024) Parameter "Sender" not used
D:\works\OburecGH\Lazarus\RecorderLnx\.\Core\uRecorderTagBalance.pas(18,3) Hint: (5024) Parameter "ARegistry" not used
D:\works\OburecGH\Lazarus\RecorderLnx\.\Core\uRecorderTagBalance.pas(15,40) Hint: (5023) Unit "Contnrs" not used in uRecorderTagBalance
(3104) Compiling .\UI\uRecorderSettingsSourceProbe.pas
(3104) Compiling .\Device\MCbus\UI\uRecorderMc201SlotSettingsDialog.pas
D:\works\OburecGH\Lazarus\RecorderLnx\.\Device\MCbus\UI\uRecorderMc201SlotSettingsDialog.pas(181,85) Warning: (4104) Implicit string type conversion from "AnsiString" to "UnicodeString"
D:\works\OburecGH\Lazarus\RecorderLnx\.\Device\MCbus\UI\uRecorderMc201SlotSettingsDialog.pas(181,92) Warning: (4105) Implicit string type conversion with potential data loss from "UnicodeString" to "AnsiString"
D:\works\OburecGH\Lazarus\RecorderLnx\.\Device\MCbus\UI\uRecorderMc201SlotSettingsDialog.pas(96,30) Hint: (5024) Parameter "Sender" not used
D:\works\OburecGH\Lazarus\RecorderLnx\.\Device\MCbus\UI\uRecorderMc201SlotSettingsDialog.pas(75,24) Hint: (5024) Parameter "Sender" not used
D:\works\OburecGH\Lazarus\RecorderLnx\.\Device\MCbus\UI\uRecorderMc201SlotSettingsDialog.pas(78,31) Hint: (5024) Parameter "Sender" not used
D:\works\OburecGH\Lazarus\RecorderLnx\.\Device\MCbus\UI\uRecorderMc201SlotSettingsDialog.pas(76,23) Hint: (5024) Parameter "Sender" not used
D:\works\OburecGH\Lazarus\RecorderLnx\.\Device\MCbus\UI\uRecorderMc201SlotSettingsDialog.pas(692,40) Warning: (2005) Comment level 2 found
D:\works\OburecGH\Lazarus\RecorderLnx\.\Device\MCbus\UI\uRecorderMc201SlotSettingsDialog.pas(692,53) Warning: (2005) Comment level 2 found
(3104) Compiling .\UI\uRecorderVirtualTagDialog.pas
D:\works\OburecGH\Lazarus\RecorderLnx\.\UI\uRecorderVirtualTagDialog.pas(21,30) Hint: (5024) Parameter "Sender" not used
D:\works\OburecGH\Lazarus\RecorderLnx\.\UI\uRecorderVirtualTagDialog.pas(20,26) Hint: (5024) Parameter "Sender" not used
(3104) Compiling .\UI\uLuaCalcSettingsDialog.pas
(3104) Compiling .\UI\uLuaSyntaxHighlighter.pas
D:\works\OburecGH\Lazarus\RecorderLnx\.\UI\uLuaSyntaxHighlighter.pas(285,13) Hint: (4055) Conversion between ordinals and pointers is not portable
D:\works\OburecGH\Lazarus\RecorderLnx\.\UI\uLuaSyntaxHighlighter.pas(290,28) Hint: (4055) Conversion between ordinals and pointers is not portable
D:\works\OburecGH\Lazarus\RecorderLnx\.\UI\uLuaSyntaxHighlighter.pas(8,32) Hint: (5023) Unit "SynEditTypes" not used in uLuaSyntaxHighlighter
(3104) Compiling .\Plugins\LuaCalcPlugin\uLuaCalcEngine.pas
D:\works\OburecGH\Lazarus\RecorderLnx\.\UI\uLuaCalcSettingsDialog.pas(40,28) Hint: (5024) Parameter "Sender" not used
D:\works\OburecGH\Lazarus\RecorderLnx\.\UI\uLuaCalcSettingsDialog.pas(39,32) Hint: (5024) Parameter "Sender" not used
D:\works\OburecGH\Lazarus\RecorderLnx\.\UI\uLuaCalcSettingsDialog.pas(41,25) Hint: (5024) Parameter "Sender" not used
D:\works\OburecGH\Lazarus\RecorderLnx\.\UI\uLuaCalcSettingsDialog.pas(42,28) Hint: (5024) Parameter "Sender" not used
D:\works\OburecGH\Lazarus\RecorderLnx\.\UI\uLuaCalcSettingsDialog.pas(43,26) Hint: (5024) Parameter "Sender" not used
D:\works\OburecGH\Lazarus\RecorderLnx\.\UI\uLuaCalcSettingsDialog.pas(44,26) Hint: (5024) Parameter "Sender" not used
D:\works\OburecGH\Lazarus\RecorderLnx\.\UI\uLuaCalcSettingsDialog.pas(45,29) Hint: (5024) Parameter "Sender" not used
D:\works\OburecGH\Lazarus\RecorderLnx\.\UI\uLuaCalcSettingsDialog.pas(472,30) Warning: (5066) Symbol "SelStart" is deprecated: "Use "BlockBegin" / SynMemo compatibility - very slow / SynEdit operates on x/y"
D:\works\OburecGH\Lazarus\RecorderLnx\.\UI\uLuaCalcSettingsDialog.pas(503,13) Warning: (5066) Symbol "SelStart" is deprecated: "Use "BlockBegin" / SynMemo compatibility - very slow / SynEdit operates on x/y"
D:\works\OburecGH\Lazarus\RecorderLnx\.\UI\uLuaCalcSettingsDialog.pas(504,13) Warning: (5066) Symbol "SelEnd" is deprecated: "Use "BlockEnd" / SynMemo compatibility - very slow / SynEdit operates on x/y"
D:\works\OburecGH\Lazarus\RecorderLnx\.\UI\uLuaCalcSettingsDialog.pas(48,23) Hint: (5024) Parameter "Sender" not used
D:\works\OburecGH\Lazarus\RecorderLnx\.\UI\uLuaCalcSettingsDialog.pas(48,44) Hint: (5024) Parameter "CloseAction" not used
D:\works\OburecGH\Lazarus\RecorderLnx\.\UI\uLuaCalcSettingsDialog.pas(49,25) Hint: (5024) Parameter "Sender" not used
D:\works\OburecGH\Lazarus\RecorderLnx\.\UI\uLuaCalcSettingsDialog.pas(50,30) Hint: (5024) Parameter "Sender" not used
D:\works\OburecGH\Lazarus\RecorderLnx\.\UI\uLuaCalcSettingsDialog.pas(632,14) Warning: (5066) Symbol "SelStart" is deprecated: "Use "BlockBegin" / SynMemo compatibility - very slow / SynEdit operates on x/y"
D:\works\OburecGH\Lazarus\RecorderLnx\.\UI\uLuaCalcSettingsDialog.pas(633,51) Warning: (5066) Symbol "SelStart" is deprecated: "Use "BlockBegin" / SynMemo compatibility - very slow / SynEdit operates on x/y"
D:\works\OburecGH\Lazarus\RecorderLnx\.\UI\uLuaCalcSettingsDialog.pas(56,33) Hint: (5024) Parameter "Sender" not used
D:\works\OburecGH\Lazarus\RecorderLnx\.\UI\uLuaCalcSettingsDialog.pas(57,7) Hint: (5024) Parameter "Shift" not used
D:\works\OburecGH\Lazarus\RecorderLnx\.\UI\uLuaCalcSettingsDialog.pas(59,7) Hint: (5024) Parameter "Shift" not used
D:\works\OburecGH\Lazarus\RecorderLnx\.\UI\uLuaCalcSettingsDialog.pas(673,15) Hint: (4055) Conversion between ordinals and pointers is not portable
D:\works\OburecGH\Lazarus\RecorderLnx\.\UI\uLuaCalcSettingsDialog.pas(673,15) Warning: (4082) Converting pointers to signed integers may result in wrong comparison results and range errors, use an unsigned type instead.
D:\works\OburecGH\Lazarus\RecorderLnx\.\UI\uLuaCalcSettingsDialog.pas(683,19) Hint: (4055) Conversion between ordinals and pointers is not portable
D:\works\OburecGH\Lazarus\RecorderLnx\.\UI\uLuaCalcSettingsDialog.pas(55,32) Hint: (5024) Parameter "Sender" not used
(3104) Compiling .\UI\uRecorderWindowDragTrace.pas
D:\works\OburecGH\Lazarus\RecorderLnx\.\UI\uRecorderWindowDragTrace.pas(75,37) Hint: (5057) Local variable "lRect" does not seem to be initialized
(3104) Compiling .\UI\uRecorderDeviceSearchDialog.pas
D:\works\OburecGH\Lazarus\RecorderLnx\.\UI\uRecorderDeviceSearchDialog.pas(27,33) Hint: (5024) Parameter "Sender" not used
D:\works\OburecGH\Lazarus\RecorderLnx\.\UI\uRecorderDeviceSearchDialog.pas(28,35) Hint: (5024) Parameter "Sender" not used
(3104) Compiling .\Core\uRecorderTagTableExchange.pas
(3104) Compiling D:\works\OburecGH\Lazarus\third_party\fpspreadsheet\xlsxooxml.pas
(3104) Compiling D:\works\OburecGH\Lazarus\third_party\fpspreadsheet\fpspalette.pas
(3104) Compiling D:\works\OburecGH\Lazarus\third_party\fpspreadsheet\xlscommon.pas
D:\works\OburecGH\Lazarus\third_party\fpspreadsheet\xlscommon.pas(1139,18) Hint: (5091) Local variable "s" of a managed type does not seem to be initialized
D:\works\OburecGH\Lazarus\third_party\fpspreadsheet\xlscommon.pas(1357,14) Hint: (5091) Local variable "s" of a managed type does not seem to be initialized
D:\works\OburecGH\Lazarus\third_party\fpspreadsheet\xlscommon.pas(1550,9) Warning: (4045) Comparison might be always true due to range of constant and expression
D:\works\OburecGH\Lazarus\third_party\fpspreadsheet\xlscommon.pas(2138,14) Hint: (5091) Local variable "s" of a managed type does not seem to be initialized
D:\works\OburecGH\Lazarus\third_party\fpspreadsheet\xlscommon.pas(3730,16) Note: (6058) Call to subroutine "operator :=(const source:ShortInt):Variant;" marked as inline is not inlined
D:\works\OburecGH\Lazarus\third_party\fpspreadsheet\xlscommon.pas(3746,30) Note: (6058) Call to subroutine "operator :=(const source:Variant):Double;" marked as inline is not inlined
D:\works\OburecGH\Lazarus\third_party\fpspreadsheet\xlscommon.pas(3761,34) Note: (6058) Call to subroutine "operator =(const op1:Variant;const op2:Variant):Boolean;" marked as inline is not inlined
D:\works\OburecGH\Lazarus\third_party\fpspreadsheet\xlscommon.pas(3761,34) Note: (6058) Call to subroutine "operator :=(const source:ShortInt):Variant;" marked as inline is not inlined
D:\works\OburecGH\Lazarus\third_party\fpspreadsheet\xlscommon.pas(3765,16) Note: (6058) Call to subroutine "operator :=(const source:ShortInt):Variant;" marked as inline is not inlined
D:\works\OburecGH\Lazarus\third_party\fpspreadsheet\xlscommon.pas(568,8) Hint: (5023) Unit "fpspatches" not used in xlscommon
D:\works\OburecGH\Lazarus\third_party\fpspreadsheet\xlsxooxml.pas(2533,18) Note: (6058) Call to subroutine "operator :=(const source:ShortInt):Variant;" marked as inline is not inlined
D:\works\OburecGH\Lazarus\third_party\fpspreadsheet\xlsxooxml.pas(2550,32) Note: (6058) Call to subroutine "operator :=(const source:Variant):Double;" marked as inline is not inlined
D:\works\OburecGH\Lazarus\third_party\fpspreadsheet\xlsxooxml.pas(2565,36) Note: (6058) Call to subroutine "operator =(const op1:Variant;const op2:Variant):Boolean;" marked as inline is not inlined
D:\works\OburecGH\Lazarus\third_party\fpspreadsheet\xlsxooxml.pas(2565,36) Note: (6058) Call to subroutine "operator :=(const source:ShortInt):Variant;" marked as inline is not inlined
D:\works\OburecGH\Lazarus\third_party\fpspreadsheet\xlsxooxml.pas(2568,9) Note: (6058) Call to subroutine "procedure VarClear(var V:Variant);" marked as inline is not inlined
D:\works\OburecGH\Lazarus\third_party\fpspreadsheet\xlsxooxml.pas(221,6) Hint: (5028) Local const "OOXML_PATH_RELS" is not used
D:\works\OburecGH\Lazarus\third_party\fpspreadsheet\xlsxooxml.pas(224,6) Hint: (5028) Local const "OOXML_PATH_XL_RELS" is not used
D:\works\OburecGH\Lazarus\third_party\fpspreadsheet\xlsxooxml.pas(209,8) Hint: (5023) Unit "fpspatches" not used in xlsxooxml
D:\works\OburecGH\Lazarus\RecorderLnx\.\Core\uRecorderTagTableExchange.pas(226,19) Hint: (5058) Variable "AResult" does not seem to be initialized
D:\works\OburecGH\Lazarus\RecorderLnx\.\Core\uRecorderTagTableExchange.pas(420,6) Warning: (4104) Implicit string type conversion from "AnsiString" to "UnicodeString"
D:\works\OburecGH\Lazarus\RecorderLnx\.\Core\uRecorderTagTableExchange.pas(420,26) Warning: (4104) Implicit string type conversion from "AnsiString" to "UnicodeString"
D:\works\OburecGH\Lazarus\RecorderLnx\.\Core\uRecorderTagTableExchange.pas(423,6) Warning: (4104) Implicit string type conversion from "AnsiString" to "UnicodeString"
D:\works\OburecGH\Lazarus\RecorderLnx\.\Core\uRecorderTagTableExchange.pas(423,28) Warning: (4104) Implicit string type conversion from "AnsiString" to "UnicodeString"
D:\works\OburecGH\Lazarus\RecorderLnx\.\Core\uRecorderTagTableExchange.pas(755,26) Hint: (5091) Local variable "lUniqueRows" of a managed type does not seem to be initialized
D:\works\OburecGH\Lazarus\RecorderLnx\.\Core\uRecorderTagTableExchange.pas(1012,20) Hint: (5091) Local variable "lRows" of a managed type does not seem to be initialized
(3104) Compiling .\Device\OPC\uRecorderOpcUaTypes.pas
D:\works\OburecGH\Lazarus\RecorderLnx\.\UI\uRecorderSettingsDialog.pas(150,31) Hint: (5024) Parameter "Sender" not used
D:\works\OburecGH\Lazarus\RecorderLnx\.\UI\uRecorderSettingsDialog.pas(151,7) Hint: (5024) Parameter "State" not used
D:\works\OburecGH\Lazarus\RecorderLnx\.\UI\uRecorderSettingsDialog.pas(149,31) Hint: (5024) Parameter "Sender" not used
D:\works\OburecGH\Lazarus\RecorderLnx\.\UI\uRecorderSettingsDialog.pas(153,32) Hint: (5024) Parameter "Sender" not used
D:\works\OburecGH\Lazarus\RecorderLnx\.\UI\uRecorderSettingsDialog.pas(154,7) Hint: (5024) Parameter "Shift" not used
D:\works\OburecGH\Lazarus\RecorderLnx\.\UI\uRecorderSettingsDialog.pas(156,37) Hint: (5024) Parameter "Sender" not used
D:\works\OburecGH\Lazarus\RecorderLnx\.\UI\uRecorderSettingsDialog.pas(157,36) Hint: (5024) Parameter "Sender" not used
D:\works\OburecGH\Lazarus\RecorderLnx\.\UI\uRecorderSettingsDialog.pas(158,38) Hint: (5024) Parameter "Sender" not used
D:\works\OburecGH\Lazarus\RecorderLnx\.\UI\uRecorderSettingsDialog.pas(159,35) Hint: (5024) Parameter "Sender" not used
D:\works\OburecGH\Lazarus\RecorderLnx\.\UI\uRecorderSettingsDialog.pas(160,36) Hint: (5024) Parameter "Sender" not used
D:\works\OburecGH\Lazarus\RecorderLnx\.\UI\uRecorderSettingsDialog.pas(161,34) Hint: (5024) Parameter "Sender" not used
D:\works\OburecGH\Lazarus\RecorderLnx\.\UI\uRecorderSettingsDialog.pas(162,34) Hint: (5024) Parameter "Sender" not used
D:\works\OburecGH\Lazarus\RecorderLnx\.\UI\uRecorderSettingsDialog.pas(282,46) Hint: (5024) Parameter "Sender" not used
D:\works\OburecGH\Lazarus\RecorderLnx\.\UI\uRecorderSettingsDialog.pas(2472,23) Warning: (4104) Implicit string type conversion from "AnsiString" to "UnicodeString"
D:\works\OburecGH\Lazarus\RecorderLnx\.\UI\uRecorderSettingsDialog.pas(2472,66) Warning: (4105) Implicit string type conversion with potential data loss from "UnicodeString" to "AnsiString"
D:\works\OburecGH\Lazarus\RecorderLnx\.\UI\uRecorderSettingsDialog.pas(336,39) Hint: (5024) Parameter "Sender" not used
D:\works\OburecGH\Lazarus\RecorderLnx\.\UI\uRecorderSettingsDialog.pas(195,38) Hint: (5024) Parameter "Sender" not used
D:\works\OburecGH\Lazarus\RecorderLnx\.\UI\uRecorderSettingsDialog.pas(196,7) Hint: (5024) Parameter "Shift" not used
D:\works\OburecGH\Lazarus\RecorderLnx\.\UI\uRecorderSettingsDialog.pas(197,59) Hint: (5024) Parameter "Shift" not used
D:\works\OburecGH\Lazarus\RecorderLnx\.\UI\uRecorderSettingsDialog.pas(198,44) Hint: (5024) Parameter "Sender" not used
D:\works\OburecGH\Lazarus\RecorderLnx\.\UI\uRecorderSettingsDialog.pas(202,32) Hint: (5024) Parameter "Sender" not used
D:\works\OburecGH\Lazarus\RecorderLnx\.\UI\uRecorderSettingsDialog.pas(303,35) Hint: (5024) Parameter "Sender" not used
D:\works\OburecGH\Lazarus\RecorderLnx\.\UI\uRecorderSettingsDialog.pas(187,35) Hint: (5024) Parameter "Sender" not used
D:\works\OburecGH\Lazarus\RecorderLnx\.\UI\uRecorderSettingsDialog.pas(316,38) Hint: (5024) Parameter "Sender" not used
D:\works\OburecGH\Lazarus\RecorderLnx\.\UI\uRecorderSettingsDialog.pas(317,30) Hint: (5024) Parameter "Sender" not used
D:\works\OburecGH\Lazarus\RecorderLnx\.\UI\uRecorderSettingsDialog.pas(323,41) Hint: (5024) Parameter "Sender" not used
D:\works\OburecGH\Lazarus\RecorderLnx\.\UI\uRecorderSettingsDialog.pas(324,41) Hint: (5024) Parameter "Sender" not used
D:\works\OburecGH\Lazarus\RecorderLnx\.\UI\uRecorderSettingsDialog.pas(4750,21) Hint: (5091) Local variable "lTasks" of a managed type does not seem to be initialized
D:\works\OburecGH\Lazarus\RecorderLnx\.\UI\uRecorderSettingsDialog.pas(4751,26) Hint: (5091) Local variable "lProcedures" of a managed type does not seem to be initialized
D:\works\OburecGH\Lazarus\RecorderLnx\.\UI\uRecorderSettingsDialog.pas(4813,28) Hint: (5091) Local variable "lRetryTasks" of a managed type does not seem to be initialized
D:\works\OburecGH\Lazarus\RecorderLnx\.\UI\uRecorderSettingsDialog.pas(4814,33) Hint: (5091) Local variable "lRetryProcedures" of a managed type does not seem to be initialized
D:\works\OburecGH\Lazarus\RecorderLnx\.\UI\uRecorderSettingsDialog.pas(326,44) Hint: (5024) Parameter "Sender" not used
D:\works\OburecGH\Lazarus\RecorderLnx\.\UI\uRecorderSettingsDialog.pas(327,41) Hint: (5024) Parameter "Sender" not used
D:\works\OburecGH\Lazarus\RecorderLnx\.\UI\uRecorderSettingsDialog.pas(328,39) Hint: (5024) Parameter "Sender" not used
D:\works\OburecGH\Lazarus\RecorderLnx\.\UI\uRecorderSettingsDialog.pas(189,38) Hint: (5024) Parameter "Sender" not used
D:\works\OburecGH\Lazarus\RecorderLnx\.\UI\uRecorderSettingsDialog.pas(189,55) Hint: (5024) Parameter "Shift" not used
D:\works\OburecGH\Lazarus\RecorderLnx\.\UI\uRecorderSettingsDialog.pas(191,38) Hint: (5024) Parameter "Sender" not used
D:\works\OburecGH\Lazarus\RecorderLnx\.\UI\uRecorderSettingsDialog.pas(192,7) Hint: (5024) Parameter "Shift" not used
D:\works\OburecGH\Lazarus\RecorderLnx\.\UI\uRecorderSettingsDialog.pas(199,34) Hint: (5024) Parameter "Sender" not used
D:\works\OburecGH\Lazarus\RecorderLnx\.\UI\uRecorderSettingsDialog.pas(201,40) Hint: (5024) Parameter "Sender" not used
D:\works\OburecGH\Lazarus\RecorderLnx\.\UI\uRecorderSettingsDialog.pas(139,32) Hint: (5024) Parameter "Sender" not used
D:\works\OburecGH\Lazarus\RecorderLnx\.\UI\uRecorderSettingsDialog.pas(188,47) Hint: (5024) Parameter "Sender" not used
D:\works\OburecGH\Lazarus\RecorderLnx\.\UI\uRecorderSettingsDialog.pas(140,29) Hint: (5024) Parameter "Sender" not used
D:\works\OburecGH\Lazarus\RecorderLnx\.\UI\uRecorderSettingsDialog.pas(141,32) Hint: (5024) Parameter "Sender" not used
D:\works\OburecGH\Lazarus\RecorderLnx\.\UI\uRecorderSettingsDialog.pas(142,33) Hint: (5024) Parameter "Sender" not used
D:\works\OburecGH\Lazarus\RecorderLnx\.\UI\uRecorderSettingsDialog.pas(143,34) Hint: (5024) Parameter "Sender" not used
D:\works\OburecGH\Lazarus\RecorderLnx\.\UI\uRecorderSettingsDialog.pas(144,37) Hint: (5024) Parameter "Sender" not used
D:\works\OburecGH\Lazarus\RecorderLnx\.\UI\uRecorderSettingsDialog.pas(173,7) Hint: (5024) Parameter "Shift" not used
D:\works\OburecGH\Lazarus\RecorderLnx\.\UI\uRecorderSettingsDialog.pas(163,46) Hint: (5024) Parameter "Sender" not used
D:\works\OburecGH\Lazarus\RecorderLnx\.\UI\uRecorderSettingsDialog.pas(145,35) Hint: (5024) Parameter "Sender" not used
D:\works\OburecGH\Lazarus\RecorderLnx\.\UI\uRecorderSettingsDialog.pas(350,37) Hint: (5024) Parameter "Sender" not used
D:\works\OburecGH\Lazarus\RecorderLnx\.\UI\uRecorderSettingsDialog.pas(346,33) Hint: (5024) Parameter "Sender" not used
D:\works\OburecGH\Lazarus\RecorderLnx\.\UI\uRecorderSettingsDialog.pas(347,30) Hint: (5024) Parameter "Sender" not used
D:\works\OburecGH\Lazarus\RecorderLnx\.\UI\uRecorderSettingsDialog.pas(348,33) Hint: (5024) Parameter "Sender" not used
D:\works\OburecGH\Lazarus\RecorderLnx\.\UI\uRecorderSettingsDialog.pas(6395,3) Note: (5025) Local variable "lOutput" not used
D:\works\OburecGH\Lazarus\RecorderLnx\.\UI\uRecorderSettingsDialog.pas(6396,3) Note: (5025) Local variable "lProcess" not used
D:\works\OburecGH\Lazarus\RecorderLnx\.\UI\uRecorderSettingsDialog.pas(200,37) Hint: (5024) Parameter "Sender" not used
D:\works\OburecGH\Lazarus\RecorderLnx\.\UI\uRecorderSettingsDialog.pas(146,37) Hint: (5024) Parameter "Sender" not used
D:\works\OburecGH\Lazarus\RecorderLnx\.\UI\uRecorderSettingsDialog.pas(147,37) Hint: (5024) Parameter "Sender" not used
D:\works\OburecGH\Lazarus\RecorderLnx\.\UI\uRecorderSettingsDialog.pas(148,40) Hint: (5024) Parameter "Sender" not used
D:\works\OburecGH\Lazarus\RecorderLnx\.\UI\uRecorderSettingsDialog.pas(171,45) Hint: (5024) Parameter "Sender" not used
D:\works\OburecGH\Lazarus\RecorderLnx\.\UI\uRecorderSettingsDialog.pas(174,85) Hint: (5024) Parameter "Shift" not used
D:\works\OburecGH\Lazarus\RecorderLnx\.\UI\uRecorderSettingsDialog.pas(240,61) Hint: (5024) Parameter "Button" not used
D:\works\OburecGH\Lazarus\RecorderLnx\.\UI\uRecorderSettingsDialog.pas(240,83) Hint: (5024) Parameter "Shift" not used
D:\works\OburecGH\Lazarus\RecorderLnx\.\UI\uRecorderSettingsDialog.pas(240,103) Hint: (5024) Parameter "X" not used
D:\works\OburecGH\Lazarus\RecorderLnx\.\UI\uRecorderSettingsDialog.pas(240,106) Hint: (5024) Parameter "Y" not used
D:\works\OburecGH\Lazarus\RecorderLnx\.\UI\uRecorderSettingsDialog.pas(175,37) Hint: (5024) Parameter "Sender" not used
D:\works\OburecGH\Lazarus\RecorderLnx\.\UI\uRecorderSettingsDialog.pas(175,54) Hint: (5024) Parameter "Node" not used
D:\works\OburecGH\Lazarus\RecorderLnx\.\UI\uRecorderSettingsDialog.pas(176,39) Hint: (5024) Parameter "Sender" not used
D:\works\OburecGH\Lazarus\RecorderLnx\.\UI\uRecorderSettingsDialog.pas(177,39) Hint: (5024) Parameter "Sender" not used
D:\works\OburecGH\Lazarus\RecorderLnx\.\UI\uRecorderSettingsDialog.pas(177,64) Hint: (5024) Parameter "X" not used
D:\works\OburecGH\Lazarus\RecorderLnx\.\UI\uRecorderSettingsDialog.pas(177,67) Hint: (5024) Parameter "Y" not used
D:\works\OburecGH\Lazarus\RecorderLnx\.\UI\uRecorderSettingsDialog.pas(178,7) Hint: (5024) Parameter "State" not used
D:\works\OburecGH\Lazarus\RecorderLnx\.\UI\uRecorderSettingsDialog.pas(179,36) Hint: (5024) Parameter "Sender" not used
D:\works\OburecGH\Lazarus\RecorderLnx\.\UI\uRecorderSettingsDialog.pas(180,39) Hint: (5024) Parameter "Sender" not used
D:\works\OburecGH\Lazarus\RecorderLnx\.\UI\uRecorderSettingsDialog.pas(181,39) Hint: (5024) Parameter "Sender" not used
D:\works\OburecGH\Lazarus\RecorderLnx\.\UI\uRecorderSettingsDialog.pas(182,38) Hint: (5024) Parameter "Sender" not used
D:\works\OburecGH\Lazarus\RecorderLnx\.\UI\uRecorderSettingsDialog.pas(183,49) Hint: (5024) Parameter "Sender" not used
D:\works\OburecGH\Lazarus\RecorderLnx\.\UI\uRecorderSettingsDialog.pas(184,40) Hint: (5024) Parameter "Sender" not used
D:\works\OburecGH\Lazarus\RecorderLnx\.\UI\uRecorderSettingsDialog.pas(185,44) Hint: (5024) Parameter "Sender" not used
D:\works\OburecGH\Lazarus\RecorderLnx\.\UI\uRecorderSettingsDialog.pas(168,45) Hint: (5024) Parameter "Sender" not used
D:\works\OburecGH\Lazarus\RecorderLnx\.\UI\uRecorderSettingsDialog.pas(168,70) Hint: (5024) Parameter "X" not used
D:\works\OburecGH\Lazarus\RecorderLnx\.\UI\uRecorderSettingsDialog.pas(168,73) Hint: (5024) Parameter "Y" not used
D:\works\OburecGH\Lazarus\RecorderLnx\.\UI\uRecorderSettingsDialog.pas(169,45) Hint: (5024) Parameter "Sender" not used
D:\works\OburecGH\Lazarus\RecorderLnx\.\UI\uRecorderSettingsDialog.pas(169,70) Hint: (5024) Parameter "X" not used
D:\works\OburecGH\Lazarus\RecorderLnx\.\UI\uRecorderSettingsDialog.pas(169,73) Hint: (5024) Parameter "Y" not used
D:\works\OburecGH\Lazarus\RecorderLnx\.\UI\uRecorderSettingsDialog.pas(170,7) Hint: (5024) Parameter "State" not used
D:\works\OburecGH\Lazarus\RecorderLnx\.\UI\uRecorderSettingsDialog.pas(186,37) Hint: (5024) Parameter "Sender" not used
D:\works\OburecGH\Lazarus\RecorderLnx\.\UI\uRecorderSettingsDialog.pas(241,45) Hint: (5024) Parameter "Sender" not used
D:\works\OburecGH\Lazarus\RecorderLnx\.\UI\uRecorderSettingsDialog.pas(242,48) Hint: (5024) Parameter "Sender" not used
D:\works\OburecGH\Lazarus\RecorderLnx\.\UI\uRecorderSettingsDialog.pas(193,36) Hint: (5024) Parameter "Sender" not used
D:\works\OburecGH\Lazarus\RecorderLnx\.\UI\uRecorderSettingsDialog.pas(194,7) Hint: (5024) Parameter "Shift" not used
D:\works\OburecGH\Lazarus\RecorderLnx\.\UI\uRecorderSettingsDialog.pas(432,3) Hint: (5028) Local const "CShareFolderHelper" is not used
D:\works\OburecGH\Lazarus\RecorderLnx\.\UI\uRecorderSettingsDialog.pas(767,3) Hint: (5028) Local const "CDeviceTreeProbeTimeoutMs" is not used
D:\works\OburecGH\Lazarus\RecorderLnx\.\UI\uRecorderSettingsDialog.pas(28,26) Hint: (5023) Unit "uRecorderMeraSdbThermocouples" not used in uRecorderSettingsDialog
D:\works\OburecGH\Lazarus\RecorderLnx\.\UI\uRecorderSettingsDialog.pas(421,54) Hint: (5023) Unit "uMic185Constants" not used in uRecorderSettingsDialog
(3104) Compiling .\UI\uRecorderDigitalPageView.pas
(3104) Compiling .\Core\uRecorderDataStorage.pas
(3104) Compiling .\Device\uRecorderRuntimeSourceFactory.pas
(3104) Compiling .\Device\OPC\uRecorderOpcUaFactory.pas
(3104) Compiling .\Device\OPC\uRecorderOpcUaDevice.pas
(3104) Compiling .\Device\OPC\uRecorderOpcUaApi.pas
(3104) Compiling .\Device\OPC\uRecorderOpcUaBinaryClient.pas
D:\works\OburecGH\Lazarus\RecorderLnx\.\Device\OPC\uRecorderOpcUaBinaryClient.pas(188,19) Warning: (5093) function result variable of a managed type does not seem to be initialized
D:\works\OburecGH\Lazarus\RecorderLnx\.\Device\OPC\uRecorderOpcUaBinaryClient.pas(244,21) Hint: (5057) Local variable "B" does not seem to be initialized
D:\works\OburecGH\Lazarus\RecorderLnx\.\Device\OPC\uRecorderOpcUaBinaryClient.pas(340,33) Warning: (5093) function result variable of a managed type does not seem to be initialized
D:\works\OburecGH\Lazarus\RecorderLnx\.\Device\OPC\uRecorderOpcUaBinaryClient.pas(345,41) Hint: (5060) Function result variable does not seem to be initialized
D:\works\OburecGH\Lazarus\RecorderLnx\.\Device\OPC\uRecorderOpcUaBinaryClient.pas(373,34) Hint: (5060) Function result variable does not seem to be initialized
D:\works\OburecGH\Lazarus\RecorderLnx\.\Device\OPC\uRecorderOpcUaBinaryClient.pas(377,34) Hint: (5060) Function result variable does not seem to be initialized
D:\works\OburecGH\Lazarus\RecorderLnx\.\Device\OPC\uRecorderOpcUaBinaryClient.pas(384,27) Hint: (5091) Local variable "S" of a managed type does not seem to be initialized
D:\works\OburecGH\Lazarus\RecorderLnx\.\Device\OPC\uRecorderOpcUaBinaryClient.pas(385,13) Warning: (4105) Implicit string type conversion with potential data loss from "UnicodeString" to "AnsiString"
D:\works\OburecGH\Lazarus\RecorderLnx\.\Device\OPC\uRecorderOpcUaBinaryClient.pas(426,21) Hint: (5092) Variable "AEncoded" of a managed type does not seem to be initialized
D:\works\OburecGH\Lazarus\RecorderLnx\.\Device\OPC\uRecorderOpcUaBinaryClient.pas(442,14) Note: (5027) Local variable "I" is assigned but never used
D:\works\OburecGH\Lazarus\RecorderLnx\.\Device\OPC\uRecorderOpcUaBinaryClient.pas(580,30) Hint: (5057) Local variable "H" does not seem to be initialized
D:\works\OburecGH\Lazarus\RecorderLnx\.\Device\OPC\uRecorderOpcUaBinaryClient.pas(581,14) Hint: (5091) Local variable "T" of a managed type does not seem to be initialized
D:\works\OburecGH\Lazarus\RecorderLnx\.\Device\OPC\uRecorderOpcUaBinaryClient.pas(740,25) Hint: (5091) Local variable "TokenBytes" of a managed type does not seem to be initialized
D:\works\OburecGH\Lazarus\RecorderLnx\.\Device\OPC\uRecorderOpcUaBinaryClient.pas(1033,30) Warning: (4104) Implicit string type conversion from "AnsiString" to "UnicodeString"
D:\works\OburecGH\Lazarus\RecorderLnx\.\Device\OPC\uRecorderOpcUaBinaryClient.pas(1033,48) Warning: (4105) Implicit string type conversion with potential data loss from "UnicodeString" to "AnsiString"
D:\works\OburecGH\Lazarus\RecorderLnx\.\Device\OPC\uRecorderOpcUaBinaryClient.pas(84,3) Hint: (5023) Unit "Math" not used in uRecorderOpcUaBinaryClient
D:\works\OburecGH\Lazarus\RecorderLnx\.\Device\OPC\uRecorderOpcUaApi.pas(32,41) Hint: (5024) Parameter "AHandle" not used
D:\works\OburecGH\Lazarus\RecorderLnx\.\Device\OPC\uRecorderOpcUaApi.pas(33,9) Hint: (5024) Parameter "ANodeId" not used
D:\works\OburecGH\Lazarus\RecorderLnx\.\Device\OPC\uRecorderOpcUaApi.pas(33,18) Hint: (5024) Parameter "ADisplayName" not used
D:\works\OburecGH\Lazarus\RecorderLnx\.\Device\OPC\uRecorderOpcUaApi.pas(33,40) Hint: (5024) Parameter "AInitialValue" not used
D:\works\OburecGH\Lazarus\RecorderLnx\.\Device\OPC\uRecorderOpcUaApi.pas(34,3) Hint: (5024) Parameter "AWritable" not used
D:\works\OburecGH\Lazarus\RecorderLnx\.\Device\OPC\uRecorderOpcUaApi.pas(35,35) Hint: (5024) Parameter "AHandle" not used
D:\works\OburecGH\Lazarus\RecorderLnx\.\Device\OPC\uRecorderOpcUaApi.pas(36,37) Hint: (5024) Parameter "AHandle" not used
D:\works\OburecGH\Lazarus\RecorderLnx\.\Device\OPC\uRecorderOpcUaApi.pas(37,3) Hint: (5024) Parameter "AWaitInternal" not used
D:\works\OburecGH\Lazarus\RecorderLnx\.\Device\OPC\uRecorderOpcUaApi.pas(38,35) Hint: (5024) Parameter "AHandle" not used
D:\works\OburecGH\Lazarus\RecorderLnx\.\Device\OPC\uRecorderOpcUaApi.pas(39,3) Hint: (5024) Parameter "AIndex" not used
D:\works\OburecGH\Lazarus\RecorderLnx\.\Device\OPC\uRecorderOpcUaApi.pas(39,20) Hint: (5024) Parameter "AValue" not used
D:\works\OburecGH\Lazarus\RecorderLnx\.\Device\OPC\uRecorderOpcUaDevice.pas(28,17) Warning: (3057) An inherited method is hidden by "constructor Create(const AnsiString;const AnsiString);"
D:\works\OburecGH\Lazarus\RecorderLnx\.\Device\OPC\uRecorderOpcUaDevice.pas(218,31) Note: (6058) Call to subroutine "operator :=(const source:AnsiString):Variant;" marked as inline is not inlined
D:\works\OburecGH\Lazarus\RecorderLnx\.\Device\OPC\uRecorderOpcUaDevice.pas(219,39) Note: (6058) Call to subroutine "operator :=(const source:LongWord):Variant;" marked as inline is not inlined
D:\works\OburecGH\Lazarus\RecorderLnx\.\Device\OPC\uRecorderOpcUaDevice.pas(220,39) Note: (6058) Call to subroutine "operator :=(const source:LongInt):Variant;" marked as inline is not inlined
D:\works\OburecGH\Lazarus\RecorderLnx\.\Device\OPC\uRecorderOpcUaDevice.pas(221,50) Note: (6058) Call to subroutine "operator :=(const source:Byte):Variant;" marked as inline is not inlined
D:\works\OburecGH\Lazarus\RecorderLnx\.\Device\OPC\uRecorderOpcUaDevice.pas(222,29) Note: (6058) Call to subroutine "operator :=(const source:AnsiString):Variant;" marked as inline is not inlined
D:\works\OburecGH\Lazarus\RecorderLnx\.\Device\OPC\uRecorderOpcUaDevice.pas(232,19) Warning: (5093) function result variable of a managed type does not seem to be initialized
(3104) Compiling .\Device\OPC\uRecorderOpcUaDataSource.pas
(3104) Compiling .\Device\uRecorderTagDeviceServices.pas
(3104) Compiling .\Device\mic185\UI\uRecorderMic185SettingsDialog.pas
(3104) Compiling .\Device\mic185\UI\uRecorderMic185AdditionalDialog.pas
D:\works\OburecGH\Lazarus\RecorderLnx\.\Device\mic185\UI\uRecorderMic185AdditionalDialog.pas(31,31) Hint: (5024) Parameter "Sender" not used
D:\works\OburecGH\Lazarus\RecorderLnx\.\Device\mic185\UI\uRecorderMic185AdditionalDialog.pas(32,36) Hint: (5024) Parameter "Sender" not used
D:\works\OburecGH\Lazarus\RecorderLnx\.\Device\mic185\UI\uRecorderMic185AdditionalDialog.pas(33,35) Hint: (5024) Parameter "Sender" not used
(3104) Compiling .\Device\mic185\UI\uRecorderMic185ChannelDialog.pas
D:\works\OburecGH\Lazarus\RecorderLnx\.\Device\mic185\UI\uRecorderMic185ChannelDialog.pas(51,29) Hint: (5024) Parameter "Sender" not used
D:\works\OburecGH\Lazarus\RecorderLnx\.\Device\mic185\UI\uRecorderMic185ChannelDialog.pas(52,31) Hint: (5024) Parameter "Sender" not used
D:\works\OburecGH\Lazarus\RecorderLnx\.\Device\mic185\UI\uRecorderMic185ChannelDialog.pas(247,55) Warning: (4104) Implicit string type conversion from "AnsiString" to "UnicodeString"
D:\works\OburecGH\Lazarus\RecorderLnx\.\Device\mic185\UI\uRecorderMic185ChannelDialog.pas(247,63) Warning: (4105) Implicit string type conversion with potential data loss from "UnicodeString" to "TTranslateString"
(3104) Compiling .\Device\mic185\uRecorderMic185DeviceInfoProbe.pas
D:\works\OburecGH\Lazarus\RecorderLnx\.\Device\mic185\uRecorderMic185DeviceInfoProbe.pas(73,19) Hint: (5057) Local variable "lInfo" does not seem to be initialized
D:\works\OburecGH\Lazarus\RecorderLnx\.\Device\mic185\UI\uRecorderMic185SettingsDialog.pas(45,26) Hint: (5024) Parameter "Sender" not used
D:\works\OburecGH\Lazarus\RecorderLnx\.\Device\mic185\UI\uRecorderMic185SettingsDialog.pas(356,18) Hint: (5092) Variable "ARows" of a managed type does not seem to be initialized
D:\works\OburecGH\Lazarus\RecorderLnx\.\Device\mic185\UI\uRecorderMic185SettingsDialog.pas(38,34) Hint: (5024) Parameter "Sender" not used
D:\works\OburecGH\Lazarus\RecorderLnx\.\Device\mic185\UI\uRecorderMic185SettingsDialog.pas(39,29) Hint: (5024) Parameter "Sender" not used
D:\works\OburecGH\Lazarus\RecorderLnx\.\Device\mic185\UI\uRecorderMic185SettingsDialog.pas(705,22) Hint: (5091) Local variable "lChannels" of a managed type does not seem to be initialized
D:\works\OburecGH\Lazarus\RecorderLnx\.\Device\mic185\UI\uRecorderMic185SettingsDialog.pas(40,31) Hint: (5024) Parameter "Sender" not used
D:\works\OburecGH\Lazarus\RecorderLnx\.\Device\mic185\UI\uRecorderMic185SettingsDialog.pas(41,33) Hint: (5024) Parameter "Sender" not used
D:\works\OburecGH\Lazarus\RecorderLnx\.\Device\mic185\UI\uRecorderMic185SettingsDialog.pas(42,26) Hint: (5024) Parameter "Sender" not used
D:\works\OburecGH\Lazarus\RecorderLnx\.\Device\mic185\UI\uRecorderMic185SettingsDialog.pas(43,34) Hint: (5024) Parameter "Sender" not used
D:\works\OburecGH\Lazarus\RecorderLnx\.\Device\mic185\UI\uRecorderMic185SettingsDialog.pas(44,33) Hint: (5024) Parameter "Sender" not used
D:\works\OburecGH\Lazarus\RecorderLnx\.\Device\mic185\UI\uRecorderMic185SettingsDialog.pas(93,18) Hint: (5023) Unit "StrUtils" not used in uRecorderMic185SettingsDialog
(3104) Compiling .\UI\uRecorderMic185SettingsSelfTest.pas
D:\works\OburecGH\Lazarus\RecorderLnx\.\UI\uRecorderMic185SettingsSelfTest.pas(60,25) Hint: (5024) Parameter "Sender" not used
D:\works\OburecGH\Lazarus\RecorderLnx\.\Device\uRecorderTagDeviceServices.pas(87,30) Warning: (4104) Implicit string type conversion from "AnsiString" to "UnicodeString"
(3104) Compiling .\Core\uRecorderRecordChannelMetadata.pas
(3104) Compiling .\Device\uRecorderDeviceRecordChannelMetadata.pas
(3104) Compiling .\Core\uRecorderRecordTimebase.pas
(3104) Compiling .\SQLdb\uRecorderSqlDbSettingsDialog.pas
(3104) Compiling .\SQLdb\uRecorderSqlDbFirebirdTools.pas
D:\works\OburecGH\Lazarus\RecorderLnx\.\SQLdb\uRecorderSqlDbFirebirdTools.pas(86,46) Hint: (5057) Local variable "lBuffer" does not seem to be initialized
(3104) Compiling .\SQLdb\uRecorderSqlDbProjectManager.pas
(3104) Compiling .\SQLdb\uRecorderSqlSelectionImportDialog.pas
D:\works\OburecGH\Lazarus\RecorderLnx\.\SQLdb\uRecorderSqlDbSettingsDialog.pas(104,32) Hint: (5024) Parameter "Sender" not used
D:\works\OburecGH\Lazarus\RecorderLnx\.\SQLdb\uRecorderSqlDbSettingsDialog.pas(105,34) Hint: (5024) Parameter "Sender" not used
D:\works\OburecGH\Lazarus\RecorderLnx\.\SQLdb\uRecorderSqlDbSettingsDialog.pas(88,36) Hint: (5024) Parameter "Sender" not used
D:\works\OburecGH\Lazarus\RecorderLnx\.\SQLdb\uRecorderSqlDbSettingsDialog.pas(87,38) Hint: (5024) Parameter "Sender" not used
D:\works\OburecGH\Lazarus\RecorderLnx\.\SQLdb\uRecorderSqlDbSettingsDialog.pas(76,37) Hint: (5024) Parameter "Sender" not used
D:\works\OburecGH\Lazarus\RecorderLnx\.\SQLdb\uRecorderSqlDbSettingsDialog.pas(74,39) Hint: (5024) Parameter "Sender" not used
D:\works\OburecGH\Lazarus\RecorderLnx\.\SQLdb\uRecorderSqlDbSettingsDialog.pas(77,31) Hint: (5024) Parameter "Sender" not used
D:\works\OburecGH\Lazarus\RecorderLnx\.\SQLdb\uRecorderSqlDbSettingsDialog.pas(86,31) Hint: (5024) Parameter "Sender" not used
D:\works\OburecGH\Lazarus\RecorderLnx\.\SQLdb\uRecorderSqlDbSettingsDialog.pas(80,36) Hint: (5024) Parameter "Sender" not used
D:\works\OburecGH\Lazarus\RecorderLnx\.\SQLdb\uRecorderSqlDbSettingsDialog.pas(78,37) Hint: (5024) Parameter "Sender" not used
D:\works\OburecGH\Lazarus\RecorderLnx\.\SQLdb\uRecorderSqlDbSettingsDialog.pas(73,30) Hint: (5024) Parameter "Sender" not used
D:\works\OburecGH\Lazarus\RecorderLnx\.\SQLdb\uRecorderSqlDbSettingsDialog.pas(79,28) Hint: (5024) Parameter "Sender" not used
D:\works\OburecGH\Lazarus\RecorderLnx\.\SQLdb\uRecorderSqlDbSettingsDialog.pas(83,42) Hint: (5024) Parameter "Sender" not used
D:\works\OburecGH\Lazarus\RecorderLnx\.\SQLdb\uRecorderSqlDbSettingsDialog.pas(81,33) Hint: (5024) Parameter "Sender" not used
D:\works\OburecGH\Lazarus\RecorderLnx\.\SQLdb\uRecorderSqlDbSettingsDialog.pas(82,34) Hint: (5024) Parameter "Sender" not used
D:\works\OburecGH\Lazarus\RecorderLnx\.\SQLdb\uRecorderSqlDbSettingsDialog.pas(84,38) Hint: (5024) Parameter "Sender" not used
D:\works\OburecGH\Lazarus\RecorderLnx\.\SQLdb\uRecorderSqlDbSettingsDialog.pas(85,40) Hint: (5024) Parameter "Sender" not used
D:\works\OburecGH\Lazarus\RecorderLnx\.\SQLdb\uRecorderSqlDbSettingsDialog.pas(75,26) Hint: (5024) Parameter "Sender" not used
(3104) Compiling .\SQLdb\SqlTrend\uRecorderSqlTrendView.pas
(3104) Compiling .\SQLdb\SqlTrend\uRecorderMeraEventDialog.pas
(3104) Compiling .\SQLdb\uRecorderNetworkPathResolver.pas
D:\works\OburecGH\Lazarus\RecorderLnx\.\SQLdb\SqlTrend\uRecorderMeraEventDialog.pas(59,28) Hint: (5024) Parameter "Sender" not used
D:\works\OburecGH\Lazarus\RecorderLnx\.\SQLdb\SqlTrend\uRecorderMeraEventDialog.pas(54,35) Hint: (5024) Parameter "Sender" not used
D:\works\OburecGH\Lazarus\RecorderLnx\.\SQLdb\SqlTrend\uRecorderMeraEventDialog.pas(61,37) Hint: (5024) Parameter "Sender" not used
D:\works\OburecGH\Lazarus\RecorderLnx\.\SQLdb\SqlTrend\uRecorderMeraEventDialog.pas(62,11) Hint: (5024) Parameter "CanSelect" not used
D:\works\OburecGH\Lazarus\RecorderLnx\.\SQLdb\SqlTrend\uRecorderMeraEventDialog.pas(60,35) Hint: (5024) Parameter "Sender" not used
D:\works\OburecGH\Lazarus\RecorderLnx\.\SQLdb\SqlTrend\uRecorderMeraEventDialog.pas(496,79) Warning: (4104) Implicit string type conversion from "RawByteString" to "UnicodeString"
D:\works\OburecGH\Lazarus\RecorderLnx\.\SQLdb\SqlTrend\uRecorderMeraEventDialog.pas(497,65) Warning: (4105) Implicit string type conversion with potential data loss from "UnicodeString" to "AnsiString"
D:\works\OburecGH\Lazarus\RecorderLnx\.\SQLdb\SqlTrend\uRecorderMeraEventDialog.pas(540,17) Hint: (5091) Local variable "lIds" of a managed type does not seem to be initialized
D:\works\OburecGH\Lazarus\RecorderLnx\.\SQLdb\SqlTrend\uRecorderMeraEventDialog.pas(56,36) Hint: (5024) Parameter "Sender" not used
D:\works\OburecGH\Lazarus\RecorderLnx\.\SQLdb\SqlTrend\uRecorderMeraEventDialog.pas(55,31) Hint: (5024) Parameter "Sender" not used
D:\works\OburecGH\Lazarus\RecorderLnx\.\SQLdb\SqlTrend\uRecorderMeraEventDialog.pas(58,40) Hint: (5024) Parameter "Sender" not used
D:\works\OburecGH\Lazarus\RecorderLnx\.\SQLdb\SqlTrend\uRecorderMeraEventDialog.pas(57,35) Hint: (5024) Parameter "Sender" not used
(3104) Compiling .\SQLdb\SqlTrend\uRecorderSqlTrendExportDialog.pas
(3104) Compiling .\SQLdb\SqlTrend\uRecorderSqlTrendCsvExport.pas
D:\works\OburecGH\Lazarus\RecorderLnx\.\SQLdb\SqlTrend\uRecorderSqlTrendCsvExport.pas(100,20) Hint: (5092) Variable "ARanges" of a managed type does not seem to be initialized
D:\works\OburecGH\Lazarus\RecorderLnx\.\SQLdb\SqlTrend\uRecorderSqlTrendCsvExport.pas(101,18) Hint: (5092) Variable "AAxis" of a managed type does not seem to be initialized
(3104) Compiling .\SQLdb\SqlTrend\uRecorderSqlTrendMeraExport.pas
D:\works\OburecGH\Lazarus\RecorderLnx\.\SQLdb\SqlTrend\uRecorderSqlTrendMeraExport.pas(95,21) Hint: (5091) Local variable "lTimes" of a managed type does not seem to be initialized
D:\works\OburecGH\Lazarus\RecorderLnx\.\SQLdb\SqlTrend\uRecorderSqlTrendMeraExport.pas(96,22) Hint: (5091) Local variable "lValues" of a managed type does not seem to be initialized
D:\works\OburecGH\Lazarus\RecorderLnx\.\SQLdb\SqlTrend\uRecorderSqlTrendExportDialog.pas(48,15) Warning: (3057) An inherited method is hidden by "CloseQuery(TObject;var Boolean);"
D:\works\OburecGH\Lazarus\RecorderLnx\.\SQLdb\SqlTrend\uRecorderSqlTrendExportDialog.pas(38,30) Hint: (5024) Parameter "Sender" not used
D:\works\OburecGH\Lazarus\RecorderLnx\.\SQLdb\SqlTrend\uRecorderSqlTrendExportDialog.pas(39,31) Hint: (5024) Parameter "Sender" not used
D:\works\OburecGH\Lazarus\RecorderLnx\.\SQLdb\SqlTrend\uRecorderSqlTrendExportDialog.pas(40,29) Hint: (5024) Parameter "Sender" not used
D:\works\OburecGH\Lazarus\RecorderLnx\.\SQLdb\SqlTrend\uRecorderSqlTrendExportDialog.pas(41,29) Hint: (5024) Parameter "Sender" not used
D:\works\OburecGH\Lazarus\RecorderLnx\.\SQLdb\SqlTrend\uRecorderSqlTrendExportDialog.pas(42,27) Hint: (5024) Parameter "Sender" not used
D:\works\OburecGH\Lazarus\RecorderLnx\.\SQLdb\SqlTrend\uRecorderSqlTrendExportDialog.pas(48,26) Hint: (5024) Parameter "Sender" not used
D:\works\OburecGH\Lazarus\RecorderLnx\.\SQLdb\SqlTrend\uRecorderSqlTrendExportDialog.pas(439,89) Warning: (4104) Implicit string type conversion from "AnsiString" to "UnicodeString"
D:\works\OburecGH\Lazarus\RecorderLnx\.\SQLdb\SqlTrend\uRecorderSqlTrendExportDialog.pas(439,98) Warning: (4105) Implicit string type conversion with potential data loss from "UnicodeString" to "AnsiString"
D:\works\OburecGH\Lazarus\RecorderLnx\.\SQLdb\SqlTrend\uRecorderSqlTrendView.pas(116,33) Hint: (5024) Parameter "Sender" not used
D:\works\OburecGH\Lazarus\RecorderLnx\.\SQLdb\SqlTrend\uRecorderSqlTrendView.pas(120,40) Hint: (5024) Parameter "Sender" not used
D:\works\OburecGH\Lazarus\RecorderLnx\.\SQLdb\SqlTrend\uRecorderSqlTrendView.pas(121,34) Hint: (5024) Parameter "Sender" not used
D:\works\OburecGH\Lazarus\RecorderLnx\.\SQLdb\SqlTrend\uRecorderSqlTrendView.pas(123,32) Hint: (5024) Parameter "Sender" not used
D:\works\OburecGH\Lazarus\RecorderLnx\.\SQLdb\SqlTrend\uRecorderSqlTrendView.pas(122,32) Hint: (5024) Parameter "Sender" not used
D:\works\OburecGH\Lazarus\RecorderLnx\.\SQLdb\SqlTrend\uRecorderSqlTrendView.pas(114,32) Hint: (5024) Parameter "Sender" not used
D:\works\OburecGH\Lazarus\RecorderLnx\.\SQLdb\SqlTrend\uRecorderSqlTrendView.pas(113,33) Hint: (5024) Parameter "Sender" not used
D:\works\OburecGH\Lazarus\RecorderLnx\.\SQLdb\SqlTrend\uRecorderSqlTrendView.pas(115,41) Hint: (5024) Parameter "Sender" not used
D:\works\OburecGH\Lazarus\RecorderLnx\.\SQLdb\SqlTrend\uRecorderSqlTrendView.pas(135,34) Hint: (5024) Parameter "Sender" not used
D:\works\OburecGH\Lazarus\RecorderLnx\.\SQLdb\SqlTrend\uRecorderSqlTrendView.pas(137,36) Hint: (5024) Parameter "Sender" not used
D:\works\OburecGH\Lazarus\RecorderLnx\.\SQLdb\SqlTrend\uRecorderSqlTrendView.pas(137,53) Hint: (5024) Parameter "ACol" not used
D:\works\OburecGH\Lazarus\RecorderLnx\.\SQLdb\SqlTrend\uRecorderSqlTrendView.pas(138,11) Hint: (5024) Parameter "CanSelect" not used
D:\works\OburecGH\Lazarus\RecorderLnx\.\SQLdb\SqlTrend\uRecorderSqlTrendView.pas(139,34) Hint: (5024) Parameter "Sender" not used
D:\works\OburecGH\Lazarus\RecorderLnx\.\SQLdb\SqlTrend\uRecorderSqlTrendView.pas(177,7) Hint: (5024) Parameter "ATagRegistry" not used
D:\works\OburecGH\Lazarus\RecorderLnx\.\SQLdb\SqlTrend\uRecorderSqlTrendView.pas(112,31) Hint: (5024) Parameter "Sender" not used
D:\works\OburecGH\Lazarus\RecorderLnx\.\SQLdb\SqlTrend\uRecorderSqlTrendView.pas(111,35) Hint: (5024) Parameter "Sender" not used
D:\works\OburecGH\Lazarus\RecorderLnx\.\SQLdb\SqlTrend\uRecorderSqlTrendView.pas(1213,21) Hint: (5091) Local variable "lHasAxis" of a managed type does not seem to be initialized
D:\works\OburecGH\Lazarus\RecorderLnx\.\SQLdb\SqlTrend\uRecorderSqlTrendView.pas(142,30) Hint: (5024) Parameter "Sender" not used
D:\works\OburecGH\Lazarus\RecorderLnx\.\SQLdb\SqlTrend\uRecorderSqlTrendView.pas(178,30) Hint: (5024) Parameter "ATagRegistry" not used
D:\works\OburecGH\Lazarus\RecorderLnx\.\SQLdb\SqlTrend\uRecorderSqlTrendView.pas(179,7) Hint: (5024) Parameter "ADisplaySeconds" not used
D:\works\OburecGH\Lazarus\RecorderLnx\.\SQLdb\SqlTrend\uRecorderSqlTrendView.pas(143,32) Hint: (5024) Parameter "Sender" not used
D:\works\OburecGH\Lazarus\RecorderLnx\.\SQLdb\SqlTrend\uRecorderSqlTrendView.pas(144,36) Hint: (5024) Parameter "Sender" not used
D:\works\OburecGH\Lazarus\RecorderLnx\.\SQLdb\SqlTrend\uRecorderSqlTrendView.pas(1479,20) Hint: (5091) Local variable "lMerged" of a managed type does not seem to be initialized
D:\works\OburecGH\Lazarus\RecorderLnx\.\SQLdb\SqlTrend\uRecorderSqlTrendView.pas(2122,31) Hint: (5091) Local variable "lNearestDistance" of a managed type does not seem to be initialized
D:\works\OburecGH\Lazarus\RecorderLnx\.\SQLdb\SqlTrend\uRecorderSqlTrendView.pas(2123,28) Hint: (5091) Local variable "lNearestValue" of a managed type does not seem to be initialized
D:\works\OburecGH\Lazarus\RecorderLnx\.\SQLdb\SqlTrend\uRecorderSqlTrendView.pas(2124,28) Hint: (5091) Local variable "lNearestFound" of a managed type does not seem to be initialized
(3104) Compiling .\Core\uRecorderApplicationController.pas
D:\works\OburecGH\Lazarus\RecorderLnx\.\Core\uRecorderApplicationController.pas(28,29) Hint: (5024) Parameter "ASender" not used
D:\works\OburecGH\Lazarus\RecorderLnx\.\Core\uRecorderApplicationController.pas(28,47) Hint: (5024) Parameter "AOldState" not used
D:\works\OburecGH\Lazarus\RecorderLnx\.\Core\uRecorderApplicationController.pas(28,58) Hint: (5024) Parameter "ANewState" not used
(3104) Compiling .\Core\uRecorderConfigurationService.pas
(3104) Compiling .\Core\uRecorderCoordinatorProtocol.pas
(3104) Compiling .\Core\uRecorderCoordinatorClient.pas
(3104) Compiling D:\works\OburecGH\Lazarus\SharedUtils\uRecorderLanDiscovery.pas
D:\works\OburecGH\Lazarus\SharedUtils\uRecorderLanDiscovery.pas(188,20) Hint: (5057) Local variable "lAddress" does not seem to be initialized
D:\works\OburecGH\Lazarus\SharedUtils\uRecorderLanDiscovery.pas(290,18) Hint: (5057) Local variable "lLocal" does not seem to be initialized
D:\works\OburecGH\Lazarus\SharedUtils\uRecorderLanDiscovery.pas(322,19) Hint: (5057) Local variable "lFrom" does not seem to be initialized
D:\works\OburecGH\Lazarus\RecorderLnx\.\Core\uRecorderCoordinatorClient.pas(576,38) Hint: (5057) Local variable "lBuffer" does not seem to be initialized
D:\works\OburecGH\Lazarus\RecorderLnx\.\UI\uMainForm.pas(122,26) Hint: (5024) Parameter "Sender" not used
D:\works\OburecGH\Lazarus\RecorderLnx\.\UI\uMainForm.pas(404,32) Hint: (5024) Parameter "Sender" not used
D:\works\OburecGH\Lazarus\RecorderLnx\.\UI\uMainForm.pas(123,27) Hint: (5024) Parameter "Sender" not used
D:\works\OburecGH\Lazarus\RecorderLnx\.\UI\uMainForm.pas(124,27) Hint: (5024) Parameter "Sender" not used
D:\works\OburecGH\Lazarus\RecorderLnx\.\UI\uMainForm.pas(130,36) Hint: (5024) Parameter "Sender" not used
D:\works\OburecGH\Lazarus\RecorderLnx\.\UI\uMainForm.pas(130,53) Hint: (5024) Parameter "aCol" not used
D:\works\OburecGH\Lazarus\RecorderLnx\.\UI\uMainForm.pas(131,11) Hint: (5024) Parameter "CanSelect" not used
D:\works\OburecGH\Lazarus\RecorderLnx\.\UI\uMainForm.pas(128,39) Hint: (5024) Parameter "sender" not used
D:\works\OburecGH\Lazarus\RecorderLnx\.\UI\uMainForm.pas(125,27) Hint: (5024) Parameter "Sender" not used
D:\works\OburecGH\Lazarus\RecorderLnx\.\UI\uMainForm.pas(126,30) Hint: (5024) Parameter "Sender" not used
D:\works\OburecGH\Lazarus\RecorderLnx\.\UI\uMainForm.pas(127,36) Hint: (5024) Parameter "Sender" not used
D:\works\OburecGH\Lazarus\RecorderLnx\.\UI\uMainForm.pas(416,38) Hint: (5024) Parameter "Sender" not used
D:\works\OburecGH\Lazarus\RecorderLnx\.\UI\uMainForm.pas(261,33) Hint: (5024) Parameter "Sender" not used
D:\works\OburecGH\Lazarus\RecorderLnx\.\UI\uMainForm.pas(111,33) Hint: (5024) Parameter "Sender" not used
D:\works\OburecGH\Lazarus\RecorderLnx\.\UI\uMainForm.pas(106,39) Hint: (5024) Parameter "Sender" not used
D:\works\OburecGH\Lazarus\RecorderLnx\.\UI\uMainForm.pas(112,31) Hint: (5024) Parameter "Sender" not used
D:\works\OburecGH\Lazarus\RecorderLnx\.\UI\uMainForm.pas(113,30) Hint: (5024) Parameter "Sender" not used
D:\works\OburecGH\Lazarus\RecorderLnx\.\UI\uMainForm.pas(120,28) Hint: (5024) Parameter "Sender" not used
D:\works\OburecGH\Lazarus\RecorderLnx\.\UI\uMainForm.pas(116,36) Hint: (5024) Parameter "Sender" not used
D:\works\OburecGH\Lazarus\RecorderLnx\.\UI\uMainForm.pas(114,33) Hint: (5024) Parameter "Sender" not used
D:\works\OburecGH\Lazarus\RecorderLnx\.\UI\uMainForm.pas(1105,61) Note: (5025) Local variable "lHost" not used
D:\works\OburecGH\Lazarus\RecorderLnx\.\UI\uMainForm.pas(1106,3) Note: (5025) Local variable "lShareName" not used
D:\works\OburecGH\Lazarus\RecorderLnx\.\UI\uMainForm.pas(377,37) Hint: (5024) Parameter "Sender" not used
D:\works\OburecGH\Lazarus\RecorderLnx\.\UI\uMainForm.pas(117,32) Hint: (5024) Parameter "Sender" not used
D:\works\OburecGH\Lazarus\RecorderLnx\.\UI\uMainForm.pas(118,29) Hint: (5024) Parameter "Sender" not used
D:\works\OburecGH\Lazarus\RecorderLnx\.\UI\uMainForm.pas(119,38) Hint: (5024) Parameter "Sender" not used
D:\works\OburecGH\Lazarus\RecorderLnx\.\UI\uMainForm.pas(105,35) Hint: (5024) Parameter "Sender" not used
D:\works\OburecGH\Lazarus\RecorderLnx\.\UI\uMainForm.pas(121,33) Hint: (5024) Parameter "Sender" not used
D:\works\OburecGH\Lazarus\RecorderLnx\.\UI\uMainForm.pas(107,33) Hint: (5024) Parameter "Sender" not used
D:\works\OburecGH\Lazarus\RecorderLnx\.\UI\uMainForm.pas(108,33) Hint: (5024) Parameter "Sender" not used
D:\works\OburecGH\Lazarus\RecorderLnx\.\UI\uMainForm.pas(109,33) Hint: (5024) Parameter "Sender" not used
D:\works\OburecGH\Lazarus\RecorderLnx\.\UI\uMainForm.pas(110,31) Hint: (5024) Parameter "Sender" not used
D:\works\OburecGH\Lazarus\RecorderLnx\.\UI\uMainForm.pas(132,34) Hint: (5024) Parameter "Sender" not used
D:\works\OburecGH\Lazarus\RecorderLnx\.\UI\uMainForm.pas(247,32) Hint: (5024) Parameter "Sender" not used
D:\works\OburecGH\Lazarus\RecorderLnx\.\UI\uMainForm.pas(267,34) Hint: (5024) Parameter "Sender" not used
D:\works\OburecGH\Lazarus\RecorderLnx\.\UI\uMainForm.pas(268,35) Hint: (5024) Parameter "Sender" not used
D:\works\OburecGH\Lazarus\RecorderLnx\.\UI\uMainForm.pas(310,29) Hint: (5024) Parameter "Sender" not used
D:\works\OburecGH\Lazarus\RecorderLnx\.\UI\uMainForm.pas(292,34) Hint: (5024) Parameter "APage" not used
D:\works\OburecGH\Lazarus\RecorderLnx\.\UI\uMainForm.pas(294,33) Hint: (5024) Parameter "APage" not used
D:\works\OburecGH\Lazarus\RecorderLnx\.\UI\uMainForm.pas(298,38) Hint: (5024) Parameter "Sender" not used
D:\works\OburecGH\Lazarus\RecorderLnx\.\UI\uMainForm.pas(300,37) Hint: (5024) Parameter "Sender" not used
D:\works\OburecGH\Lazarus\RecorderLnx\.\UI\uMainForm.pas(345,38) Hint: (5024) Parameter "Sender" not used
D:\works\OburecGH\Lazarus\RecorderLnx\.\UI\uMainForm.pas(346,33) Hint: (5024) Parameter "Sender" not used
D:\works\OburecGH\Lazarus\RecorderLnx\.\UI\uMainForm.pas(347,35) Hint: (5024) Parameter "Sender" not used
D:\works\OburecGH\Lazarus\RecorderLnx\.\UI\uMainForm.pas(417,38) Hint: (5024) Parameter "Sender" not used
D:\works\OburecGH\Lazarus\RecorderLnx\.\UI\uMainForm.pas(418,30) Hint: (5024) Parameter "Sender" not used
D:\works\OburecGH\Lazarus\RecorderLnx\.\UI\uMainForm.pas(385,35) Hint: (5024) Parameter "Sender" not used
D:\works\OburecGH\Lazarus\RecorderLnx\.\UI\uMainForm.pas(376,33) Hint: (5024) Parameter "Sender" not used
D:\works\OburecGH\Lazarus\RecorderLnx\.\UI\uMainForm.pas(304,35) Hint: (5024) Parameter "Sender" not used
D:\works\OburecGH\Lazarus\RecorderLnx\.\UI\uMainForm.pas(415,38) Hint: (5024) Parameter "Data" not used
D:\works\OburecGH\Lazarus\RecorderLnx\.\UI\uMainForm.pas(459,3) Hint: (5028) Local const "CDeviceHealthProbeTimeoutMs" is not used
D:\works\OburecGH\Lazarus\RecorderLnx\.\UI\uMainForm.pas(52,3) Hint: (5023) Unit "uRecorderSpectrumRuntime" not used in uMainForm
(3104) Compiling .\Core\uRecorderSingleInstance.pas
(3104) Compiling .\UI\uRecorderUserGuideCapture.pas
D:\works\OburecGH\Lazarus\RecorderLnx\.\UI\uRecorderUserGuideCapture.pas(211,11) Warning: (4104) Implicit string type conversion from "AnsiString" to "UnicodeString"
D:\works\OburecGH\Lazarus\RecorderLnx\.\UI\uRecorderUserGuideCapture.pas(211,37) Warning: (4105) Implicit string type conversion with potential data loss from "UnicodeString" to "AnsiString"
D:\works\OburecGH\Lazarus\RecorderLnx\.\UI\uRecorderUserGuideCapture.pas(47,25) Hint: (5024) Parameter "Sender" not used
(3104) Compiling .\Device\OPC\uRecorderOpcUaSourceEditor.pas
D:\works\OburecGH\Lazarus\RecorderLnx\.\Device\OPC\uRecorderOpcUaSourceEditor.pas(113,7) Hint: (5024) Parameter "AValueRank" not used
D:\works\OburecGH\Lazarus\RecorderLnx\.\Device\OPC\uRecorderOpcUaSourceEditor.pas(93,26) Hint: (5024) Parameter "Sender" not used
D:\works\OburecGH\Lazarus\RecorderLnx\.\Device\OPC\uRecorderOpcUaSourceEditor.pas(97,26) Hint: (5024) Parameter "Sender" not used
D:\works\OburecGH\Lazarus\RecorderLnx\.\Device\OPC\uRecorderOpcUaSourceEditor.pas(98,26) Hint: (5024) Parameter "Sender" not used
D:\works\OburecGH\Lazarus\RecorderLnx\.\Device\OPC\uRecorderOpcUaSourceEditor.pas(94,27) Hint: (5024) Parameter "Sender" not used
D:\works\OburecGH\Lazarus\RecorderLnx\.\Device\OPC\uRecorderOpcUaSourceEditor.pas(103,25) Hint: (5024) Parameter "Sender" not used
D:\works\OburecGH\Lazarus\RecorderLnx\.\Device\OPC\uRecorderOpcUaSourceEditor.pas(92,34) Hint: (5024) Parameter "Sender" not used
D:\works\OburecGH\Lazarus\RecorderLnx\.\Device\OPC\uRecorderOpcUaSourceEditor.pas(102,36) Hint: (5024) Parameter "Sender" not used
D:\works\OburecGH\Lazarus\RecorderLnx\.\Device\OPC\uRecorderOpcUaSourceEditor.pas(99,29) Hint: (5024) Parameter "Sender" not used
D:\works\OburecGH\Lazarus\RecorderLnx\.\Device\OPC\uRecorderOpcUaSourceEditor.pas(95,30) Hint: (5024) Parameter "Sender" not used
D:\works\OburecGH\Lazarus\RecorderLnx\.\Device\OPC\uRecorderOpcUaSourceEditor.pas(96,24) Hint: (5024) Parameter "Sender" not used
D:\works\OburecGH\Lazarus\RecorderLnx\RecorderLnx.lpr(142,28) Warning: (4104) Implicit string type conversion from "RawByteString" to "UnicodeString"
D:\works\OburecGH\Lazarus\RecorderLnx\RecorderLnx.lpr(143,31) Warning: (4105) Implicit string type conversion with potential data loss from "UnicodeString" to "AnsiString"
D:\works\OburecGH\Lazarus\RecorderLnx\RecorderLnx.lpr(17,3) Hint: (5023) Unit "uComponentSettingsDialog" not used in RecorderLnx
D:\works\OburecGH\Lazarus\RecorderLnx\RecorderLnx.lpr(18,3) Hint: (5023) Unit "uRecorderVirtualTagDialog" not used in RecorderLnx
D:\works\OburecGH\Lazarus\RecorderLnx\RecorderLnx.lpr(19,3) Hint: (5023) Unit "uRecorderButtonSettingsDialog" not used in RecorderLnx
D:\works\OburecGH\Lazarus\RecorderLnx\RecorderLnx.lpr(20,3) Hint: (5023) Unit "uRecorderTrendSettingsDialog" not used in RecorderLnx
D:\works\OburecGH\Lazarus\RecorderLnx\RecorderLnx.lpr(21,3) Hint: (5023) Unit "uRecorderSqlTrendModel" not used in RecorderLnx
D:\works\OburecGH\Lazarus\RecorderLnx\RecorderLnx.lpr(22,3) Hint: (5023) Unit "uRecorderSqlTrendSettingsDialog" not used in RecorderLnx
D:\works\OburecGH\Lazarus\RecorderLnx\RecorderLnx.lpr(23,3) Hint: (5023) Unit "uRecorderMeasurementSectionModel" not used in RecorderLnx
D:\works\OburecGH\Lazarus\RecorderLnx\RecorderLnx.lpr(25,3) Hint: (5023) Unit "uRecorderCalibrationAddDialog" not used in RecorderLnx
D:\works\OburecGH\Lazarus\RecorderLnx\RecorderLnx.lpr(25,34) Hint: (5023) Unit "uRecorderCalibrationListDialog" not used in RecorderLnx
D:\works\OburecGH\Lazarus\RecorderLnx\RecorderLnx.lpr(26,3) Hint: (5023) Unit "uRecorderCalibrationPropertiesDialog" not used in RecorderLnx
D:\works\OburecGH\Lazarus\RecorderLnx\RecorderLnx.lpr(26,41) Hint: (5023) Unit "uRecorderStrainCalibration" not used in RecorderLnx
D:\works\OburecGH\Lazarus\RecorderLnx\RecorderLnx.lpr(27,3) Hint: (5023) Unit "uRecorderStrainCalibrationDialog" not used in RecorderLnx
D:\works\OburecGH\Lazarus\RecorderLnx\RecorderLnx.lpr(28,3) Hint: (5023) Unit "uRecorderSpectrumSettingsDialog" not used in RecorderLnx
D:\works\OburecGH\Lazarus\RecorderLnx\RecorderLnx.lpr(28,36) Hint: (5023) Unit "uRecorderSpectrumView" not used in RecorderLnx
D:\works\OburecGH\Lazarus\RecorderLnx\RecorderLnx.lpr(29,27) Hint: (5023) Unit "uRecorderDeviceInterfaces" not used in RecorderLnx
D:\works\OburecGH\Lazarus\RecorderLnx\RecorderLnx.lpr(29,54) Hint: (5023) Unit "uMic185Constants" not used in RecorderLnx
D:\works\OburecGH\Lazarus\RecorderLnx\RecorderLnx.lpr(30,20) Hint: (5023) Unit "uMic185Device" not used in RecorderLnx
D:\works\OburecGH\Lazarus\RecorderLnx\RecorderLnx.lpr(30,35) Hint: (5023) Unit "uMic185MebiusTcpProtocol" not used in RecorderLnx
D:\works\OburecGH\Lazarus\RecorderLnx\RecorderLnx.lpr(30,61) Hint: (5023) Unit "uMic185MebiusTypes" not used in RecorderLnx
D:\works\OburecGH\Lazarus\RecorderLnx\RecorderLnx.lpr(32,3) Hint: (5023) Unit "uRecorderMic185AdditionalDialog" not used in RecorderLnx
D:\works\OburecGH\Lazarus\RecorderLnx\RecorderLnx.lpr(32,36) Hint: (5023) Unit "uRecorderMic185ChannelDialog" not used in RecorderLnx
D:\works\OburecGH\Lazarus\RecorderLnx\RecorderLnx.lpr(34,30) Hint: (5023) Unit "uRecorderSpectrumRuntime" not used in RecorderLnx
D:\works\OburecGH\Lazarus\RecorderLnx\RecorderLnx.lpr(37,24) Hint: (5023) Unit "uMc201FirmwareResources" not used in RecorderLnx
D:\works\OburecGH\Lazarus\RecorderLnx\RecorderLnx.lpr(37,49) Hint: (5023) Unit "uMc201LegacyMdpClient" not used in RecorderLnx
D:\works\OburecGH\Lazarus\RecorderLnx\RecorderLnx.lpr(38,3) Hint: (5023) Unit "uMc032Device" not used in RecorderLnx
(9022) Compiling resource D:\works\OburecGH\Lazarus\RecorderLnx\resources\app\recorderlnx_app.rc
(9022) Compiling resource D:\works\OburecGH\Lazarus\RecorderLnx\Device\MCbus\resources\mcbus.rc
(9022) Compiling resource D:\works\OburecGH\Lazarus\RecorderLnx\lib\x86_64-win64\RecorderLnx.obj
(9015) Linking D:\works\OburecGH\Lazarus\RecorderLnx\lib\x86_64-win64\RecorderLnx.exe
(1008) 162726 lines compiled, 25.5 sec, 7487104 bytes code, 524228 bytes data
(1021) 200 warning(s) issued
(1022) 934 hint(s) issued
(1023) 148 note(s) issued
Info: (lazarus) [TCompiler.Compile] end
Info: (lazarus) Execute Title="Проект: Выполнить команду после"
Info: (lazarus) Working Directory="D:\works\OburecGH\Lazarus\RecorderLnx\"
Info: (lazarus) Executable="D:\works\OburecGH\Lazarus\RecorderLnx\Scripts\copy_sdb_res.win64.bat"
Info: (lazarus) Param[0]="D:\works\OburecGH\Lazarus\RecorderLnx\lib\x86_64-win64\"
