SetPrimaryConfigPath NewValue="/home/user/.lazarus_work" -> "/home/user/.lazarus_work"
Hint: (lazarus) Missing state file of BuildIntf 1.0: /usr/lib/lazarus/2.2.6/components/buildintf/units/x86_64-linux/BuildIntf.compiled
Error: (lazarus) unable to create package output directory "/usr/lib/lazarus/2.2.6/components/buildintf/units/x86_64-linux" of package "BuildIntf 1.0"
Hint: (lazarus) normal output directory of package BuildIntf 1.0 is not writable: "/usr/lib/lazarus/2.2.6/components/buildintf/units/x86_64-linux/"
TParsedCompilerOptions.SetOutputDirectoryOverride New=/home/user/.lazarus_work/lib/BuildIntf/units/x86_64-linux
Hint: (lazarus) Missing state file of freetypelaz 1.0: /usr/lib/lazarus/2.2.6/components/freetype/lib/x86_64-linux/freetypelaz.compiled
Error: (lazarus) unable to create package output directory "/usr/lib/lazarus/2.2.6/components/freetype/lib/x86_64-linux" of package "freetypelaz 1.0"
Hint: (lazarus) normal output directory of package freetypelaz 1.0 is not writable: "/usr/lib/lazarus/2.2.6/components/freetype/lib/x86_64-linux/"
TParsedCompilerOptions.SetOutputDirectoryOverride New=/home/user/.lazarus_work/lib/freetypelaz/lib/x86_64-linux
Hint: (lazarus) Compiler unit paths changed for LCLBase 2.2.6
  Old="/usr/lib/lazarus/2.2.6/lcl/forms;/usr/lib/lazarus/2.2.6/lcl/widgetset;/usr/lib/lazarus/2.2.6/lcl/nonwin32;/usr/lib/lazarus/2.2.6/packager/units/x86_64-linux;/usr/lib/lazarus/2.2.6/components/lazutils/lib/x86_64-linux;/usr/lib/lazarus/2.2.6/components/freetype/lib/x86_64-linux;/usr/lib/lazarus/2.2.6/lcl"
  Now="/usr/lib/lazarus/2.2.6/lcl/forms;/usr/lib/lazarus/2.2.6/lcl/widgetset;/usr/lib/lazarus/2.2.6/lcl/nonwin32;/usr/lib/lazarus/2.2.6/packager/units/x86_64-linux;/usr/lib/lazarus/2.2.6/components/lazutils/lib/x86_64-linux;/home/user/.lazarus_work/lib/freetypelaz/lib/x86_64-linux;/usr/lib/lazarus/2.2.6/lcl"
  State file="/usr/lib/lazarus/2.2.6/lcl/units/x86_64-linux/LCLBase.compiled"
Hint: (lazarus) normal output directory of package LCLBase 2.2.6 is not writable: "/usr/lib/lazarus/2.2.6/lcl/units/x86_64-linux/"
TParsedCompilerOptions.SetOutputDirectoryOverride New=/home/user/.lazarus_work/lib/LCLBase/units/x86_64-linux
Hint: (lazarus) Compiler unit paths changed for DateTimeCtrls 1.5.1
  Old="/usr/lib/lazarus/2.2.6/packager/units/x86_64-linux;/usr/lib/lazarus/2.2.6/components/lazutils/lib/x86_64-linux;/usr/lib/lazarus/2.2.6/components/freetype/lib/x86_64-linux;/usr/lib/lazarus/2.2.6/lcl/units/x86_64-linux;/usr/lib/lazarus/2.2.6/components/datetimectrls"
  Now="/usr/lib/lazarus/2.2.6/packager/units/x86_64-linux;/usr/lib/lazarus/2.2.6/components/lazutils/lib/x86_64-linux;/home/user/.lazarus_work/lib/freetypelaz/lib/x86_64-linux;/home/user/.lazarus_work/lib/LCLBase/units/x86_64-linux;/usr/lib/lazarus/2.2.6/components/datetimectrls"
  State file="/usr/lib/lazarus/2.2.6/components/datetimectrls/lib/x86_64-linux/gtk2/DateTimeCtrls.compiled"
Hint: (lazarus) normal output directory of package DateTimeCtrls 1.5.1 is not writable: "/usr/lib/lazarus/2.2.6/components/datetimectrls/lib/x86_64-linux/gtk2/"
TParsedCompilerOptions.SetOutputDirectoryOverride New=/home/user/.lazarus_work/lib/DateTimeCtrls/lib/x86_64-linux/gtk2
Hint: (lazarus) Compiler unit paths changed for LCL 2.2.6
  Old="/usr/lib/lazarus/2.2.6/lcl/interfaces/gtk2;/usr/lib/lazarus/2.2.6/packager/units/x86_64-linux;/usr/lib/lazarus/2.2.6/components/lazutils/lib/x86_64-linux;/usr/lib/lazarus/2.2.6/components/freetype/lib/x86_64-linux;/usr/lib/lazarus/2.2.6/lcl/units/x86_64-linux;/usr/lib/lazarus/2.2.6/lcl/interfaces"
  Now="/usr/lib/lazarus/2.2.6/lcl/interfaces/gtk2;/usr/lib/lazarus/2.2.6/packager/units/x86_64-linux;/usr/lib/lazarus/2.2.6/components/lazutils/lib/x86_64-linux;/home/user/.lazarus_work/lib/freetypelaz/lib/x86_64-linux;/home/user/.lazarus_work/lib/LCLBase/units/x86_64-linux;/usr/lib/lazarus/2.2.6/lcl/interfaces"
  State file="/usr/lib/lazarus/2.2.6/lcl/units/x86_64-linux/gtk2/LCL.compiled"
Hint: (lazarus) normal output directory of package LCL 2.2.6 is not writable: "/usr/lib/lazarus/2.2.6/lcl/units/x86_64-linux/gtk2/"
TParsedCompilerOptions.SetOutputDirectoryOverride New=/home/user/.lazarus_work/lib/units/x86_64-linux/gtk2
Hint: (lazarus) Compiler unit paths changed for LazControls 1.0.1
  Old="/usr/lib/lazarus/2.2.6/packager/units/x86_64-linux;/usr/lib/lazarus/2.2.6/components/lazutils/lib/x86_64-linux;/usr/lib/lazarus/2.2.6/components/freetype/lib/x86_64-linux;/usr/lib/lazarus/2.2.6/lcl/units/x86_64-linux;/usr/lib/lazarus/2.2.6/lcl/units/x86_64-linux/gtk2;/usr/lib/lazarus/2.2.6/components/lazcontrols"
  Now="/usr/lib/lazarus/2.2.6/packager/units/x86_64-linux;/usr/lib/lazarus/2.2.6/components/lazutils/lib/x86_64-linux;/home/user/.lazarus_work/lib/freetypelaz/lib/x86_64-linux;/home/user/.lazarus_work/lib/LCLBase/units/x86_64-linux;/home/user/.lazarus_work/lib/units/x86_64-linux/gtk2;/usr/lib/lazarus/2.2.6/components/lazcontrols"
  State file="/usr/lib/lazarus/2.2.6/components/lazcontrols/lib/x86_64-linux/gtk2/LazControls.compiled"
Hint: (lazarus) normal output directory of package LazControls 1.0.1 is not writable: "/usr/lib/lazarus/2.2.6/components/lazcontrols/lib/x86_64-linux/gtk2/"
TParsedCompilerOptions.SetOutputDirectoryOverride New=/home/user/.lazarus_work/lib/LazControls/lib/x86_64-linux/gtk2
Hint: (lazarus) Missing state file of LazOpenGLContext 0.0.1: /usr/lib/lazarus/2.2.6/components/opengl/lib/x86_64-linux/gtk2/LazOpenGLContext.compiled
Error: (lazarus) unable to create package output directory "/usr/lib/lazarus/2.2.6/components/opengl/lib/x86_64-linux/gtk2" of package "LazOpenGLContext 0.0.1"
Hint: (lazarus) normal output directory of package LazOpenGLContext 0.0.1 is not writable: "/usr/lib/lazarus/2.2.6/components/opengl/lib/x86_64-linux/gtk2/"
TParsedCompilerOptions.SetOutputDirectoryOverride New=/home/user/.lazarus_work/lib/LazOpenGLContext/lib/x86_64-linux/gtk2
Hint: (lazarus) Compiler unit paths changed for IDEIntf 1.0
  Old="/usr/lib/lazarus/2.2.6/packager/units/x86_64-linux;/usr/lib/lazarus/2.2.6/components/lazutils/lib/x86_64-linux;/usr/lib/lazarus/2.2.6/components/buildintf/units/x86_64-linux;/usr/lib/lazarus/2.2.6/components/freetype/lib/x86_64-linux;/usr/lib/lazarus/2.2.6/lcl/units/x86_64-linux;/usr/lib/lazarus/2.2.6/lcl/units/x86_64-linux/gtk2;/usr/lib/lazarus/2.2.6/components/lazcontrols/lib/x86_64-linux/gtk2;/usr/lib/lazarus/2.2.6/components/ideintf"
  Now="/usr/lib/lazarus/2.2.6/packager/units/x86_64-linux;/usr/lib/lazarus/2.2.6/components/lazutils/lib/x86_64-linux;/home/user/.lazarus_work/lib/BuildIntf/units/x86_64-linux;/home/user/.lazarus_work/lib/freetypelaz/lib/x86_64-linux;/home/user/.lazarus_work/lib/LCLBase/units/x86_64-linux;/home/user/.lazarus_work/lib/units/x86_64-linux/gtk2;/home/user/.lazarus_work/lib/LazControls/lib/x86_64-linux/gtk2;/usr/lib/lazarus/2.2.6/components/ideintf"
  State file="/usr/lib/lazarus/2.2.6/components/ideintf/units/x86_64-linux/gtk2/IDEIntf.compiled"
Hint: (lazarus) normal output directory of package IDEIntf 1.0 is not writable: "/usr/lib/lazarus/2.2.6/components/ideintf/units/x86_64-linux/gtk2/"
TParsedCompilerOptions.SetOutputDirectoryOverride New=/home/user/.lazarus_work/lib/IDEIntf/units/x86_64-linux/gtk2
Hint: (lazarus) Compiler unit paths changed for TAChartLazarusPkg 1.0
  Old="/usr/lib/lazarus/2.2.6/components/tachart/numlib_fix;/usr/lib/lazarus/2.2.6/components/tachart/editors;/usr/lib/lazarus/2.2.6/packager/units/x86_64-linux;/usr/lib/lazarus/2.2.6/components/lazutils/lib/x86_64-linux;/usr/lib/lazarus/2.2.6/components/buildintf/units/x86_64-linux;/usr/lib/lazarus/2.2.6/components/freetype/lib/x86_64-linux;/usr/lib/lazarus/2.2.6/lcl/units/x86_64-linux;/usr/lib/lazarus/2.2.6/lcl/units/x86_64-linux/gtk2;/usr/lib/lazarus/2.2.6/components/lazcontrols/lib/x86_64-linux/gtk2;/usr/lib/lazarus/2.2.6/components/ideintf/units/x86_64-linux/gtk2;/usr/lib/lazarus/2.2.6/components/tachart"
  Now="/usr/lib/lazarus/2.2.6/components/tachart/numlib_fix;/usr/lib/lazarus/2.2.6/components/tachart/editors;/usr/lib/lazarus/2.2.6/packager/units/x86_64-linux;/usr/lib/lazarus/2.2.6/components/lazutils/lib/x86_64-linux;/home/user/.lazarus_work/lib/BuildIntf/units/x86_64-linux;/home/user/.lazarus_work/lib/freetypelaz/lib/x86_64-linux;/home/user/.lazarus_work/lib/LCLBase/units/x86_64-linux;/home/user/.lazarus_work/lib/units/x86_64-linux/gtk2;/home/user/.lazarus_work/lib/LazControls/lib/x86_64-linux/gtk2;/home/user/.lazarus_work/lib/IDEIntf/units/x86_64-linux/gtk2;/usr/lib/lazarus/2.2.6/components/tachart"
  State file="/usr/lib/lazarus/2.2.6/components/tachart/lib/x86_64-linux/gtk2/TAChartLazarusPkg.compiled"
Hint: (lazarus) normal output directory of package TAChartLazarusPkg 1.0 is not writable: "/usr/lib/lazarus/2.2.6/components/tachart/lib/x86_64-linux/gtk2/"
TParsedCompilerOptions.SetOutputDirectoryOverride New=/home/user/.lazarus_work/lib/TAChartLazarusPkg/lib/x86_64-linux/gtk2
Hint: (11030) Start of reading config file /etc/fpc.cfg
Hint: (11031) End of reading config file /etc/fpc.cfg
Free Pascal Compiler version 3.2.2+dfsg-20+b5 [2025/12/26] for x86_64
Copyright (c) 1993-2021 by Florian Klaempfl and others
(1002) Target OS: Linux for x86-64
(3104) Compiling RecorderLnx.lpr
(3104) Compiling ./UI/uMainForm.pas
(3104) Compiling ./Core/uRecorderAppVersion.pas
(3104) Compiling ./Core/uRecorderStateMachine.pas
(3104) Compiling ./Core/uRecorderRunControlSettings.pas
(3104) Compiling uRecorderMeraPaths.pas
(3104) Compiling ./Core/uRecorderFormModel.pas
(3104) Compiling ./Core/uRecorderTags.pas
(3104) Compiling ./Core/uRecorderCoreServices.pas
(3104) Compiling ./Core/uRecorderDebugLog.pas
(3104) Compiling /mnt/win_share/OburecGH/Lazarus/SharedUtils/uSharedFileLogger.pas
/mnt/win_share/OburecGH/Lazarus/RecorderLnx/./Core/uRecorderCoreServices.pas(263,27) Hint: (5024) Parameter "ASender" not used
(3104) Compiling ./Algs/uRecorderSpectrumEngine.pas
/mnt/win_share/OburecGH/Lazarus/RecorderLnx/./Algs/uRecorderSpectrumEngine.pas(312,13) Hint: (4055) Conversion between ordinals and pointers is not portable
/mnt/win_share/OburecGH/Lazarus/RecorderLnx/./Algs/uRecorderSpectrumEngine.pas(313,13) Hint: (4055) Conversion between ordinals and pointers is not portable
(3104) Compiling ./Algs/uRecorderFrequencyBands.pas
(3104) Compiling ./Core/uRecorderTags.pas
(3104) Compiling ./Core/uRecorderTimeSystem.pas
/mnt/win_share/OburecGH/Lazarus/RecorderLnx/./Core/uRecorderTags.pas(667,18) Hint: (5060) Function result variable does not seem to be initialized
/mnt/win_share/OburecGH/Lazarus/RecorderLnx/./Core/uRecorderTags.pas(822,19) Hint: (5091) Local variable "lNames" of a managed type does not seem to be initialized
/mnt/win_share/OburecGH/Lazarus/RecorderLnx/./Core/uRecorderTags.pas(1118,21) Hint: (5091) Local variable "lTimes" of a managed type does not seem to be initialized
/mnt/win_share/OburecGH/Lazarus/RecorderLnx/./Core/uRecorderTags.pas(1119,22) Hint: (5091) Local variable "lValues" of a managed type does not seem to be initialized
/mnt/win_share/OburecGH/Lazarus/RecorderLnx/./Core/uRecorderTags.pas(2009,14) Warning: (4104) Implicit string type conversion from "AnsiString" to "UnicodeString"
/mnt/win_share/OburecGH/Lazarus/RecorderLnx/./Core/uRecorderTags.pas(2009,44) Warning: (4104) Implicit string type conversion from "AnsiString" to "UnicodeString"
/mnt/win_share/OburecGH/Lazarus/RecorderLnx/./Core/uRecorderTags.pas(2009,62) Warning: (4105) Implicit string type conversion with potential data loss from "UnicodeString" to "AnsiString"
/mnt/win_share/OburecGH/Lazarus/RecorderLnx/./Core/uRecorderTags.pas(2246,13) Note: (5027) Local variable "s" is assigned but never used
/mnt/win_share/OburecGH/Lazarus/RecorderLnx/./Core/uRecorderTags.pas(2356,22) Hint: (5091) Local variable "lValues" of a managed type does not seem to be initialized
/mnt/win_share/OburecGH/Lazarus/RecorderLnx/./Core/uRecorderTags.pas(2464,22) Hint: (5091) Local variable "lValues" of a managed type does not seem to be initialized
/mnt/win_share/OburecGH/Lazarus/RecorderLnx/./Core/uRecorderFormModel.pas(545,17) Warning: (3057) An inherited method is hidden by "constructor Create;"
/mnt/win_share/OburecGH/Lazarus/RecorderLnx/./Core/uRecorderFormModel.pas(570,17) Warning: (3057) An inherited method is hidden by "constructor Create;"
(3104) Compiling ./Core/uRecorderPluginRuntime.pas
(3104) Compiling ./Plugins/SDK/uRecorderPluginApi.pas
(3104) Compiling ./Core/uRecorderPluginInfo.pas
(3104) Compiling ./Core/uRecorderPluginConfig.pas
/mnt/win_share/OburecGH/Lazarus/RecorderLnx/./Core/uRecorderPluginConfig.pas(147,76) Warning: (4104) Implicit string type conversion from "AnsiString" to "UnicodeString"
/mnt/win_share/OburecGH/Lazarus/RecorderLnx/./Core/uRecorderPluginConfig.pas(147,83) Warning: (4105) Implicit string type conversion with potential data loss from "UnicodeString" to "AnsiString"
/mnt/win_share/OburecGH/Lazarus/RecorderLnx/./Core/uRecorderPluginConfig.pas(150,7) Warning: (4104) Implicit string type conversion from "AnsiString" to "UnicodeString"
/mnt/win_share/OburecGH/Lazarus/RecorderLnx/./Core/uRecorderPluginConfig.pas(150,30) Warning: (4105) Implicit string type conversion with potential data loss from "UnicodeString" to "AnsiString"
/mnt/win_share/OburecGH/Lazarus/RecorderLnx/./Core/uRecorderPluginConfig.pas(161,7) Warning: (4104) Implicit string type conversion from "AnsiString" to "UnicodeString"
/mnt/win_share/OburecGH/Lazarus/RecorderLnx/./Core/uRecorderPluginConfig.pas(161,14) Warning: (4105) Implicit string type conversion with potential data loss from "UnicodeString" to "AnsiString"
/mnt/win_share/OburecGH/Lazarus/RecorderLnx/./Core/uRecorderPluginRuntime.pas(48,17) Warning: (3057) An inherited method is hidden by "constructor Create(const AnsiString;const AnsiString;const AnsiString;TRecorderPluginCreateComponent;Pointer);"
(3104) Compiling ./Core/uRecorderDataSources.pas
(3104) Compiling ./Core/uMeraFile.pas
(3104) Compiling ./Core/uRecorderConfiguredDataSources.pas
(3104) Compiling /mnt/win_share/OburecGH/Lazarus/SharedUtils/uSharedAsync.pas
/mnt/win_share/OburecGH/Lazarus/SharedUtils/uSharedAsync.pas(75,19) Hint: (5091) Local variable "lTasks" of a managed type does not seem to be initialized
(3104) Compiling ./Core/uRecorderHardwareLiveDevices.pas
(3104) Compiling ./Device/uRecorderDeviceInterfaces.pas
(3104) Compiling ./Device/uRecorderAcquisitionTypes.pas
/mnt/win_share/OburecGH/Lazarus/RecorderLnx/./Device/uRecorderDeviceInterfaces.pas(296,19) Warning: (5093) function result variable of a managed type does not seem to be initialized
/mnt/win_share/OburecGH/Lazarus/RecorderLnx/./Device/uRecorderDeviceInterfaces.pas(157,7) Hint: (5024) Parameter "AIndex" not used
/mnt/win_share/OburecGH/Lazarus/RecorderLnx/./Device/uRecorderDeviceInterfaces.pas(312,24) Note: (6058) Call to subroutine "operator :=(const source:AnsiString):Variant;" marked as inline is not inlined
/mnt/win_share/OburecGH/Lazarus/RecorderLnx/./Device/uRecorderDeviceInterfaces.pas(313,24) Note: (6058) Call to subroutine "operator :=(const source:AnsiString):Variant;" marked as inline is not inlined
/mnt/win_share/OburecGH/Lazarus/RecorderLnx/./Device/uRecorderDeviceInterfaces.pas(314,24) Note: (6058) Call to subroutine "operator :=(const source:LongInt):Variant;" marked as inline is not inlined
/mnt/win_share/OburecGH/Lazarus/RecorderLnx/./Device/uRecorderDeviceInterfaces.pas(315,35) Note: (6058) Call to subroutine "operator :=(const source:Double):Variant;" marked as inline is not inlined
/mnt/win_share/OburecGH/Lazarus/RecorderLnx/./Device/uRecorderDeviceInterfaces.pas(316,32) Note: (6058) Call to subroutine "operator :=(const source:LongInt):Variant;" marked as inline is not inlined
/mnt/win_share/OburecGH/Lazarus/RecorderLnx/./Device/uRecorderDeviceInterfaces.pas(317,32) Note: (6058) Call to subroutine "operator :=(const source:LongInt):Variant;" marked as inline is not inlined
/mnt/win_share/OburecGH/Lazarus/RecorderLnx/./Device/uRecorderDeviceInterfaces.pas(318,40) Note: (6058) Call to subroutine "operator :=(const source:LongInt):Variant;" marked as inline is not inlined
/mnt/win_share/OburecGH/Lazarus/RecorderLnx/./Device/uRecorderDeviceInterfaces.pas(319,29) Note: (6058) Call to subroutine "operator :=(const source:ShortInt):Variant;" marked as inline is not inlined
/mnt/win_share/OburecGH/Lazarus/RecorderLnx/./Device/uRecorderDeviceInterfaces.pas(320,29) Note: (6058) Call to subroutine "operator :=(const source:ShortString):Variant;" marked as inline is not inlined
/mnt/win_share/OburecGH/Lazarus/RecorderLnx/./Device/uRecorderDeviceInterfaces.pas(159,30) Hint: (5024) Parameter "AIndex" not used
/mnt/win_share/OburecGH/Lazarus/RecorderLnx/./Device/uRecorderDeviceInterfaces.pas(334,38) Note: (6058) Call to subroutine "operator :=(const source:Variant):LongInt;" marked as inline is not inlined
/mnt/win_share/OburecGH/Lazarus/RecorderLnx/./Device/uRecorderDeviceInterfaces.pas(335,45) Note: (6058) Call to subroutine "operator :=(const source:Variant):Double;" marked as inline is not inlined
/mnt/win_share/OburecGH/Lazarus/RecorderLnx/./Device/uRecorderDeviceInterfaces.pas(336,54) Note: (6058) Call to subroutine "operator :=(const source:Variant):LongInt;" marked as inline is not inlined
/mnt/win_share/OburecGH/Lazarus/RecorderLnx/./Device/uRecorderDeviceInterfaces.pas(337,54) Note: (6058) Call to subroutine "operator :=(const source:Variant):LongInt;" marked as inline is not inlined
/mnt/win_share/OburecGH/Lazarus/RecorderLnx/./Device/uRecorderDeviceInterfaces.pas(160,43) Hint: (5024) Parameter "AIndex" not used
/mnt/win_share/OburecGH/Lazarus/RecorderLnx/./Device/uRecorderDeviceInterfaces.pas(373,51) Note: (6058) Call to subroutine "operator :=(const source:AnsiString):Variant;" marked as inline is not inlined
/mnt/win_share/OburecGH/Lazarus/RecorderLnx/./Device/uRecorderDeviceInterfaces.pas(375,51) Note: (6058) Call to subroutine "operator :=(const source:AnsiString):Variant;" marked as inline is not inlined
/mnt/win_share/OburecGH/Lazarus/RecorderLnx/./Device/uRecorderDeviceInterfaces.pas(377,49) Note: (6058) Call to subroutine "operator :=(const source:LongInt):Variant;" marked as inline is not inlined
/mnt/win_share/OburecGH/Lazarus/RecorderLnx/./Device/uRecorderDeviceInterfaces.pas(380,62) Note: (6058) Call to subroutine "operator :=(const source:Double):Variant;" marked as inline is not inlined
/mnt/win_share/OburecGH/Lazarus/RecorderLnx/./Device/uRecorderDeviceInterfaces.pas(383,62) Note: (6058) Call to subroutine "operator :=(const source:Double):Variant;" marked as inline is not inlined
/mnt/win_share/OburecGH/Lazarus/RecorderLnx/./Device/uRecorderDeviceInterfaces.pas(386,57) Note: (6058) Call to subroutine "operator :=(const source:LongInt):Variant;" marked as inline is not inlined
/mnt/win_share/OburecGH/Lazarus/RecorderLnx/./Device/uRecorderDeviceInterfaces.pas(389,57) Note: (6058) Call to subroutine "operator :=(const source:LongInt):Variant;" marked as inline is not inlined
/mnt/win_share/OburecGH/Lazarus/RecorderLnx/./Device/uRecorderDeviceInterfaces.pas(436,39) Hint: (5092) Variable "ABlock" of a managed type does not seem to be initialized
/mnt/win_share/OburecGH/Lazarus/RecorderLnx/./Device/uRecorderDeviceInterfaces.pas(175,24) Hint: (5024) Parameter "ATimeoutMs" not used
/mnt/win_share/OburecGH/Lazarus/RecorderLnx/./Device/uRecorderDeviceInterfaces.pas(179,35) Hint: (5024) Parameter "AAction" not used
/mnt/win_share/OburecGH/Lazarus/RecorderLnx/./Device/uRecorderDeviceInterfaces.pas(458,20) Hint: (5092) Variable "AValues" of a managed type does not seem to be initialized
/mnt/win_share/OburecGH/Lazarus/RecorderLnx/./Device/uRecorderDeviceInterfaces.pas(180,34) Hint: (5024) Parameter "AAction" not used
/mnt/win_share/OburecGH/Lazarus/RecorderLnx/./Device/uRecorderDeviceInterfaces.pas(181,13) Hint: (5024) Parameter "AChannelIndices" not used
/mnt/win_share/OburecGH/Lazarus/RecorderLnx/./Core/uRecorderHardwareLiveDevices.pas(276,23) Hint: (5091) Local variable "lDevices" of a managed type does not seem to be initialized
/mnt/win_share/OburecGH/Lazarus/RecorderLnx/./Core/uRecorderHardwareLiveDevices.pas(277,25) Hint: (5091) Local variable "lSourceIds" of a managed type does not seem to be initialized
/mnt/win_share/OburecGH/Lazarus/RecorderLnx/./Core/uRecorderHardwareLiveDevices.pas(314,23) Hint: (5091) Local variable "lDevices" of a managed type does not seem to be initialized
/mnt/win_share/OburecGH/Lazarus/RecorderLnx/./Core/uRecorderHardwareLiveDevices.pas(315,25) Hint: (5091) Local variable "lSourceIds" of a managed type does not seem to be initialized
/mnt/win_share/OburecGH/Lazarus/RecorderLnx/./Core/uRecorderHardwareLiveDevices.pas(45,3) Hint: (5023) Unit "syncobjs" not used in uRecorderHardwareLiveDevices
/mnt/win_share/OburecGH/Lazarus/RecorderLnx/./Core/uRecorderDataSources.pas(421,29) Hint: (5058) Variable "ABuffer" does not seem to be initialized
/mnt/win_share/OburecGH/Lazarus/RecorderLnx/./Core/uRecorderDataSources.pas(612,3) Note: (5025) Local variable "lTag" not used
/mnt/win_share/OburecGH/Lazarus/RecorderLnx/./Core/uRecorderDataSources.pas(1091,39) Hint: (5057) Local variable "lDouble" does not seem to be initialized
/mnt/win_share/OburecGH/Lazarus/RecorderLnx/./Core/uRecorderDataSources.pas(1096,39) Hint: (5057) Local variable "lSingle" does not seem to be initialized
/mnt/win_share/OburecGH/Lazarus/RecorderLnx/./Core/uRecorderDataSources.pas(1101,38) Hint: (5057) Local variable "lInt32" does not seem to be initialized
/mnt/win_share/OburecGH/Lazarus/RecorderLnx/./Core/uRecorderDataSources.pas(1106,39) Hint: (5057) Local variable "lUInt32" does not seem to be initialized
/mnt/win_share/OburecGH/Lazarus/RecorderLnx/./Core/uRecorderDataSources.pas(1111,38) Hint: (5057) Local variable "lInt16" does not seem to be initialized
/mnt/win_share/OburecGH/Lazarus/RecorderLnx/./Core/uRecorderDataSources.pas(1116,39) Hint: (5057) Local variable "lUInt16" does not seem to be initialized
/mnt/win_share/OburecGH/Lazarus/RecorderLnx/./Core/uRecorderDataSources.pas(1629,3) Note: (5027) Local variable "lElapsed" is assigned but never used
/mnt/win_share/OburecGH/Lazarus/RecorderLnx/./Core/uRecorderDataSources.pas(1924,24) Hint: (5091) Local variable "lProcedures" of a managed type does not seem to be initialized
/mnt/win_share/OburecGH/Lazarus/RecorderLnx/./Core/uRecorderDataSources.pas(1956,24) Hint: (5091) Local variable "lProcedures" of a managed type does not seem to be initialized
(3104) Compiling ./Core/uRecorder.pas
(3104) Compiling ./Core/uRecorderEventQueue.pas
(3104) Compiling ./Core/uRecorderAlarms.pas
/mnt/win_share/OburecGH/Lazarus/RecorderLnx/./Core/uRecorderEventQueue.pas(140,3) Note: (5025) Local variable "I" not used
/mnt/win_share/OburecGH/Lazarus/RecorderLnx/./Core/uRecorderEventQueue.pas(105,27) Hint: (5024) Parameter "ASender" not used
(3104) Compiling ./Algs/uRecorderSpectrumRuntime.pas
/mnt/win_share/OburecGH/Lazarus/RecorderLnx/./Algs/uRecorderSpectrumRuntime.pas(633,25) Warning: (4104) Implicit string type conversion from "AnsiString" to "UnicodeString"
/mnt/win_share/OburecGH/Lazarus/RecorderLnx/./Algs/uRecorderSpectrumRuntime.pas(633,67) Warning: (4104) Implicit string type conversion from "AnsiString" to "UnicodeString"
/mnt/win_share/OburecGH/Lazarus/RecorderLnx/./Algs/uRecorderSpectrumRuntime.pas(633,60) Warning: (4105) Implicit string type conversion with potential data loss from "UnicodeString" to "AnsiString"
/mnt/win_share/OburecGH/Lazarus/RecorderLnx/./Algs/uRecorderSpectrumRuntime.pas(76,34) Hint: (5024) Parameter "ASender" not used
(3104) Compiling ./Algs/uRecorderAlgorithmManager.pas
/mnt/win_share/OburecGH/Lazarus/RecorderLnx/./Algs/uRecorderAlgorithmManager.pas(226,77) Warning: (4104) Implicit string type conversion from "AnsiString" to "UnicodeString"
/mnt/win_share/OburecGH/Lazarus/RecorderLnx/./Algs/uRecorderAlgorithmManager.pas(226,85) Warning: (4105) Implicit string type conversion with potential data loss from "UnicodeString" to "AnsiString"
/mnt/win_share/OburecGH/Lazarus/RecorderLnx/./Algs/uRecorderAlgorithmManager.pas(53,27) Hint: (5024) Parameter "ATag" not used
/mnt/win_share/OburecGH/Lazarus/RecorderLnx/./Algs/uRecorderAlgorithmManager.pas(53,47) Hint: (5024) Parameter "ATimeSec" not used
/mnt/win_share/OburecGH/Lazarus/RecorderLnx/./Algs/uRecorderAlgorithmManager.pas(53,57) Hint: (5024) Parameter "AValue" not used
/mnt/win_share/OburecGH/Lazarus/RecorderLnx/./Algs/uRecorderAlgorithmManager.pas(54,27) Hint: (5024) Parameter "ATag" not used
/mnt/win_share/OburecGH/Lazarus/RecorderLnx/./Algs/uRecorderAlgorithmManager.pas(54,53) Hint: (5024) Parameter "ATimes" not used
/mnt/win_share/OburecGH/Lazarus/RecorderLnx/./Algs/uRecorderAlgorithmManager.pas(54,61) Hint: (5024) Parameter "AValues" not used
/mnt/win_share/OburecGH/Lazarus/RecorderLnx/./Algs/uRecorderAlgorithmManager.pas(55,7) Hint: (5024) Parameter "ACount" not used
/mnt/win_share/OburecGH/Lazarus/RecorderLnx/./Algs/uRecorderAlgorithmManager.pas(358,87) Warning: (4104) Implicit string type conversion from "AnsiString" to "UnicodeString"
/mnt/win_share/OburecGH/Lazarus/RecorderLnx/./Algs/uRecorderAlgorithmManager.pas(358,96) Warning: (4105) Implicit string type conversion with potential data loss from "UnicodeString" to "AnsiString"
/mnt/win_share/OburecGH/Lazarus/RecorderLnx/./Algs/uRecorderAlgorithmManager.pas(146,39) Hint: (5024) Parameter "ATransition" not used
/mnt/win_share/OburecGH/Lazarus/RecorderLnx/./Algs/uRecorderAlgorithmManager.pas(126,36) Hint: (5024) Parameter "Sender" not used
/mnt/win_share/OburecGH/Lazarus/RecorderLnx/./Algs/uRecorderAlgorithmManager.pas(128,36) Hint: (5024) Parameter "Sender" not used
(3104) Compiling ./SQLdb/uRecorderSqlDbManager.pas
(3104) Compiling ./SQLdb/uRecorderSqlDbTypes.pas
(3104) Compiling ./SQLdb/uRecorderSqlDbRuntime.pas
(3104) Compiling ./SQLdb/uRecorderSqlDbRepository.pas
/mnt/win_share/OburecGH/Lazarus/RecorderLnx/./SQLdb/uRecorderSqlDbRepository.pas(140,43) Warning: (4104) Implicit string type conversion from "AnsiString" to "UnicodeString"
/mnt/win_share/OburecGH/Lazarus/RecorderLnx/./SQLdb/uRecorderSqlDbRepository.pas(140,51) Warning: (4105) Implicit string type conversion with potential data loss from "UnicodeString" to "AnsiString"
/mnt/win_share/OburecGH/Lazarus/RecorderLnx/./SQLdb/uRecorderSqlDbRepository.pas(313,19) Hint: (5092) Variable "AItems" of a managed type does not seem to be initialized
/mnt/win_share/OburecGH/Lazarus/RecorderLnx/./SQLdb/uRecorderSqlDbRepository.pas(509,20) Hint: (5092) Variable "APoints" of a managed type does not seem to be initialized
/mnt/win_share/OburecGH/Lazarus/RecorderLnx/./SQLdb/uRecorderSqlDbRepository.pas(528,28) Hint: (5091) Local variable "lSignalPoints" of a managed type does not seem to be initialized
/mnt/win_share/OburecGH/Lazarus/RecorderLnx/./SQLdb/uRecorderSqlDbRepository.pas(1625,19) Hint: (5092) Variable "AItems" of a managed type does not seem to be initialized
/mnt/win_share/OburecGH/Lazarus/RecorderLnx/./SQLdb/uRecorderSqlDbRepository.pas(1669,17) Hint: (5092) Variable "AItem" of a managed type does not seem to be initialized
/mnt/win_share/OburecGH/Lazarus/RecorderLnx/./SQLdb/uRecorderSqlDbRepository.pas(1708,19) Hint: (5092) Variable "AItems" of a managed type does not seem to be initialized
/mnt/win_share/OburecGH/Lazarus/RecorderLnx/./SQLdb/uRecorderSqlDbRepository.pas(1748,19) Hint: (5092) Variable "AItems" of a managed type does not seem to be initialized
/mnt/win_share/OburecGH/Lazarus/RecorderLnx/./SQLdb/uRecorderSqlDbRepository.pas(1787,19) Hint: (5092) Variable "AItems" of a managed type does not seem to be initialized
/mnt/win_share/OburecGH/Lazarus/RecorderLnx/./SQLdb/uRecorderSqlDbRepository.pas(2008,19) Hint: (5092) Variable "AItems" of a managed type does not seem to be initialized
(3104) Compiling ./SQLdb/uRecorderSqlDbFileStore.pas
/mnt/win_share/OburecGH/Lazarus/RecorderLnx/./SQLdb/uRecorderSqlDbFileStore.pas(109,39) Hint: (5057) Local variable "lBuffer" does not seem to be initialized
(3104) Compiling ./Core/uRecorderNetworkBinding.pas
/mnt/win_share/OburecGH/Lazarus/RecorderLnx/./Core/uRecorderNetworkBinding.pas(57,3) Note: (5025) Local variable "lIndex" not used
/mnt/win_share/OburecGH/Lazarus/RecorderLnx/./Core/uRecorderNetworkBinding.pas(224,22) Hint: (5057) Local variable "lAddress" does not seem to be initialized
/mnt/win_share/OburecGH/Lazarus/RecorderLnx/./Core/uRecorderNetworkBinding.pas(227,33) Warning: (5043) Symbol "HostToNet" is deprecated
/mnt/win_share/OburecGH/Lazarus/RecorderLnx/./Core/uRecorderNetworkBinding.pas(268,19) Hint: (5057) Local variable "lConf" does not seem to be initialized
/mnt/win_share/OburecGH/Lazarus/RecorderLnx/./Core/uRecorderNetworkBinding.pas(1364,22) Warning: (5043) Symbol "HostToNet" is deprecated
/mnt/win_share/OburecGH/Lazarus/RecorderLnx/./Core/uRecorderNetworkBinding.pas(1412,20) Hint: (5057) Local variable "lLocal" does not seem to be initialized
/mnt/win_share/OburecGH/Lazarus/RecorderLnx/./Core/uRecorderNetworkBinding.pas(1511,22) Hint: (5057) Local variable "lLocal" does not seem to be initialized
/mnt/win_share/OburecGH/Lazarus/RecorderLnx/./Core/uRecorderNetworkBinding.pas(1593,7) Note: (6058) Call to subroutine "function CompareMem(P1:Pointer;P2:Pointer;Length:QWord):Boolean;" marked as inline is not inlined
/mnt/win_share/OburecGH/Lazarus/RecorderLnx/./Core/uRecorderNetworkBinding.pas(1919,22) Warning: (5043) Symbol "HostToNet" is deprecated
/mnt/win_share/OburecGH/Lazarus/RecorderLnx/./Core/uRecorderNetworkBinding.pas(1933,20) Hint: (5057) Local variable "lLocal" does not seem to be initialized
/mnt/win_share/OburecGH/Lazarus/RecorderLnx/./Core/uRecorderNetworkBinding.pas(1961,21) Hint: (5057) Local variable "lRemote" does not seem to be initialized
/mnt/win_share/OburecGH/Lazarus/RecorderLnx/./Core/uRecorderNetworkBinding.pas(2001,23) Hint: (5057) Local variable "lBuffer" does not seem to be initialized
/mnt/win_share/OburecGH/Lazarus/RecorderLnx/./Core/uRecorderNetworkBinding.pas(2007,30) Note: (6058) Call to subroutine "function CompareMem(P1:Pointer;P2:Pointer;Length:QWord):Boolean;" marked as inline is not inlined
/mnt/win_share/OburecGH/Lazarus/RecorderLnx/./Core/uRecorderNetworkBinding.pas(2084,87) Warning: (4104) Implicit string type conversion from "AnsiString" to "UnicodeString"
/mnt/win_share/OburecGH/Lazarus/RecorderLnx/./Core/uRecorderNetworkBinding.pas(2084,85) Warning: (4105) Implicit string type conversion with potential data loss from "UnicodeString" to "AnsiString"
/mnt/win_share/OburecGH/Lazarus/RecorderLnx/./Core/uRecorderNetworkBinding.pas(2090,77) Warning: (4104) Implicit string type conversion from "AnsiString" to "UnicodeString"
/mnt/win_share/OburecGH/Lazarus/RecorderLnx/./Core/uRecorderNetworkBinding.pas(2090,75) Warning: (4105) Implicit string type conversion with potential data loss from "UnicodeString" to "AnsiString"
/mnt/win_share/OburecGH/Lazarus/RecorderLnx/./Core/uRecorderNetworkBinding.pas(2096,22) Hint: (5057) Local variable "lLocal" does not seem to be initialized
/mnt/win_share/OburecGH/Lazarus/RecorderLnx/./Core/uRecorderNetworkBinding.pas(2099,33) Warning: (5043) Symbol "HostToNet" is deprecated
/mnt/win_share/OburecGH/Lazarus/RecorderLnx/./Core/uRecorderNetworkBinding.pas(2117,21) Hint: (5057) Local variable "lRemote" does not seem to be initialized
/mnt/win_share/OburecGH/Lazarus/RecorderLnx/./Core/uRecorderNetworkBinding.pas(2119,25) Warning: (5043) Symbol "ShortHostToNet" is deprecated
/mnt/win_share/OburecGH/Lazarus/RecorderLnx/./Core/uRecorderNetworkBinding.pas(2120,32) Warning: (5043) Symbol "HostToNet" is deprecated
/mnt/win_share/OburecGH/Lazarus/RecorderLnx/./Core/uRecorderNetworkBinding.pas(2123,20) Hint: (5057) Local variable "lFds" does not seem to be initialized
/mnt/win_share/OburecGH/Lazarus/RecorderLnx/./Core/uRecorderNetworkBinding.pas(2143,91) Warning: (4104) Implicit string type conversion from "AnsiString" to "UnicodeString"
/mnt/win_share/OburecGH/Lazarus/RecorderLnx/./Core/uRecorderNetworkBinding.pas(2143,89) Warning: (4105) Implicit string type conversion with potential data loss from "UnicodeString" to "AnsiString"
/mnt/win_share/OburecGH/Lazarus/RecorderLnx/./Core/uRecorderNetworkBinding.pas(2151,69) Warning: (4104) Implicit string type conversion from "AnsiString" to "UnicodeString"
/mnt/win_share/OburecGH/Lazarus/RecorderLnx/./Core/uRecorderNetworkBinding.pas(2151,67) Warning: (4105) Implicit string type conversion with potential data loss from "UnicodeString" to "AnsiString"
/mnt/win_share/OburecGH/Lazarus/RecorderLnx/./Core/uRecorderNetworkBinding.pas(9,22) Hint: (5023) Unit "ctypes" not used in uRecorderNetworkBinding
/mnt/win_share/OburecGH/Lazarus/RecorderLnx/./SQLdb/uRecorderSqlDbRuntime.pas(182,80) Warning: (4104) Implicit string type conversion from "AnsiString" to "UnicodeString"
/mnt/win_share/OburecGH/Lazarus/RecorderLnx/./SQLdb/uRecorderSqlDbRuntime.pas(183,7) Warning: (4104) Implicit string type conversion from "AnsiString" to "UnicodeString"
/mnt/win_share/OburecGH/Lazarus/RecorderLnx/./SQLdb/uRecorderSqlDbRuntime.pas(183,39) Warning: (4104) Implicit string type conversion from "AnsiString" to "UnicodeString"
/mnt/win_share/OburecGH/Lazarus/RecorderLnx/./SQLdb/uRecorderSqlDbRuntime.pas(183,51) Warning: (4105) Implicit string type conversion with potential data loss from "UnicodeString" to "AnsiString"
/mnt/win_share/OburecGH/Lazarus/RecorderLnx/./SQLdb/uRecorderSqlDbManager.pas(28,27) Hint: (5024) Parameter "ASender" not used
/mnt/win_share/OburecGH/Lazarus/RecorderLnx/./Core/uRecorder.pas(35,35) Hint: (5024) Parameter "Sender" not used
(3104) Compiling /mnt/win_share/OburecGH/Lazarus/Tests/RecorderTests/UITestData/uRecorderUiTestData.pas
(3104) Compiling ./UI/uFormPagesDialog.pas
/mnt/win_share/OburecGH/Lazarus/RecorderLnx/./UI/uFormPagesDialog.pas(49,32) Hint: (5024) Parameter "Sender" not used
/mnt/win_share/OburecGH/Lazarus/RecorderLnx/./UI/uFormPagesDialog.pas(57,26) Hint: (5024) Parameter "Sender" not used
/mnt/win_share/OburecGH/Lazarus/RecorderLnx/./UI/uFormPagesDialog.pas(57,43) Hint: (5024) Parameter "aCol" not used
/mnt/win_share/OburecGH/Lazarus/RecorderLnx/./UI/uFormPagesDialog.pas(58,11) Hint: (5024) Parameter "CanSelect" not used
/mnt/win_share/OburecGH/Lazarus/RecorderLnx/./UI/uFormPagesDialog.pas(54,30) Hint: (5024) Parameter "Sender" not used
/mnt/win_share/OburecGH/Lazarus/RecorderLnx/./UI/uFormPagesDialog.pas(447,80) Warning: (4104) Implicit string type conversion from "AnsiString" to "UnicodeString"
/mnt/win_share/OburecGH/Lazarus/RecorderLnx/./UI/uFormPagesDialog.pas(447,88) Warning: (4105) Implicit string type conversion with potential data loss from "UnicodeString" to "AnsiString"
/mnt/win_share/OburecGH/Lazarus/RecorderLnx/./UI/uFormPagesDialog.pas(47,37) Hint: (5024) Parameter "Sender" not used
/mnt/win_share/OburecGH/Lazarus/RecorderLnx/./UI/uFormPagesDialog.pas(48,36) Hint: (5024) Parameter "Sender" not used
/mnt/win_share/OburecGH/Lazarus/RecorderLnx/./UI/uFormPagesDialog.pas(51,27) Hint: (5024) Parameter "Sender" not used
/mnt/win_share/OburecGH/Lazarus/RecorderLnx/./UI/uFormPagesDialog.pas(45,32) Hint: (5024) Parameter "Sender" not used
/mnt/win_share/OburecGH/Lazarus/RecorderLnx/./UI/uFormPagesDialog.pas(50,27) Hint: (5024) Parameter "Sender" not used
/mnt/win_share/OburecGH/Lazarus/RecorderLnx/./UI/uFormPagesDialog.pas(53,27) Hint: (5024) Parameter "Sender" not used
/mnt/win_share/OburecGH/Lazarus/RecorderLnx/./UI/uFormPagesDialog.pas(52,29) Hint: (5024) Parameter "Sender" not used
/mnt/win_share/OburecGH/Lazarus/RecorderLnx/./UI/uFormPagesDialog.pas(46,29) Hint: (5024) Parameter "Sender" not used
(3104) Compiling ./UI/uFormEditorController.pas
(3104) Compiling ./UI/uRecorderOglOscillogramView.pas
(3104) Compiling ./UI/uRecorderVisualControl.pas
(3104) Compiling ./UI/uRecorderOglOscillogramView.pas
(3104) Compiling ./Core/uRecorderTagRefs.pas
/mnt/win_share/OburecGH/Lazarus/RecorderLnx/./UI/uRecorderOglOscillogramView.pas(54,32) Hint: (5024) Parameter "Sender" not used
/mnt/win_share/OburecGH/Lazarus/RecorderLnx/./UI/uRecorderOglOscillogramView.pas(577,29) Hint: (5091) Local variable "lTagColors" of a managed type does not seem to be initialized
/mnt/win_share/OburecGH/Lazarus/RecorderLnx/./UI/uRecorderOglOscillogramView.pas(129,32) Hint: (5024) Parameter "Sender" not used
(3104) Compiling ./UI/uRecorderTrendView.pas
(3104) Compiling /mnt/win_share/OburecGH/Lazarus/SharedUtils/uSharedAlgorithms.pas
/mnt/win_share/OburecGH/Lazarus/RecorderLnx/./UI/uRecorderTrendView.pas(157,23) Hint: (5091) Local variable "lOglAxes" of a managed type does not seem to be initialized
/mnt/win_share/OburecGH/Lazarus/RecorderLnx/./UI/uRecorderTrendView.pas(256,19) Hint: (5091) Local variable "lPages" of a managed type does not seem to be initialized
/mnt/win_share/OburecGH/Lazarus/RecorderLnx/./UI/uRecorderTrendView.pas(146,3) Note: (5027) Local variable "lAxisCount" is assigned but never used
/mnt/win_share/OburecGH/Lazarus/RecorderLnx/./UI/uRecorderTrendView.pas(60,32) Hint: (5024) Parameter "ALineIndex" not used
/mnt/win_share/OburecGH/Lazarus/RecorderLnx/./UI/uRecorderTrendView.pas(66,27) Hint: (5024) Parameter "ALineIndex" not used
/mnt/win_share/OburecGH/Lazarus/RecorderLnx/./UI/uRecorderTrendView.pas(572,3) Note: (5027) Local variable "lLagSec" is assigned but never used
/mnt/win_share/OburecGH/Lazarus/RecorderLnx/./UI/uRecorderTrendView.pas(82,30) Hint: (5024) Parameter "ATagRegistry" not used
/mnt/win_share/OburecGH/Lazarus/RecorderLnx/./UI/uRecorderTrendView.pas(82,66) Hint: (5024) Parameter "ADisplaySeconds" not used
/mnt/win_share/OburecGH/Lazarus/RecorderLnx/./UI/uRecorderTrendView.pas(71,35) Hint: (5024) Parameter "Sender" not used
/mnt/win_share/OburecGH/Lazarus/RecorderLnx/./UI/uRecorderTrendView.pas(18,19) Hint: (5023) Unit "uOglChartTypes" not used in uRecorderTrendView
(3104) Compiling ./UI/uRecorderSpectrumView.pas
(3104) Compiling /mnt/win_share/OburecGH/Lazarus/SharedUtils/uComponentServices.pas
(3104) Compiling /mnt/win_share/OburecGH/Lazarus/SharedUtils/uBaseClass.pas
(3104) Compiling /mnt/win_share/OburecGH/Lazarus/SharedUtils/uEventTypes.pas
(3104) Compiling /mnt/win_share/OburecGH/Lazarus/SharedUtils/uEventList.pas
/mnt/win_share/OburecGH/Lazarus/SharedUtils/uEventList.pas(164,97) Warning: (4110) range check error while evaluating constants (4096 must be between 0 and 255)
/mnt/win_share/OburecGH/Lazarus/SharedUtils/uBaseClass.pas(24,25) Hint: (5024) Parameter "ABaseObj" not used
/mnt/win_share/OburecGH/Lazarus/SharedUtils/uBaseClass.pas(24,46) Hint: (5024) Parameter "Root" not used
/mnt/win_share/OburecGH/Lazarus/SharedUtils/uBaseClass.pas(107,25) Hint: (5024) Parameter "ABaseObj" not used
/mnt/win_share/OburecGH/Lazarus/SharedUtils/uBaseClass.pas(107,46) Hint: (5024) Parameter "Root" not used
/mnt/win_share/OburecGH/Lazarus/SharedUtils/uBaseClass.pas(75,41) Hint: (5024) Parameter "AName" not used
/mnt/win_share/OburecGH/Lazarus/SharedUtils/uBaseClass.pas(8,31) Hint: (5023) Unit "uEventTypes" not used in uBaseClass
/mnt/win_share/OburecGH/Lazarus/RecorderLnx/./UI/uRecorderSpectrumView.pas(51,52) Hint: (5024) Parameter "ACol" not used
/mnt/win_share/OburecGH/Lazarus/RecorderLnx/./UI/uRecorderSpectrumView.pas(52,7) Hint: (5024) Parameter "AState" not used
/mnt/win_share/OburecGH/Lazarus/RecorderLnx/./UI/uRecorderSpectrumView.pas(53,32) Hint: (5024) Parameter "Sender" not used
/mnt/win_share/OburecGH/Lazarus/RecorderLnx/./UI/uRecorderSpectrumView.pas(53,49) Hint: (5024) Parameter "ACol" not used
/mnt/win_share/OburecGH/Lazarus/RecorderLnx/./UI/uRecorderSpectrumView.pas(74,30) Hint: (5024) Parameter "ATagRegistry" not used
/mnt/win_share/OburecGH/Lazarus/RecorderLnx/./UI/uRecorderSpectrumView.pas(74,66) Hint: (5024) Parameter "ADisplaySeconds" not used
/mnt/win_share/OburecGH/Lazarus/RecorderLnx/./UI/uRecorderSpectrumView.pas(48,30) Hint: (5024) Parameter "Sender" not used
/mnt/win_share/OburecGH/Lazarus/RecorderLnx/./UI/uRecorderSpectrumView.pas(48,47) Hint: (5024) Parameter "Shift" not used
/mnt/win_share/OburecGH/Lazarus/RecorderLnx/./UI/uRecorderSpectrumView.pas(49,32) Hint: (5024) Parameter "Sender" not used
/mnt/win_share/OburecGH/Lazarus/RecorderLnx/./UI/uRecorderSpectrumView.pas(49,49) Hint: (5024) Parameter "ARenderTimeMs" not used
/mnt/win_share/OburecGH/Lazarus/RecorderLnx/./UI/uRecorderSpectrumView.pas(50,34) Hint: (5024) Parameter "Sender" not used
/mnt/win_share/OburecGH/Lazarus/RecorderLnx/./UI/uRecorderSpectrumView.pas(50,51) Hint: (5024) Parameter "ACursor" not used
/mnt/win_share/OburecGH/Lazarus/RecorderLnx/./UI/uRecorderSpectrumView.pas(47,27) Hint: (5024) Parameter "ASender" not used
/mnt/win_share/OburecGH/Lazarus/RecorderLnx/./UI/uRecorderVisualControl.pas(105,26) Hint: (5024) Parameter "Sender" not used
/mnt/win_share/OburecGH/Lazarus/RecorderLnx/./UI/uRecorderVisualControl.pas(104,27) Hint: (5024) Parameter "Sender" not used
/mnt/win_share/OburecGH/Lazarus/RecorderLnx/./UI/uRecorderVisualControl.pas(110,7) Hint: (5024) Parameter "ADisplaySeconds" not used
/mnt/win_share/OburecGH/Lazarus/RecorderLnx/./UI/uRecorderVisualControl.pas(80,27) Hint: (5024) Parameter "Sender" not used
/mnt/win_share/OburecGH/Lazarus/RecorderLnx/./UI/uRecorderVisualControl.pas(81,31) Hint: (5024) Parameter "Sender" not used
/mnt/win_share/OburecGH/Lazarus/RecorderLnx/./UI/uRecorderVisualControl.pas(82,7) Hint: (5024) Parameter "Shift" not used
/mnt/win_share/OburecGH/Lazarus/RecorderLnx/./UI/uRecorderVisualControl.pas(82,27) Hint: (5024) Parameter "X" not used
/mnt/win_share/OburecGH/Lazarus/RecorderLnx/./UI/uRecorderVisualControl.pas(82,30) Hint: (5024) Parameter "Y" not used
/mnt/win_share/OburecGH/Lazarus/RecorderLnx/./UI/uRecorderVisualControl.pas(83,29) Hint: (5024) Parameter "Sender" not used
/mnt/win_share/OburecGH/Lazarus/RecorderLnx/./UI/uRecorderVisualControl.pas(84,7) Hint: (5024) Parameter "Shift" not used
/mnt/win_share/OburecGH/Lazarus/RecorderLnx/./UI/uRecorderVisualControl.pas(84,27) Hint: (5024) Parameter "X" not used
/mnt/win_share/OburecGH/Lazarus/RecorderLnx/./UI/uRecorderVisualControl.pas(84,30) Hint: (5024) Parameter "Y" not used
/mnt/win_share/OburecGH/Lazarus/RecorderLnx/./UI/uRecorderVisualControl.pas(85,31) Hint: (5024) Parameter "Sender" not used
/mnt/win_share/OburecGH/Lazarus/RecorderLnx/./UI/uRecorderVisualControl.pas(93,66) Hint: (5024) Parameter "ADisplaySeconds" not used
/mnt/win_share/OburecGH/Lazarus/RecorderLnx/./UI/uRecorderVisualControl.pas(60,63) Hint: (5024) Parameter "ATagRegistry" not used
/mnt/win_share/OburecGH/Lazarus/RecorderLnx/./UI/uRecorderVisualControl.pas(61,30) Hint: (5024) Parameter "ATagRegistry" not used
/mnt/win_share/OburecGH/Lazarus/RecorderLnx/./UI/uRecorderVisualControl.pas(61,66) Hint: (5024) Parameter "ADisplaySeconds" not used
/mnt/win_share/OburecGH/Lazarus/RecorderLnx/./UI/uRecorderVisualControl.pas(129,66) Hint: (5024) Parameter "ADisplaySeconds" not used
/mnt/win_share/OburecGH/Lazarus/RecorderLnx/./UI/uRecorderVisualControl.pas(157,7) Hint: (5024) Parameter "ADisplaySeconds" not used
/mnt/win_share/OburecGH/Lazarus/RecorderLnx/./UI/uRecorderVisualControl.pas(165,3) Hint: (5023) Unit "uOglChartTrend" not used in uRecorderVisualControl
(3104) Compiling ./UI/uComponentSettingsDialog.pas
(3104) Compiling ./UI/uRecorderTrendSettingsDialog.pas
(3104) Compiling ./UI/uRecorderColorSwatch.pas
/mnt/win_share/OburecGH/Lazarus/RecorderLnx/./UI/uRecorderColorSwatch.pas(21,30) Hint: (5024) Parameter "Sender" not used
/mnt/win_share/OburecGH/Lazarus/RecorderLnx/./UI/uRecorderTrendSettingsDialog.pas(117,84) Warning: (4104) Implicit string type conversion from "AnsiString" to "UnicodeString"
/mnt/win_share/OburecGH/Lazarus/RecorderLnx/./UI/uRecorderTrendSettingsDialog.pas(117,89) Warning: (4105) Implicit string type conversion with potential data loss from "UnicodeString" to "TTranslateString"
/mnt/win_share/OburecGH/Lazarus/RecorderLnx/./UI/uRecorderTrendSettingsDialog.pas(139,54) Warning: (5043) Symbol "DecimalSeparator" is deprecated
/mnt/win_share/OburecGH/Lazarus/RecorderLnx/./UI/uRecorderTrendSettingsDialog.pas(140,54) Warning: (5043) Symbol "DecimalSeparator" is deprecated
/mnt/win_share/OburecGH/Lazarus/RecorderLnx/./UI/uRecorderTrendSettingsDialog.pas(72,35) Hint: (5024) Parameter "Sender" not used
/mnt/win_share/OburecGH/Lazarus/RecorderLnx/./UI/uRecorderTrendSettingsDialog.pas(71,30) Hint: (5024) Parameter "Sender" not used
/mnt/win_share/OburecGH/Lazarus/RecorderLnx/./UI/uRecorderTrendSettingsDialog.pas(65,35) Hint: (5024) Parameter "Sender" not used
/mnt/win_share/OburecGH/Lazarus/RecorderLnx/./UI/uRecorderTrendSettingsDialog.pas(66,33) Hint: (5024) Parameter "Sender" not used
/mnt/win_share/OburecGH/Lazarus/RecorderLnx/./UI/uRecorderTrendSettingsDialog.pas(64,28) Hint: (5024) Parameter "Sender" not used
/mnt/win_share/OburecGH/Lazarus/RecorderLnx/./UI/uRecorderTrendSettingsDialog.pas(69,31) Hint: (5024) Parameter "Sender" not used
/mnt/win_share/OburecGH/Lazarus/RecorderLnx/./UI/uRecorderTrendSettingsDialog.pas(63,28) Hint: (5024) Parameter "Sender" not used
/mnt/win_share/OburecGH/Lazarus/RecorderLnx/./UI/uRecorderTrendSettingsDialog.pas(68,31) Hint: (5024) Parameter "Sender" not used
/mnt/win_share/OburecGH/Lazarus/RecorderLnx/./UI/uRecorderTrendSettingsDialog.pas(76,29) Hint: (5024) Parameter "Sender" not used
(3104) Compiling ./UI/uRecorderSpectrumSettingsDialog.pas
/mnt/win_share/OburecGH/Lazarus/RecorderLnx/./UI/uRecorderSpectrumSettingsDialog.pas(101,92) Warning: (4104) Implicit string type conversion from "AnsiString" to "UnicodeString"
/mnt/win_share/OburecGH/Lazarus/RecorderLnx/./UI/uRecorderSpectrumSettingsDialog.pas(101,97) Warning: (4105) Implicit string type conversion with potential data loss from "UnicodeString" to "TTranslateString"
/mnt/win_share/OburecGH/Lazarus/RecorderLnx/./UI/uRecorderSpectrumSettingsDialog.pas(124,54) Warning: (5043) Symbol "DecimalSeparator" is deprecated
/mnt/win_share/OburecGH/Lazarus/RecorderLnx/./UI/uRecorderSpectrumSettingsDialog.pas(125,54) Warning: (5043) Symbol "DecimalSeparator" is deprecated
/mnt/win_share/OburecGH/Lazarus/RecorderLnx/./UI/uRecorderSpectrumSettingsDialog.pas(56,29) Hint: (5024) Parameter "Sender" not used
/mnt/win_share/OburecGH/Lazarus/RecorderLnx/./UI/uRecorderSpectrumSettingsDialog.pas(62,32) Hint: (5024) Parameter "Sender" not used
/mnt/win_share/OburecGH/Lazarus/RecorderLnx/./UI/uRecorderSpectrumSettingsDialog.pas(63,30) Hint: (5024) Parameter "Sender" not used
/mnt/win_share/OburecGH/Lazarus/RecorderLnx/./UI/uRecorderSpectrumSettingsDialog.pas(64,33) Hint: (5024) Parameter "Sender" not used
/mnt/win_share/OburecGH/Lazarus/RecorderLnx/./UI/uRecorderSpectrumSettingsDialog.pas(65,37) Hint: (5024) Parameter "Sender" not used
/mnt/win_share/OburecGH/Lazarus/RecorderLnx/./UI/uRecorderSpectrumSettingsDialog.pas(66,32) Hint: (5024) Parameter "Sender" not used
(3104) Compiling ./UI/uRecorderOscillogramSettingsDialog.pas
/mnt/win_share/OburecGH/Lazarus/RecorderLnx/./UI/uRecorderOscillogramSettingsDialog.pas(15,22) Warning: (2005) Comment level 2 found
/mnt/win_share/OburecGH/Lazarus/RecorderLnx/./UI/uRecorderOscillogramSettingsDialog.pas(105,77) Warning: (4104) Implicit string type conversion from "AnsiString" to "UnicodeString"
/mnt/win_share/OburecGH/Lazarus/RecorderLnx/./UI/uRecorderOscillogramSettingsDialog.pas(105,82) Warning: (4105) Implicit string type conversion with potential data loss from "UnicodeString" to "TTranslateString"
/mnt/win_share/OburecGH/Lazarus/RecorderLnx/./UI/uRecorderOscillogramSettingsDialog.pas(435,19) Hint: (5091) Local variable "lNames" of a managed type does not seem to be initialized
/mnt/win_share/OburecGH/Lazarus/RecorderLnx/./UI/uRecorderOscillogramSettingsDialog.pas(66,29) Hint: (5024) Parameter "Sender" not used
/mnt/win_share/OburecGH/Lazarus/RecorderLnx/./UI/uRecorderOscillogramSettingsDialog.pas(56,28) Hint: (5024) Parameter "Sender" not used
/mnt/win_share/OburecGH/Lazarus/RecorderLnx/./UI/uRecorderOscillogramSettingsDialog.pas(59,31) Hint: (5024) Parameter "Sender" not used
/mnt/win_share/OburecGH/Lazarus/RecorderLnx/./UI/uRecorderOscillogramSettingsDialog.pas(61,35) Hint: (5024) Parameter "Sender" not used
/mnt/win_share/OburecGH/Lazarus/RecorderLnx/./UI/uRecorderOscillogramSettingsDialog.pas(68,35) Hint: (5024) Parameter "Sender" not used
/mnt/win_share/OburecGH/Lazarus/RecorderLnx/./UI/uRecorderOscillogramSettingsDialog.pas(67,32) Hint: (5024) Parameter "Sender" not used
/mnt/win_share/OburecGH/Lazarus/RecorderLnx/./UI/uRecorderOscillogramSettingsDialog.pas(57,38) Hint: (5024) Parameter "Sender" not used
(3104) Compiling ./UI/uRecorderImageSettingsDialog.pas
/mnt/win_share/OburecGH/Lazarus/RecorderLnx/./UI/uRecorderImageSettingsDialog.pas(97,67) Warning: (4104) Implicit string type conversion from "AnsiString" to "UnicodeString"
/mnt/win_share/OburecGH/Lazarus/RecorderLnx/./UI/uRecorderImageSettingsDialog.pas(97,72) Warning: (4105) Implicit string type conversion with potential data loss from "UnicodeString" to "TTranslateString"
/mnt/win_share/OburecGH/Lazarus/RecorderLnx/./UI/uRecorderImageSettingsDialog.pas(24,30) Hint: (5024) Parameter "Sender" not used
/mnt/win_share/OburecGH/Lazarus/RecorderLnx/./UI/uRecorderImageSettingsDialog.pas(26,33) Hint: (5024) Parameter "Sender" not used
/mnt/win_share/OburecGH/Lazarus/RecorderLnx/./UI/uRecorderImageSettingsDialog.pas(25,33) Hint: (5024) Parameter "Sender" not used
/mnt/win_share/OburecGH/Lazarus/RecorderLnx/./UI/uRecorderImageSettingsDialog.pas(27,34) Hint: (5024) Parameter "Sender" not used
/mnt/win_share/OburecGH/Lazarus/RecorderLnx/./UI/uRecorderImageSettingsDialog.pas(28,34) Hint: (5024) Parameter "Sender" not used
/mnt/win_share/OburecGH/Lazarus/RecorderLnx/./UI/uRecorderImageSettingsDialog.pas(29,21) Hint: (5024) Parameter "aState" not used
/mnt/win_share/OburecGH/Lazarus/RecorderLnx/./UI/uRecorderImageSettingsDialog.pas(30,29) Hint: (5024) Parameter "Sender" not used
(3104) Compiling ./UI/uRecorderButtonSettingsDialog.pas
/mnt/win_share/OburecGH/Lazarus/RecorderLnx/./UI/uRecorderButtonSettingsDialog.pas(38,36) Hint: (5024) Parameter "Sender" not used
/mnt/win_share/OburecGH/Lazarus/RecorderLnx/./UI/uRecorderButtonSettingsDialog.pas(39,37) Hint: (5024) Parameter "Sender" not used
/mnt/win_share/OburecGH/Lazarus/RecorderLnx/./UI/uRecorderButtonSettingsDialog.pas(40,32) Hint: (5024) Parameter "Sender" not used
/mnt/win_share/OburecGH/Lazarus/RecorderLnx/./UI/uRecorderButtonSettingsDialog.pas(41,33) Hint: (5024) Parameter "Sender" not used
/mnt/win_share/OburecGH/Lazarus/RecorderLnx/./UI/uRecorderButtonSettingsDialog.pas(37,26) Hint: (5024) Parameter "Sender" not used
(3104) Compiling ./SQLdb/SqlTrend/uRecorderSqlTrendModel.pas
/mnt/win_share/OburecGH/Lazarus/RecorderLnx/./SQLdb/SqlTrend/uRecorderSqlTrendModel.pas(88,17) Warning: (3057) An inherited method is hidden by "constructor Create;"
/mnt/win_share/OburecGH/Lazarus/RecorderLnx/./SQLdb/SqlTrend/uRecorderSqlTrendModel.pas(211,51) Warning: (4104) Implicit string type conversion from "AnsiString" to "UnicodeString"
/mnt/win_share/OburecGH/Lazarus/RecorderLnx/./SQLdb/SqlTrend/uRecorderSqlTrendModel.pas(211,49) Warning: (4105) Implicit string type conversion with potential data loss from "UnicodeString" to "AnsiString"
(3104) Compiling ./SQLdb/SqlTrend/uRecorderSqlTrendSettingsDialog.pas
/mnt/win_share/OburecGH/Lazarus/RecorderLnx/./SQLdb/SqlTrend/uRecorderSqlTrendSettingsDialog.pas(363,37) Warning: (4104) Implicit string type conversion from "AnsiString" to "UnicodeString"
/mnt/win_share/OburecGH/Lazarus/RecorderLnx/./SQLdb/SqlTrend/uRecorderSqlTrendSettingsDialog.pas(363,81) Warning: (4104) Implicit string type conversion from "AnsiString" to "UnicodeString"
/mnt/win_share/OburecGH/Lazarus/RecorderLnx/./SQLdb/SqlTrend/uRecorderSqlTrendSettingsDialog.pas(363,95) Warning: (4105) Implicit string type conversion with potential data loss from "UnicodeString" to "AnsiString"
/mnt/win_share/OburecGH/Lazarus/RecorderLnx/./SQLdb/SqlTrend/uRecorderSqlTrendSettingsDialog.pas(64,35) Hint: (5024) Parameter "Sender" not used
/mnt/win_share/OburecGH/Lazarus/RecorderLnx/./SQLdb/SqlTrend/uRecorderSqlTrendSettingsDialog.pas(64,52) Hint: (5024) Parameter "User" not used
/mnt/win_share/OburecGH/Lazarus/RecorderLnx/./SQLdb/SqlTrend/uRecorderSqlTrendSettingsDialog.pas(73,35) Hint: (5024) Parameter "Sender" not used
/mnt/win_share/OburecGH/Lazarus/RecorderLnx/./SQLdb/SqlTrend/uRecorderSqlTrendSettingsDialog.pas(73,52) Hint: (5024) Parameter "User" not used
/mnt/win_share/OburecGH/Lazarus/RecorderLnx/./SQLdb/SqlTrend/uRecorderSqlTrendSettingsDialog.pas(74,32) Hint: (5024) Parameter "Sender" not used
/mnt/win_share/OburecGH/Lazarus/RecorderLnx/./SQLdb/SqlTrend/uRecorderSqlTrendSettingsDialog.pas(423,19) Warning: (4104) Implicit string type conversion from "AnsiString" to "UnicodeString"
/mnt/win_share/OburecGH/Lazarus/RecorderLnx/./SQLdb/SqlTrend/uRecorderSqlTrendSettingsDialog.pas(424,19) Warning: (4104) Implicit string type conversion from "AnsiString" to "UnicodeString"
/mnt/win_share/OburecGH/Lazarus/RecorderLnx/./SQLdb/SqlTrend/uRecorderSqlTrendSettingsDialog.pas(424,49) Warning: (4105) Implicit string type conversion with potential data loss from "UnicodeString" to "AnsiString"
/mnt/win_share/OburecGH/Lazarus/RecorderLnx/./SQLdb/SqlTrend/uRecorderSqlTrendSettingsDialog.pas(75,32) Hint: (5024) Parameter "Sender" not used
/mnt/win_share/OburecGH/Lazarus/RecorderLnx/./SQLdb/SqlTrend/uRecorderSqlTrendSettingsDialog.pas(76,30) Hint: (5024) Parameter "Sender" not used
/mnt/win_share/OburecGH/Lazarus/RecorderLnx/./SQLdb/SqlTrend/uRecorderSqlTrendSettingsDialog.pas(77,33) Hint: (5024) Parameter "Sender" not used
/mnt/win_share/OburecGH/Lazarus/RecorderLnx/./SQLdb/SqlTrend/uRecorderSqlTrendSettingsDialog.pas(79,37) Hint: (5024) Parameter "Sender" not used
/mnt/win_share/OburecGH/Lazarus/RecorderLnx/./SQLdb/SqlTrend/uRecorderSqlTrendSettingsDialog.pas(80,30) Hint: (5024) Parameter "Sender" not used
/mnt/win_share/OburecGH/Lazarus/RecorderLnx/./SQLdb/SqlTrend/uRecorderSqlTrendSettingsDialog.pas(65,31) Hint: (5024) Parameter "Sender" not used
/mnt/win_share/OburecGH/Lazarus/RecorderLnx/./SQLdb/SqlTrend/uRecorderSqlTrendSettingsDialog.pas(68,34) Hint: (5024) Parameter "Sender" not used
/mnt/win_share/OburecGH/Lazarus/RecorderLnx/./SQLdb/SqlTrend/uRecorderSqlTrendSettingsDialog.pas(71,35) Hint: (5024) Parameter "Sender" not used
/mnt/win_share/OburecGH/Lazarus/RecorderLnx/./SQLdb/SqlTrend/uRecorderSqlTrendSettingsDialog.pas(69,40) Hint: (5024) Parameter "Sender" not used
/mnt/win_share/OburecGH/Lazarus/RecorderLnx/./SQLdb/SqlTrend/uRecorderSqlTrendSettingsDialog.pas(81,34) Hint: (5024) Parameter "Sender" not used
/mnt/win_share/OburecGH/Lazarus/RecorderLnx/./SQLdb/SqlTrend/uRecorderSqlTrendSettingsDialog.pas(66,31) Hint: (5024) Parameter "Sender" not used
/mnt/win_share/OburecGH/Lazarus/RecorderLnx/./SQLdb/SqlTrend/uRecorderSqlTrendSettingsDialog.pas(84,36) Hint: (5024) Parameter "Sender" not used
/mnt/win_share/OburecGH/Lazarus/RecorderLnx/./SQLdb/SqlTrend/uRecorderSqlTrendSettingsDialog.pas(83,32) Hint: (5024) Parameter "Sender" not used
/mnt/win_share/OburecGH/Lazarus/RecorderLnx/./SQLdb/SqlTrend/uRecorderSqlTrendSettingsDialog.pas(70,34) Hint: (5024) Parameter "Sender" not used
/mnt/win_share/OburecGH/Lazarus/RecorderLnx/./SQLdb/SqlTrend/uRecorderSqlTrendSettingsDialog.pas(67,29) Hint: (5024) Parameter "Sender" not used
/mnt/win_share/OburecGH/Lazarus/RecorderLnx/./SQLdb/SqlTrend/uRecorderSqlTrendSettingsDialog.pas(87,31) Hint: (5024) Parameter "Sender" not used
/mnt/win_share/OburecGH/Lazarus/RecorderLnx/./SQLdb/SqlTrend/uRecorderSqlTrendSettingsDialog.pas(86,29) Hint: (5024) Parameter "Sender" not used
/mnt/win_share/OburecGH/Lazarus/RecorderLnx/./SQLdb/SqlTrend/uRecorderSqlTrendSettingsDialog.pas(82,34) Hint: (5024) Parameter "Sender" not used
/mnt/win_share/OburecGH/Lazarus/RecorderLnx/./SQLdb/SqlTrend/uRecorderSqlTrendSettingsDialog.pas(85,37) Hint: (5024) Parameter "Sender" not used
/mnt/win_share/OburecGH/Lazarus/RecorderLnx/./SQLdb/SqlTrend/uRecorderSqlTrendSettingsDialog.pas(72,26) Hint: (5024) Parameter "Sender" not used
(3104) Compiling ./Core/uRecorderMeasurementSectionModel.pas
/mnt/win_share/OburecGH/Lazarus/RecorderLnx/./Core/uRecorderMeasurementSectionModel.pas(135,17) Warning: (3057) An inherited method is hidden by "constructor Create;"
/mnt/win_share/OburecGH/Lazarus/RecorderLnx/./Core/uRecorderMeasurementSectionModel.pas(208,6) Warning: (4104) Implicit string type conversion from "AnsiString" to "UnicodeString"
(3104) Compiling ./UI/uRecorderMeasurementSectionSettingsDialog.pas
(3104) Compiling /mnt/win_share/OburecGH/Lazarus/third_party/fpspreadsheet/fpspreadsheet.pas
(3104) Compiling /mnt/win_share/OburecGH/Lazarus/third_party/fpspreadsheet/fpstypes.pas
(3104) Compiling /mnt/win_share/OburecGH/Lazarus/third_party/fpspreadsheet/fpsclasses.pas
(3104) Compiling /mnt/win_share/OburecGH/Lazarus/third_party/fpspreadsheet/fpsutils.pas
(3104) Compiling /mnt/win_share/OburecGH/Lazarus/third_party/fpspreadsheet/fpsstrings.pas
(1010) Writing Resource String Table file: fpsstrings.rsj
/mnt/win_share/OburecGH/Lazarus/third_party/fpspreadsheet/fpsutils.pas(1897,35) Hint: (4081) Converting the operands to "Int64" before doing the multiply could prevent overflow errors.
/mnt/win_share/OburecGH/Lazarus/third_party/fpspreadsheet/fpsutils.pas(1898,35) Hint: (4081) Converting the operands to "Int64" before doing the multiply could prevent overflow errors.
/mnt/win_share/OburecGH/Lazarus/third_party/fpspreadsheet/fpsutils.pas(1906,51) Hint: (4080) Converting the operands to "Int64" before doing the subtract could prevent overflow errors.
/mnt/win_share/OburecGH/Lazarus/third_party/fpspreadsheet/fpsutils.pas(1908,50) Hint: (4080) Converting the operands to "Int64" before doing the subtract could prevent overflow errors.
/mnt/win_share/OburecGH/Lazarus/third_party/fpspreadsheet/fpsutils.pas(1909,50) Hint: (4080) Converting the operands to "Int64" before doing the subtract could prevent overflow errors.
(3104) Compiling /mnt/win_share/OburecGH/Lazarus/third_party/fpspreadsheet/fpsnumformat.pas
(3104) Compiling /mnt/win_share/OburecGH/Lazarus/third_party/fpspreadsheet/fpsnumformatparser.pas
(3104) Compiling /mnt/win_share/OburecGH/Lazarus/third_party/fpspreadsheet/fpscurrency.pas
/mnt/win_share/OburecGH/Lazarus/third_party/fpspreadsheet/fpsnumformat.pas(2065,26) Hint: (5091) Local variable "newSections" of a managed type does not seem to be initialized
(3104) Compiling /mnt/win_share/OburecGH/Lazarus/third_party/fpspreadsheet/uvirtuallayer_ole.pas
(3104) Compiling /mnt/win_share/OburecGH/Lazarus/third_party/fpspreadsheet/uvirtuallayer_types.pas
/mnt/win_share/OburecGH/Lazarus/third_party/fpspreadsheet/uvirtuallayer_types.pas(77,29) Hint: (5024) Parameter "Ascending" not used
/mnt/win_share/OburecGH/Lazarus/third_party/fpspreadsheet/uvirtuallayer_types.pas(77,64) Hint: (5024) Parameter "FoldersFirst" not used
(3104) Compiling /mnt/win_share/OburecGH/Lazarus/third_party/fpspreadsheet/uvirtuallayer.pas
(3104) Compiling /mnt/win_share/OburecGH/Lazarus/third_party/fpspreadsheet/uvirtuallayer_stream.pas
(3104) Compiling /mnt/win_share/OburecGH/Lazarus/third_party/fpspreadsheet/uvirtuallayer.pas
/mnt/win_share/OburecGH/Lazarus/third_party/fpspreadsheet/uvirtuallayer.pas(123,22) Hint: (5091) Local variable "Chunk" of a managed type does not seem to be initialized
/mnt/win_share/OburecGH/Lazarus/third_party/fpspreadsheet/uvirtuallayer.pas(906,31) Hint: (4055) Conversion between ordinals and pointers is not portable
/mnt/win_share/OburecGH/Lazarus/third_party/fpspreadsheet/uvirtuallayer.pas(906,17) Hint: (4055) Conversion between ordinals and pointers is not portable
/mnt/win_share/OburecGH/Lazarus/third_party/fpspreadsheet/uvirtuallayer.pas(929,31) Hint: (4055) Conversion between ordinals and pointers is not portable
/mnt/win_share/OburecGH/Lazarus/third_party/fpspreadsheet/uvirtuallayer.pas(929,17) Hint: (4055) Conversion between ordinals and pointers is not portable
(3104) Compiling /mnt/win_share/OburecGH/Lazarus/third_party/fpspreadsheet/uvirtuallayer_ole_helpers.pas
(3104) Compiling /mnt/win_share/OburecGH/Lazarus/third_party/fpspreadsheet/uvirtuallayer_ole_types.pas
/mnt/win_share/OburecGH/Lazarus/third_party/fpspreadsheet/uvirtuallayer_ole_helpers.pas(148,5) Note: (6058) Call to subroutine "procedure TFATIndirect.WriteSector(const ASector:LongWord;const ABuffer:Pointer);" marked as inline is not inlined
/mnt/win_share/OburecGH/Lazarus/third_party/fpspreadsheet/uvirtuallayer_ole_helpers.pas(279,13) Note: (6058) Call to subroutine "function TFATIndirect.IsReservedValue(const ASectorValue:LongWord):Boolean;" marked as inline is not inlined
/mnt/win_share/OburecGH/Lazarus/third_party/fpspreadsheet/uvirtuallayer_ole_helpers.pas(390,13) Note: (6058) Call to subroutine "function TFATIndirect.IsReservedValue(const ASectorValue:LongWord):Boolean;" marked as inline is not inlined
/mnt/win_share/OburecGH/Lazarus/third_party/fpspreadsheet/uvirtuallayer_ole_helpers.pas(590,9) Note: (6058) Call to subroutine "procedure TFATIndirect.WriteFATEntryValue(const AFATEntryIndex:QWord;const ALinkTo:LongWord);" marked as inline is not inlined
/mnt/win_share/OburecGH/Lazarus/third_party/fpspreadsheet/uvirtuallayer_ole_helpers.pas(613,11) Note: (6058) Call to subroutine "procedure TFATIndirect.WriteFATEntryValue(const AFATEntryIndex:QWord;const ALinkTo:LongWord);" marked as inline is not inlined
/mnt/win_share/OburecGH/Lazarus/third_party/fpspreadsheet/uvirtuallayer_ole_helpers.pas(637,9) Note: (6058) Call to subroutine "procedure TFATIndirect.WriteFATEntryValue(const AFATEntryIndex:QWord;const ALinkTo:LongWord);" marked as inline is not inlined
/mnt/win_share/OburecGH/Lazarus/third_party/fpspreadsheet/uvirtuallayer_ole_helpers.pas(649,15) Note: (6058) Call to subroutine "procedure TFATIndirect.WriteFATEntryValue(const AFATEntryIndex:QWord;const ALinkTo:LongWord);" marked as inline is not inlined
/mnt/win_share/OburecGH/Lazarus/third_party/fpspreadsheet/uvirtuallayer_ole_helpers.pas(680,3) Note: (6058) Call to subroutine "procedure TFATIndirect.WriteFATEntryValue(const AFATEntryIndex:QWord;const ALinkTo:LongWord);" marked as inline is not inlined
/mnt/win_share/OburecGH/Lazarus/third_party/fpspreadsheet/uvirtuallayer_ole_helpers.pas(681,3) Note: (6058) Call to subroutine "procedure TFATIndirect.WriteFATEntryValue(const AFATEntryIndex:QWord;const ALinkTo:LongWord);" marked as inline is not inlined
/mnt/win_share/OburecGH/Lazarus/third_party/fpspreadsheet/uvirtuallayer_ole_helpers.pas(694,17) Note: (6058) Call to subroutine "function TFATIndirect.ReadFATEntryValue(const AFATEntryIndex:QWord):DWord;" marked as inline is not inlined
/mnt/win_share/OburecGH/Lazarus/third_party/fpspreadsheet/uvirtuallayer_ole_helpers.pas(789,16) Note: (6058) Call to subroutine "function TFATIndirect.ReadFATEntryValue(const AFATEntryIndex:QWord):DWord;" marked as inline is not inlined
/mnt/win_share/OburecGH/Lazarus/third_party/fpspreadsheet/uvirtuallayer_ole_helpers.pas(892,18) Note: (6058) Call to subroutine "function TFATIndirect.ReadFATEntryValue(const AFATEntryIndex:QWord):DWord;" marked as inline is not inlined
/mnt/win_share/OburecGH/Lazarus/third_party/fpspreadsheet/uvirtuallayer_ole_helpers.pas(905,9) Note: (6058) Call to subroutine "procedure TFATIndirect.WriteFATEntryValue(const AFATEntryIndex:QWord;const ALinkTo:LongWord);" marked as inline is not inlined
/mnt/win_share/OburecGH/Lazarus/third_party/fpspreadsheet/uvirtuallayer_ole.pas(324,11) Warning: (4104) Implicit string type conversion from "RawByteString" to "WideString"
/mnt/win_share/OburecGH/Lazarus/third_party/fpspreadsheet/uvirtuallayer_ole.pas(325,25) Warning: (4105) Implicit string type conversion with potential data loss from "WideString" to "UTF8String"
/mnt/win_share/OburecGH/Lazarus/third_party/fpspreadsheet/uvirtuallayer_ole.pas(327,16) Warning: (4105) Implicit string type conversion with potential data loss from "WideString" to "UTF8String"
(3104) Compiling /mnt/win_share/OburecGH/Lazarus/third_party/fpspreadsheet/fpsreaderwriter.pas
(3104) Compiling /mnt/win_share/OburecGH/Lazarus/third_party/fpspreadsheet/fpsstreams.pas
(3104) Compiling /mnt/win_share/OburecGH/Lazarus/third_party/fpspreadsheet/fpsexprparser.pas
(3104) Compiling /mnt/win_share/OburecGH/Lazarus/third_party/fpspreadsheet/fpsrpn.pas
/mnt/win_share/OburecGH/Lazarus/third_party/fpspreadsheet/fpsrpn.pas(431,19) Warning: (5093) function result variable of a managed type does not seem to be initialized
(3104) Compiling /mnt/win_share/OburecGH/Lazarus/third_party/fpspreadsheet/fpsfunc.pas
(3104) Compiling /mnt/win_share/OburecGH/Lazarus/third_party/fpspreadsheet/xlsconst.pas
(3104) Compiling /mnt/win_share/OburecGH/Lazarus/third_party/fpspreadsheet/fpspatches.pas
/mnt/win_share/OburecGH/Lazarus/third_party/fpspreadsheet/fpsfunc.pas(977,8) Note: (6058) Call to subroutine "function Mean(const data:{Open} Array Of Double):Extended;" marked as inline is not inlined
/mnt/win_share/OburecGH/Lazarus/third_party/fpspreadsheet/fpsfunc.pas(980,22) Note: (6058) Call to subroutine "function Mean(const data:{Open} Array Of Double):Extended;" marked as inline is not inlined
/mnt/win_share/OburecGH/Lazarus/third_party/fpspreadsheet/fpsfunc.pas(989,22) Note: (6058) Call to subroutine "function Mean(const data:{Open} Array Of Double):Extended;" marked as inline is not inlined
/mnt/win_share/OburecGH/Lazarus/third_party/fpspreadsheet/fpsfunc.pas(1099,22) Note: (6058) Call to subroutine "function MaxValue(const data:{Open} Array Of Double):Double;" marked as inline is not inlined
/mnt/win_share/OburecGH/Lazarus/third_party/fpspreadsheet/fpsfunc.pas(1108,22) Note: (6058) Call to subroutine "function MinValue(const data:{Open} Array Of Double):Double;" marked as inline is not inlined
/mnt/win_share/OburecGH/Lazarus/third_party/fpspreadsheet/fpsfunc.pas(1134,24) Note: (6058) Call to subroutine "function StdDev(const data:{Open} Array Of Double):Extended;" marked as inline is not inlined
/mnt/win_share/OburecGH/Lazarus/third_party/fpspreadsheet/fpsfunc.pas(1150,24) Note: (6058) Call to subroutine "function PopnStdDev(const data:{Open} Array Of Double):Extended;" marked as inline is not inlined
/mnt/win_share/OburecGH/Lazarus/third_party/fpspreadsheet/fpsfunc.pas(1164,22) Note: (6058) Call to subroutine "function Sum(const data:{Open} Array Of Double):Extended;" marked as inline is not inlined
/mnt/win_share/OburecGH/Lazarus/third_party/fpspreadsheet/fpsfunc.pas(1174,22) Note: (6058) Call to subroutine "function SumOfSquares(const data:{Open} Array Of Double):Extended;" marked as inline is not inlined
/mnt/win_share/OburecGH/Lazarus/third_party/fpspreadsheet/fpsfunc.pas(1185,24) Note: (6058) Call to subroutine "function Variance(const data:{Open} Array Of Double):Extended;" marked as inline is not inlined
/mnt/win_share/OburecGH/Lazarus/third_party/fpspreadsheet/fpsfunc.pas(1201,24) Note: (6058) Call to subroutine "function PopnVariance(const data:{Open} Array Of Double):Extended;" marked as inline is not inlined
/mnt/win_share/OburecGH/Lazarus/third_party/fpspreadsheet/fpsfunc.pas(21,18) Hint: (5023) Unit "fpspatches" not used in fpsfunc
/mnt/win_share/OburecGH/Lazarus/third_party/fpspreadsheet/fpsexprparser.pas(1628,17) Hint: (5091) Local variable "Args" of a managed type does not seem to be initialized
/mnt/win_share/OburecGH/Lazarus/third_party/fpspreadsheet/fpsexprparser.pas(1940,27) Hint: (5091) Local variable "args" of a managed type does not seem to be initialized
/mnt/win_share/OburecGH/Lazarus/third_party/fpspreadsheet/fpsexprparser.pas(3868,18) Hint: (5092) Variable "AData" of a managed type does not seem to be initialized
(1010) Writing Resource String Table file: fpsexprparser.rsj
/mnt/win_share/OburecGH/Lazarus/third_party/fpspreadsheet/fpspreadsheet.pas(959,21) Warning: (5093) function result variable of a managed type does not seem to be initialized
/mnt/win_share/OburecGH/Lazarus/third_party/fpspreadsheet/fpspreadsheet.pas(1688,2) Warning: (2024) User defined: TODO: Shift cells to the right/below !!! ??? 
/mnt/win_share/OburecGH/Lazarus/third_party/fpspreadsheet/fpspreadsheet.pas(1719,23) Hint: (4055) Conversion between ordinals and pointers is not portable
/mnt/win_share/OburecGH/Lazarus/third_party/fpspreadsheet/fpspreadsheet.pas(1719,23) Warning: (4082) Converting pointers to signed integers may result in wrong comparison results and range errors, use an unsigned type instead.
/mnt/win_share/OburecGH/Lazarus/third_party/fpspreadsheet/fpspreadsheet.pas(1774,23) Hint: (4055) Conversion between ordinals and pointers is not portable
/mnt/win_share/OburecGH/Lazarus/third_party/fpspreadsheet/fpspreadsheet.pas(1774,23) Warning: (4082) Converting pointers to signed integers may result in wrong comparison results and range errors, use an unsigned type instead.
/mnt/win_share/OburecGH/Lazarus/third_party/fpspreadsheet/fpspreadsheet.pas(3378,19) Warning: (5093) function result variable of a managed type does not seem to be initialized
/mnt/win_share/OburecGH/Lazarus/third_party/fpspreadsheet/fpspreadsheet.pas(5591,34) Hint: (4055) Conversion between ordinals and pointers is not portable
/mnt/win_share/OburecGH/Lazarus/third_party/fpspreadsheet/fpspreadsheet.pas(5641,34) Hint: (4055) Conversion between ordinals and pointers is not portable
/mnt/win_share/OburecGH/Lazarus/third_party/fpspreadsheet/fpspreadsheet.pas(5681,34) Hint: (4055) Conversion between ordinals and pointers is not portable
/mnt/win_share/OburecGH/Lazarus/third_party/fpspreadsheet/fpspreadsheet.pas(5728,23) Hint: (4055) Conversion between ordinals and pointers is not portable
/mnt/win_share/OburecGH/Lazarus/third_party/fpspreadsheet/fpspreadsheet.pas(5728,23) Warning: (4082) Converting pointers to signed integers may result in wrong comparison results and range errors, use an unsigned type instead.
/mnt/win_share/OburecGH/Lazarus/third_party/fpspreadsheet/fpspreadsheet.pas(5782,34) Hint: (4055) Conversion between ordinals and pointers is not portable
/mnt/win_share/OburecGH/Lazarus/third_party/fpspreadsheet/fpspreadsheet.pas(5828,23) Hint: (4055) Conversion between ordinals and pointers is not portable
/mnt/win_share/OburecGH/Lazarus/third_party/fpspreadsheet/fpspreadsheet.pas(5828,23) Warning: (4082) Converting pointers to signed integers may result in wrong comparison results and range errors, use an unsigned type instead.
/mnt/win_share/OburecGH/Lazarus/third_party/fpspreadsheet/fpspreadsheet.pas(6887,20) Hint: (5092) Variable "ARanges" of a managed type does not seem to be initialized
(3104) Compiling /mnt/win_share/OburecGH/Lazarus/third_party/fpspreadsheet/fpsopendocument.pas
(3104) Compiling /mnt/win_share/OburecGH/Lazarus/third_party/fpspreadsheet/fpsheaderfooterparser.pas
(3104) Compiling /mnt/win_share/OburecGH/Lazarus/third_party/fpspreadsheet/fpsxmlcommon.pas
/mnt/win_share/OburecGH/Lazarus/third_party/fpspreadsheet/fpsopendocument.pas(4991,16) Note: (6058) Call to subroutine "operator :=(const source:ShortInt):Variant;" marked as inline is not inlined
/mnt/win_share/OburecGH/Lazarus/third_party/fpspreadsheet/fpsopendocument.pas(5003,20) Note: (6058) Call to subroutine "operator :=(const source:ShortInt):Variant;" marked as inline is not inlined
/mnt/win_share/OburecGH/Lazarus/third_party/fpspreadsheet/fpsopendocument.pas(5019,32) Note: (6058) Call to subroutine "operator :=(const source:Variant):Double;" marked as inline is not inlined
/mnt/win_share/OburecGH/Lazarus/third_party/fpspreadsheet/fpsopendocument.pas(5034,36) Note: (6058) Call to subroutine "operator =(const op1:Variant;const op2:Variant):Boolean;" marked as inline is not inlined
/mnt/win_share/OburecGH/Lazarus/third_party/fpspreadsheet/fpsopendocument.pas(5034,36) Note: (6058) Call to subroutine "operator :=(const source:ShortInt):Variant;" marked as inline is not inlined
/mnt/win_share/OburecGH/Lazarus/third_party/fpspreadsheet/fpsopendocument.pas(251,8) Hint: (5028) Local const "OPENDOC_PATH_METAINF" is not used
(3104) Compiling /mnt/win_share/OburecGH/Lazarus/third_party/fpspreadsheet/fpscsv.pas
(3104) Compiling /mnt/win_share/OburecGH/Lazarus/third_party/fpspreadsheet/fpscsvdocument.pas
/mnt/win_share/OburecGH/Lazarus/third_party/fpspreadsheet/fpscsv.pas(89,8) Warning: (3177) Some fields coming after "FalseText" were not initialized
/mnt/win_share/OburecGH/Lazarus/third_party/fpspreadsheet/fpscsv.pas(450,14) Hint: (5091) Local variable "s" of a managed type does not seem to be initialized
/mnt/win_share/OburecGH/Lazarus/RecorderLnx/./UI/uRecorderMeasurementSectionSettingsDialog.pas(290,79) Warning: (4104) Implicit string type conversion from "AnsiString" to "UnicodeString"
/mnt/win_share/OburecGH/Lazarus/RecorderLnx/./UI/uRecorderMeasurementSectionSettingsDialog.pas(291,54) Warning: (4104) Implicit string type conversion from "AnsiString" to "UnicodeString"
/mnt/win_share/OburecGH/Lazarus/RecorderLnx/./UI/uRecorderMeasurementSectionSettingsDialog.pas(291,52) Warning: (4105) Implicit string type conversion with potential data loss from "UnicodeString" to "AnsiString"
/mnt/win_share/OburecGH/Lazarus/RecorderLnx/./UI/uRecorderMeasurementSectionSettingsDialog.pas(406,54) Warning: (5043) Symbol "DecimalSeparator" is deprecated
/mnt/win_share/OburecGH/Lazarus/RecorderLnx/./UI/uRecorderMeasurementSectionSettingsDialog.pas(407,54) Warning: (5043) Symbol "DecimalSeparator" is deprecated
/mnt/win_share/OburecGH/Lazarus/RecorderLnx/./UI/uRecorderMeasurementSectionSettingsDialog.pas(74,30) Hint: (5024) Parameter "Sender" not used
/mnt/win_share/OburecGH/Lazarus/RecorderLnx/./UI/uRecorderMeasurementSectionSettingsDialog.pas(63,24) Hint: (5024) Parameter "Sender" not used
/mnt/win_share/OburecGH/Lazarus/RecorderLnx/./UI/uRecorderMeasurementSectionSettingsDialog.pas(64,27) Hint: (5024) Parameter "Sender" not used
/mnt/win_share/OburecGH/Lazarus/RecorderLnx/./UI/uRecorderMeasurementSectionSettingsDialog.pas(66,28) Hint: (5024) Parameter "Sender" not used
/mnt/win_share/OburecGH/Lazarus/RecorderLnx/./UI/uRecorderMeasurementSectionSettingsDialog.pas(67,28) Hint: (5024) Parameter "Sender" not used
/mnt/win_share/OburecGH/Lazarus/RecorderLnx/./UI/uRecorderMeasurementSectionSettingsDialog.pas(68,7) Hint: (5024) Parameter "State" not used
/mnt/win_share/OburecGH/Lazarus/RecorderLnx/./UI/uRecorderMeasurementSectionSettingsDialog.pas(75,31) Hint: (5024) Parameter "Sender" not used
/mnt/win_share/OburecGH/Lazarus/RecorderLnx/./UI/uRecorderMeasurementSectionSettingsDialog.pas(76,31) Hint: (5024) Parameter "Sender" not used
/mnt/win_share/OburecGH/Lazarus/RecorderLnx/./UI/uRecorderMeasurementSectionSettingsDialog.pas(77,23) Hint: (5024) Parameter "Sender" not used
/mnt/win_share/OburecGH/Lazarus/RecorderLnx/./UI/uRecorderMeasurementSectionSettingsDialog.pas(65,27) Hint: (5024) Parameter "Sender" not used
/mnt/win_share/OburecGH/Lazarus/RecorderLnx/./UI/uRecorderMeasurementSectionSettingsDialog.pas(69,27) Hint: (5024) Parameter "Sender" not used
/mnt/win_share/OburecGH/Lazarus/RecorderLnx/./UI/uRecorderMeasurementSectionSettingsDialog.pas(70,30) Hint: (5024) Parameter "Sender" not used
(3104) Compiling ./UI/uRecorderInputFieldSettingsDialog.pas
/mnt/win_share/OburecGH/Lazarus/RecorderLnx/./UI/uComponentSettingsDialog.pas(122,71) Warning: (4104) Implicit string type conversion from "AnsiString" to "UnicodeString"
/mnt/win_share/OburecGH/Lazarus/RecorderLnx/./UI/uComponentSettingsDialog.pas(122,76) Warning: (4105) Implicit string type conversion with potential data loss from "UnicodeString" to "TTranslateString"
/mnt/win_share/OburecGH/Lazarus/RecorderLnx/./UI/uComponentSettingsDialog.pas(44,31) Hint: (5024) Parameter "Sender" not used
/mnt/win_share/OburecGH/Lazarus/RecorderLnx/./UI/uComponentSettingsDialog.pas(45,36) Hint: (5024) Parameter "Sender" not used
/mnt/win_share/OburecGH/Lazarus/RecorderLnx/./UI/uComponentSettingsDialog.pas(43,31) Hint: (5024) Parameter "Sender" not used
/mnt/win_share/OburecGH/Lazarus/RecorderLnx/./UI/uComponentSettingsDialog.pas(47,35) Hint: (5024) Parameter "Sender" not used
/mnt/win_share/OburecGH/Lazarus/RecorderLnx/./UI/uComponentSettingsDialog.pas(48,45) Hint: (5024) Parameter "Sender" not used
/mnt/win_share/OburecGH/Lazarus/RecorderLnx/./UI/uComponentSettingsDialog.pas(42,38) Hint: (5024) Parameter "Sender" not used
/mnt/win_share/OburecGH/Lazarus/RecorderLnx/./UI/uComponentSettingsDialog.pas(46,29) Hint: (5024) Parameter "Sender" not used
(3104) Compiling ./UI/uRecorderMeasurementSectionView.pas
/mnt/win_share/OburecGH/Lazarus/RecorderLnx/./UI/uRecorderMeasurementSectionView.pas(27,28) Hint: (5024) Parameter "Sender" not used
/mnt/win_share/OburecGH/Lazarus/RecorderLnx/./UI/uRecorderMeasurementSectionView.pas(31,33) Hint: (5024) Parameter "Sender" not used
/mnt/win_share/OburecGH/Lazarus/RecorderLnx/./UI/uRecorderMeasurementSectionView.pas(36,25) Hint: (5024) Parameter "Sender" not used
/mnt/win_share/OburecGH/Lazarus/RecorderLnx/./UI/uRecorderMeasurementSectionView.pas(64,7) Hint: (5024) Parameter "ADisplaySeconds" not used
/mnt/win_share/OburecGH/Lazarus/RecorderLnx/./UI/uRecorderMeasurementSectionView.pas(54,25) Hint: (5024) Parameter "Sender" not used
/mnt/win_share/OburecGH/Lazarus/RecorderLnx/./UI/uRecorderMeasurementSectionView.pas(55,30) Hint: (5024) Parameter "Sender" not used
/mnt/win_share/OburecGH/Lazarus/RecorderLnx/./UI/uFormEditorController.pas(894,3) Note: (5025) Local variable "lShape" not used
/mnt/win_share/OburecGH/Lazarus/RecorderLnx/./UI/uFormEditorController.pas(897,3) Note: (5025) Local variable "lOsc" not used
/mnt/win_share/OburecGH/Lazarus/RecorderLnx/./UI/uFormEditorController.pas(915,3) Note: (5025) Local variable "lSelectionContainsImage" not used
/mnt/win_share/OburecGH/Lazarus/RecorderLnx/./UI/uFormEditorController.pas(1304,18) Hint: (4055) Conversion between ordinals and pointers is not portable
/mnt/win_share/OburecGH/Lazarus/RecorderLnx/./UI/uFormEditorController.pas(1306,10) Hint: (4055) Conversion between ordinals and pointers is not portable
/mnt/win_share/OburecGH/Lazarus/RecorderLnx/./UI/uFormEditorController.pas(1308,22) Hint: (4055) Conversion between ordinals and pointers is not portable
/mnt/win_share/OburecGH/Lazarus/RecorderLnx/./UI/uFormEditorController.pas(1436,44) Hint: (4055) Conversion between ordinals and pointers is not portable
/mnt/win_share/OburecGH/Lazarus/RecorderLnx/./UI/uFormEditorController.pas(186,31) Hint: (5024) Parameter "Sender" not used
/mnt/win_share/OburecGH/Lazarus/RecorderLnx/./UI/uFormEditorController.pas(186,48) Hint: (5024) Parameter "Shift" not used
/mnt/win_share/OburecGH/Lazarus/RecorderLnx/./UI/uFormEditorController.pas(187,29) Hint: (5024) Parameter "Sender" not used
/mnt/win_share/OburecGH/Lazarus/RecorderLnx/./UI/uFormEditorController.pas(188,7) Hint: (5024) Parameter "Shift" not used
/mnt/win_share/OburecGH/Lazarus/RecorderLnx/./UI/uFormEditorController.pas(193,47) Hint: (5024) Parameter "Shift" not used
/mnt/win_share/OburecGH/Lazarus/RecorderLnx/./UI/uFormEditorController.pas(192,7) Hint: (5024) Parameter "Shift" not used
/mnt/win_share/OburecGH/Lazarus/RecorderLnx/./UI/uFormEditorController.pas(195,7) Hint: (5024) Parameter "Shift" not used
/mnt/win_share/OburecGH/Lazarus/RecorderLnx/./UI/uFormEditorController.pas(197,7) Hint: (5024) Parameter "Shift" not used
/mnt/win_share/OburecGH/Lazarus/RecorderLnx/./UI/uFormEditorController.pas(1713,42) Hint: (4055) Conversion between ordinals and pointers is not portable
/mnt/win_share/OburecGH/Lazarus/RecorderLnx/./UI/uFormEditorController.pas(1789,29) Hint: (4055) Conversion between ordinals and pointers is not portable
/mnt/win_share/OburecGH/Lazarus/RecorderLnx/./UI/uFormEditorController.pas(1845,23) Hint: (4055) Conversion between ordinals and pointers is not portable
/mnt/win_share/OburecGH/Lazarus/RecorderLnx/./UI/uFormEditorController.pas(2023,25) Hint: (4055) Conversion between ordinals and pointers is not portable
/mnt/win_share/OburecGH/Lazarus/RecorderLnx/./UI/uFormEditorController.pas(2137,21) Hint: (4055) Conversion between ordinals and pointers is not portable
/mnt/win_share/OburecGH/Lazarus/RecorderLnx/./UI/uFormEditorController.pas(2328,45) Hint: (4055) Conversion between ordinals and pointers is not portable
/mnt/win_share/OburecGH/Lazarus/RecorderLnx/./UI/uFormEditorController.pas(2405,23) Hint: (4055) Conversion between ordinals and pointers is not portable
/mnt/win_share/OburecGH/Lazarus/RecorderLnx/./UI/uFormEditorController.pas(2458,21) Hint: (4055) Conversion between ordinals and pointers is not portable
/mnt/win_share/OburecGH/Lazarus/RecorderLnx/./UI/uFormEditorController.pas(2566,31) Hint: (4055) Conversion between ordinals and pointers is not portable
/mnt/win_share/OburecGH/Lazarus/RecorderLnx/./UI/uFormEditorController.pas(2587,19) Hint: (4055) Conversion between ordinals and pointers is not portable
/mnt/win_share/OburecGH/Lazarus/RecorderLnx/./UI/uFormEditorController.pas(2598,29) Hint: (4055) Conversion between ordinals and pointers is not portable
/mnt/win_share/OburecGH/Lazarus/RecorderLnx/./UI/uFormEditorController.pas(2622,21) Hint: (4055) Conversion between ordinals and pointers is not portable
/mnt/win_share/OburecGH/Lazarus/RecorderLnx/./UI/uFormEditorController.pas(2743,39) Hint: (4055) Conversion between ordinals and pointers is not portable
/mnt/win_share/OburecGH/Lazarus/RecorderLnx/./UI/uFormEditorController.pas(2752,41) Hint: (4055) Conversion between ordinals and pointers is not portable
(3104) Compiling ./UI/uDetachedMnemonicForm.pas
(3104) Compiling ./UI/uRecorderCommandImages.pas
(3104) Compiling ./UI/uRecorderComponentToolGroup.pas
/mnt/win_share/OburecGH/Lazarus/RecorderLnx/./UI/uRecorderComponentToolGroup.pas(37,17) Warning: (3057) An inherited method is hidden by "constructor Create(TComponent;TWinControl;TCustomImageList;LongInt;LongInt;const AnsiString;LongInt=`0`;Boolean=`FALSE`;TNotifyEvent=`nil`);"
/mnt/win_share/OburecGH/Lazarus/RecorderLnx/./UI/uRecorderComponentToolGroup.pas(35,24) Hint: (5024) Parameter "Sender" not used
/mnt/win_share/OburecGH/Lazarus/RecorderLnx/./UI/uRecorderComponentToolGroup.pas(245,54) Hint: (4055) Conversion between ordinals and pointers is not portable
/mnt/win_share/OburecGH/Lazarus/RecorderLnx/./UI/uRecorderComponentToolGroup.pas(261,27) Hint: (4055) Conversion between ordinals and pointers is not portable
/mnt/win_share/OburecGH/Lazarus/RecorderLnx/./UI/uRecorderComponentToolGroup.pas(263,54) Hint: (4055) Conversion between ordinals and pointers is not portable
/mnt/win_share/OburecGH/Lazarus/RecorderLnx/./UI/uRecorderComponentToolGroup.pas(70,28) Hint: (5024) Parameter "Sender" not used
/mnt/win_share/OburecGH/Lazarus/RecorderLnx/./UI/uDetachedMnemonicForm.pas(46,28) Hint: (5024) Parameter "Sender" not used
/mnt/win_share/OburecGH/Lazarus/RecorderLnx/./UI/uDetachedMnemonicForm.pas(47,29) Hint: (5024) Parameter "Sender" not used
/mnt/win_share/OburecGH/Lazarus/RecorderLnx/./UI/uDetachedMnemonicForm.pas(48,27) Hint: (5024) Parameter "Sender" not used
/mnt/win_share/OburecGH/Lazarus/RecorderLnx/./UI/uDetachedMnemonicForm.pas(49,29) Hint: (5024) Parameter "Sender" not used
/mnt/win_share/OburecGH/Lazarus/RecorderLnx/./UI/uDetachedMnemonicForm.pas(50,32) Hint: (5024) Parameter "Sender" not used
/mnt/win_share/OburecGH/Lazarus/RecorderLnx/./UI/uDetachedMnemonicForm.pas(51,31) Hint: (5024) Parameter "Sender" not used
/mnt/win_share/OburecGH/Lazarus/RecorderLnx/./UI/uDetachedMnemonicForm.pas(52,32) Hint: (5024) Parameter "Sender" not used
/mnt/win_share/OburecGH/Lazarus/RecorderLnx/./UI/uDetachedMnemonicForm.pas(53,29) Hint: (5024) Parameter "Sender" not used
/mnt/win_share/OburecGH/Lazarus/RecorderLnx/./UI/uDetachedMnemonicForm.pas(54,27) Hint: (5024) Parameter "Sender" not used
/mnt/win_share/OburecGH/Lazarus/RecorderLnx/./UI/uDetachedMnemonicForm.pas(55,25) Hint: (5024) Parameter "Sender" not used
/mnt/win_share/OburecGH/Lazarus/RecorderLnx/./UI/uDetachedMnemonicForm.pas(57,32) Hint: (5024) Parameter "Sender" not used
/mnt/win_share/OburecGH/Lazarus/RecorderLnx/./UI/uDetachedMnemonicForm.pas(340,35) Hint: (5057) Local variable "lIntersection" does not seem to be initialized
(3104) Compiling ./UI/uRecorderSettingsDialog.pas
(3104) Compiling ./UI/uTagSettingsDialog.pas
/mnt/win_share/OburecGH/Lazarus/RecorderLnx/./UI/uTagSettingsDialog.pas(15,24) Warning: (2005) Comment level 2 found
(3104) Compiling ./Device/MIC140/uRecorderMic140DataSource.pas
(3104) Compiling ./Device/MIC140/uRecorderMic140Utils.pas
(3104) Compiling ./Device/MIC140/uRecorderMic140StreamTypes.pas
/mnt/win_share/OburecGH/Lazarus/RecorderLnx/./Device/MIC140/uRecorderMic140Utils.pas(36,19) Warning: (2005) Comment level 2 found
/mnt/win_share/OburecGH/Lazarus/RecorderLnx/./Device/MIC140/uRecorderMic140Utils.pas(36,27) Warning: (2005) Comment level 2 found
(3104) Compiling ./Device/MIC140/uRecorderMic140LegacyConstants.pas
/mnt/win_share/OburecGH/Lazarus/RecorderLnx/./Device/MIC140/uRecorderMic140Utils.pas(395,19) Hint: (5057) Local variable "lAddr" does not seem to be initialized
/mnt/win_share/OburecGH/Lazarus/RecorderLnx/./Device/MIC140/uRecorderMic140Utils.pas(397,23) Warning: (5043) Symbol "ShortHostToNet" is deprecated
/mnt/win_share/OburecGH/Lazarus/RecorderLnx/./Device/MIC140/uRecorderMic140Utils.pas(398,30) Warning: (5043) Symbol "HostToNet" is deprecated
/mnt/win_share/OburecGH/Lazarus/RecorderLnx/./Device/MIC140/uRecorderMic140Utils.pas(416,22) Hint: (5057) Local variable "lTimeVal" does not seem to be initialized
/mnt/win_share/OburecGH/Lazarus/RecorderLnx/./Device/MIC140/uRecorderMic140Utils.pas(419,23) Hint: (5057) Local variable "lWriteSet" does not seem to be initialized
/mnt/win_share/OburecGH/Lazarus/RecorderLnx/./Device/MIC140/uRecorderMic140Utils.pas(374,3) Note: (5027) Local variable "lBlockMode" is assigned but never used
/mnt/win_share/OburecGH/Lazarus/RecorderLnx/./Device/MIC140/uRecorderMic140Utils.pas(68,13) Hint: (5023) Unit "ssockets" not used in uRecorderMic140Utils
(3104) Compiling ./Device/MIC140/uRecorderMic140DeviceApi.pas
(3104) Compiling ./Device/MIC140/utils/uRecorderMic140WireTypes.pas
/mnt/win_share/OburecGH/Lazarus/RecorderLnx/./Device/MIC140/utils/uRecorderMic140WireTypes.pas(21,89) Warning: (2005) Comment level 2 found
/mnt/win_share/OburecGH/Lazarus/RecorderLnx/./Device/MIC140/uRecorderMic140DataSource.pas(130,15) Note: (3250) Virtual method "PrepareHardware;" has a lower visibility (protected) than parent class TRecorderDataSourceBase (public)
(3104) Compiling ./Core/uRecorderMeraSdbThermocouples.pas
(3104) Compiling ./SDB/uRecorderSdbStore.pas
(3104) Compiling /mnt/win_share/OburecGH/Lazarus/SharedUtils/uBaseObjLaz.pas
/mnt/win_share/OburecGH/Lazarus/SharedUtils/uBaseObjLaz.pas(364,3) Note: (5025) Local variable "i" not used
(3104) Compiling ./SDB/uRecorderSdbTypes.pas
/mnt/win_share/OburecGH/Lazarus/RecorderLnx/./SDB/uRecorderSdbTypes.pas(5,20) Warning: (2005) Comment level 2 found
(3104) Compiling ./SDB/uRecorderSdbPropBag.pas
(3104) Compiling /mnt/win_share/OburecGH/Lazarus/SharedUtils/uSharedStringEncoding.pas
/mnt/win_share/OburecGH/Lazarus/SharedUtils/uSharedStringEncoding.pas(14,32) Warning: (2005) Comment level 2 found
/mnt/win_share/OburecGH/Lazarus/SharedUtils/uSharedStringEncoding.pas(15,39) Warning: (2005) Comment level 2 found
/mnt/win_share/OburecGH/Lazarus/RecorderLnx/./SDB/uRecorderSdbStore.pas(581,76) Warning: (4104) Implicit string type conversion from "AnsiString" to "UnicodeString"
/mnt/win_share/OburecGH/Lazarus/RecorderLnx/./SDB/uRecorderSdbStore.pas(581,74) Warning: (4105) Implicit string type conversion with potential data loss from "UnicodeString" to "AnsiString"
/mnt/win_share/OburecGH/Lazarus/RecorderLnx/./SDB/uRecorderSdbStore.pas(886,3) Note: (5027) Local variable "lCsvPath" is assigned but never used
/mnt/win_share/OburecGH/Lazarus/RecorderLnx/./SDB/uRecorderSdbStore.pas(891,3) Note: (5027) Local variable "lXmlPath" is assigned but never used
(3104) Compiling ./Device/MIC140/uRecorderMic140LegacyTiming.pas
(3104) Compiling ./Core/uRecorderFrequencyGrids.pas
/mnt/win_share/OburecGH/Lazarus/RecorderLnx/./Core/uRecorderFrequencyGrids.pas(74,18) Hint: (5092) Variable "AGrid" of a managed type does not seem to be initialized
(3104) Compiling ./Device/MIC140/uRecorderMic140Thermocouple.pas
(3104) Compiling ./Device/MIC140/uRecorderMic140StreamHelpers.pas
/mnt/win_share/OburecGH/Lazarus/RecorderLnx/./Device/MIC140/uRecorderMic140StreamHelpers.pas(202,19) Hint: (5058) Variable "ASubRaw" does not seem to be initialized
/mnt/win_share/OburecGH/Lazarus/RecorderLnx/./Device/MIC140/uRecorderMic140StreamHelpers.pas(44,3) Hint: (5028) Local const "CMic140MisalignSatThreshold" is not used
(3104) Compiling ./Device/MIC140/uRecorderMic140DeviceConfig.pas
(3104) Compiling ./Core/uRecorderProjectFiles.pas
/mnt/win_share/OburecGH/Lazarus/RecorderLnx/./Core/uRecorderProjectFiles.pas(607,3) Note: (5025) Local variable "lTerm" not used
/mnt/win_share/OburecGH/Lazarus/RecorderLnx/./Core/uRecorderProjectFiles.pas(1602,51) Warning: (4104) Implicit string type conversion from "AnsiString" to "UnicodeString"
/mnt/win_share/OburecGH/Lazarus/RecorderLnx/./Core/uRecorderProjectFiles.pas(1602,66) Warning: (4105) Implicit string type conversion with potential data loss from "UnicodeString" to "AnsiString"
/mnt/win_share/OburecGH/Lazarus/RecorderLnx/./Device/MIC140/uRecorderMic140DeviceConfig.pas(140,3) Hint: (5024) Parameter "ADevSubRev" not used
/mnt/win_share/OburecGH/Lazarus/RecorderLnx/./Device/MIC140/uRecorderMic140DeviceConfig.pas(102,3) Hint: (5024) Parameter "ARegistry" not used
/mnt/win_share/OburecGH/Lazarus/RecorderLnx/./Device/MIC140/uRecorderMic140DeviceConfig.pas(611,19) Hint: (5092) Variable "AFields" of a managed type does not seem to be initialized
/mnt/win_share/OburecGH/Lazarus/RecorderLnx/./Device/MIC140/uRecorderMic140DeviceConfig.pas(652,30) Warning: (4045) Comparison might be always true due to range of constant and expression
/mnt/win_share/OburecGH/Lazarus/RecorderLnx/./Device/MIC140/uRecorderMic140DeviceConfig.pas(129,54) Hint: (5024) Parameter "ARegistry" not used
/mnt/win_share/OburecGH/Lazarus/RecorderLnx/./Device/MIC140/uRecorderMic140DeviceConfig.pas(1086,41) Hint: (5024) Parameter "AJson" not used
/mnt/win_share/OburecGH/Lazarus/RecorderLnx/./Device/MIC140/uRecorderMic140DeviceConfig.pas(18,3) Hint: (5023) Unit "uRecorderDeviceInterfaces" not used in uRecorderMic140DeviceConfig
/mnt/win_share/OburecGH/Lazarus/RecorderLnx/./Device/MIC140/uRecorderMic140DeviceConfig.pas(151,9) Hint: (5023) Unit "StrUtils" not used in uRecorderMic140DeviceConfig
(3104) Compiling ./Device/MIC140/uRecorderMic140Calibration.pas
(3104) Compiling ./Device/MIC140/uRecorderMic140Flash.pas
(3104) Compiling ./Device/MIC140/uRecorderMic140FlashConstants.pas
(3104) Compiling ./Device/MIC140/uRecorderMic140MebiusConstants.pas
/mnt/win_share/OburecGH/Lazarus/RecorderLnx/./Device/MIC140/uRecorderMic140Flash.pas(123,19) Hint: (5094) Function result variable of a managed type does not seem to be initialized
/mnt/win_share/OburecGH/Lazarus/RecorderLnx/./Device/MIC140/uRecorderMic140Flash.pas(158,26) Hint: (5058) Variable "AEntries" does not seem to be initialized
/mnt/win_share/OburecGH/Lazarus/RecorderLnx/./Device/MIC140/uRecorderMic140Flash.pas(200,22) Hint: (5091) Local variable "lDirBytes" of a managed type does not seem to be initialized
/mnt/win_share/OburecGH/Lazarus/RecorderLnx/./Device/MIC140/uRecorderMic140Flash.pas(209,21) Hint: (5091) Local variable "lEntries" of a managed type does not seem to be initialized
/mnt/win_share/OburecGH/Lazarus/RecorderLnx/./Device/MIC140/uRecorderMic140Flash.pas(62,20) Hint: (5024) Parameter "AMaxTinChannels" not used
/mnt/win_share/OburecGH/Lazarus/RecorderLnx/./Device/MIC140/uRecorderMic140Flash.pas(430,17) Hint: (5058) Variable "ATare" does not seem to be initialized
/mnt/win_share/OburecGH/Lazarus/RecorderLnx/./Device/MIC140/uRecorderMic140Flash.pas(443,24) Hint: (5057) Local variable "lCandidate" does not seem to be initialized
/mnt/win_share/OburecGH/Lazarus/RecorderLnx/./Device/MIC140/uRecorderMic140Flash.pas(506,17) Hint: (5058) Variable "ATare" does not seem to be initialized
/mnt/win_share/OburecGH/Lazarus/RecorderLnx/./Device/MIC140/uRecorderMic140Flash.pas(519,24) Hint: (5057) Local variable "lCandidate" does not seem to be initialized
/mnt/win_share/OburecGH/Lazarus/RecorderLnx/./Device/MIC140/uRecorderMic140Flash.pas(89,3) Hint: (5023) Unit "Math" not used in uRecorderMic140Flash
/mnt/win_share/OburecGH/Lazarus/RecorderLnx/./Device/MIC140/uRecorderMic140Flash.pas(89,9) Hint: (5023) Unit "StrUtils" not used in uRecorderMic140Flash
(3104) Compiling ./Device/MIC140/uRecorderMic140Protocol.pas
(3104) Compiling ./Device/MIC140/utils/uRecorderMic140Timing.pas
(3104) Compiling ./Device/MIC140/utils/uRecorderMic140Consts.pas
/mnt/win_share/OburecGH/Lazarus/RecorderLnx/./Device/MIC140/uRecorderMic140Protocol.pas(309,29) Hint: (5057) Local variable "lBuf" does not seem to be initialized
/mnt/win_share/OburecGH/Lazarus/RecorderLnx/./Device/MIC140/uRecorderMic140Protocol.pas(429,18) Hint: (5058) Variable "AUts" does not seem to be initialized
/mnt/win_share/OburecGH/Lazarus/RecorderLnx/./Device/MIC140/uRecorderMic140Protocol.pas(472,5) Warning: (6018) unreachable code
/mnt/win_share/OburecGH/Lazarus/RecorderLnx/./Device/MIC140/uRecorderMic140Protocol.pas(533,18) Hint: (5057) Local variable "lUts" does not seem to be initialized
/mnt/win_share/OburecGH/Lazarus/RecorderLnx/./Device/MIC140/uRecorderMic140Protocol.pas(577,13) Hint: (5092) Variable "ABlock" of a managed type does not seem to be initialized
/mnt/win_share/OburecGH/Lazarus/RecorderLnx/./Device/MIC140/uRecorderMic140Protocol.pas(725,20) Hint: (5092) Variable "AVerdict" of a managed type does not seem to be initialized
/mnt/win_share/OburecGH/Lazarus/RecorderLnx/./Device/MIC140/uRecorderMic140Protocol.pas(950,19) Hint: (5091) Local variable "lBytes" of a managed type does not seem to be initialized
/mnt/win_share/OburecGH/Lazarus/RecorderLnx/./Device/MIC140/uRecorderMic140Protocol.pas(980,19) Hint: (5092) Variable "AWords" of a managed type does not seem to be initialized
/mnt/win_share/OburecGH/Lazarus/RecorderLnx/./Device/MIC140/uRecorderMic140Protocol.pas(1043,19) Hint: (5092) Variable "ARet" of a managed type does not seem to be initialized
/mnt/win_share/OburecGH/Lazarus/RecorderLnx/./Device/MIC140/uRecorderMic140Protocol.pas(1047,25) Hint: (5091) Local variable "lRequest" of a managed type does not seem to be initialized
/mnt/win_share/OburecGH/Lazarus/RecorderLnx/./Device/MIC140/uRecorderMic140Protocol.pas(1119,20) Hint: (5091) Local variable "lArgs" of a managed type does not seem to be initialized
/mnt/win_share/OburecGH/Lazarus/RecorderLnx/./Device/MIC140/uRecorderMic140Protocol.pas(1167,19) Hint: (5092) Variable "AWords" of a managed type does not seem to be initialized
/mnt/win_share/OburecGH/Lazarus/RecorderLnx/./Device/MIC140/uRecorderMic140Protocol.pas(1176,20) Hint: (5091) Local variable "lArgs" of a managed type does not seem to be initialized
/mnt/win_share/OburecGH/Lazarus/RecorderLnx/./Device/MIC140/uRecorderMic140Protocol.pas(1203,18) Hint: (5091) Local variable "lArgs" of a managed type does not seem to be initialized
/mnt/win_share/OburecGH/Lazarus/RecorderLnx/./Device/MIC140/uRecorderMic140Protocol.pas(1223,21) Hint: (5058) Variable "AFirmware" does not seem to be initialized
/mnt/win_share/OburecGH/Lazarus/RecorderLnx/./Device/MIC140/uRecorderMic140Protocol.pas(1298,20) Hint: (5091) Local variable "lArgs" of a managed type does not seem to be initialized
/mnt/win_share/OburecGH/Lazarus/RecorderLnx/./Device/MIC140/uRecorderMic140Protocol.pas(1329,13) Hint: (5092) Variable "ABlock" of a managed type does not seem to be initialized
/mnt/win_share/OburecGH/Lazarus/RecorderLnx/./Device/MIC140/uRecorderMic140Calibration.pas(796,17) Hint: (5057) Local variable "lTare" does not seem to be initialized
/mnt/win_share/OburecGH/Lazarus/RecorderLnx/./Device/MIC140/uRecorderMic140Calibration.pas(797,18) Hint: (5057) Local variable "lTare2" does not seem to be initialized
/mnt/win_share/OburecGH/Lazarus/RecorderLnx/./Device/MIC140/uRecorderMic140Calibration.pas(58,3) Hint: (5023) Unit "Math" not used in uRecorderMic140Calibration
(3104) Compiling ./Device/MIC140/uRecorderMic140Factory.pas
(3104) Compiling ./Device/MIC140/uRecorderMic140Scan.pas
(3104) Compiling ./Device/MIC140/utils/uRecorderMic140ChanDesc.pas
/mnt/win_share/OburecGH/Lazarus/RecorderLnx/./Device/MIC140/utils/uRecorderMic140ChanDesc.pas(193,16) Hint: (5057) Local variable "lReg" does not seem to be initialized
/mnt/win_share/OburecGH/Lazarus/RecorderLnx/./Device/MIC140/utils/uRecorderMic140ChanDesc.pas(387,51) Hint: (5057) Local variable "lCode" does not seem to be initialized
/mnt/win_share/OburecGH/Lazarus/RecorderLnx/./Device/MIC140/utils/uRecorderMic140ChanDesc.pas(395,43) Hint: (5057) Local variable "lCode" does not seem to be initialized
/mnt/win_share/OburecGH/Lazarus/RecorderLnx/./Device/MIC140/utils/uRecorderMic140ChanDesc.pas(404,59) Hint: (5057) Local variable "lCode" does not seem to be initialized
(3104) Compiling ./Device/MIC140/utils/uRecorderMic140Helper.pas
/mnt/win_share/OburecGH/Lazarus/RecorderLnx/./Device/MIC140/utils/uRecorderMic140Helper.pas(108,18) Hint: (5057) Local variable "addr" does not seem to be initialized
/mnt/win_share/OburecGH/Lazarus/RecorderLnx/./Device/MIC140/utils/uRecorderMic140Helper.pas(110,22) Warning: (5043) Symbol "ShortHostToNet" is deprecated
/mnt/win_share/OburecGH/Lazarus/RecorderLnx/./Device/MIC140/utils/uRecorderMic140Helper.pas(111,29) Warning: (5043) Symbol "HostToNet" is deprecated
/mnt/win_share/OburecGH/Lazarus/RecorderLnx/./Device/MIC140/utils/uRecorderMic140Helper.pas(16,3) Hint: (5024) Parameter "ATimeoutMs" not used
(3104) Compiling ./Device/MIC140/utils/uRecorderMic140Diag.pas
/mnt/win_share/OburecGH/Lazarus/RecorderLnx/./Device/MIC140/utils/uRecorderMic140Diag.pas(155,43) Hint: (5024) Parameter "AChannelIndex" not used
/mnt/win_share/OburecGH/Lazarus/RecorderLnx/./Device/MIC140/uRecorderMic140Scan.pas(303,17) Hint: (5091) Local variable "args" of a managed type does not seem to be initialized
/mnt/win_share/OburecGH/Lazarus/RecorderLnx/./Device/MIC140/uRecorderMic140Scan.pas(424,17) Hint: (5091) Local variable "args" of a managed type does not seem to be initialized
/mnt/win_share/OburecGH/Lazarus/RecorderLnx/./Device/MIC140/uRecorderMic140Scan.pas(514,17) Hint: (5091) Local variable "desc" of a managed type does not seem to be initialized
/mnt/win_share/OburecGH/Lazarus/RecorderLnx/./Device/MIC140/uRecorderMic140Scan.pas(638,21) Hint: (5091) Local variable "chanDump" of a managed type does not seem to be initialized
/mnt/win_share/OburecGH/Lazarus/RecorderLnx/./Device/MIC140/uRecorderMic140Scan.pas(97,3) Hint: (5028) Local const "CNormalDesc" is not used
/mnt/win_share/OburecGH/Lazarus/RecorderLnx/./Device/MIC140/uRecorderMic140Scan.pas(14,19) Hint: (5023) Unit "StrUtils" not used in uRecorderMic140Scan
/mnt/win_share/OburecGH/Lazarus/RecorderLnx/./Device/MIC140/uRecorderMic140Scan.pas(18,51) Hint: (5023) Unit "uRecorderMic140Helper" not used in uRecorderMic140Scan
(3104) Compiling ./Device/MIC140/uRecorderMic140Device.pas
(3104) Compiling ./Device/uRecorderDeviceDataThread.pas
/mnt/win_share/OburecGH/Lazarus/RecorderLnx/./Device/uRecorderDeviceDataThread.pas(346,40) Hint: (5092) Variable "ABlock" of a managed type does not seem to be initialized
(3104) Compiling ./Device/MIC140/uRecorderMic140Stream.pas
/mnt/win_share/OburecGH/Lazarus/RecorderLnx/./Device/MIC140/uRecorderMic140Stream.pas(299,18) Hint: (5057) Local variable "lProbe" does not seem to be initialized
/mnt/win_share/OburecGH/Lazarus/RecorderLnx/./Device/MIC140/uRecorderMic140Stream.pas(429,16) Hint: (5058) Variable "ARaw" does not seem to be initialized
/mnt/win_share/OburecGH/Lazarus/RecorderLnx/./Device/MIC140/uRecorderMic140Stream.pas(503,28) Hint: (5057) Local variable "originalData" does not seem to be initialized
/mnt/win_share/OburecGH/Lazarus/RecorderLnx/./Device/MIC140/uRecorderMic140Stream.pas(56,29) Hint: (5024) Parameter "AFreq" not used
(3104) Compiling ./Device/MIC140/uRecorderMic140DataThread.pas
/mnt/win_share/OburecGH/Lazarus/RecorderLnx/./Device/MIC140/uRecorderMic140DataThread.pas(17,22) Hint: (5023) Unit "syncobjs" not used in uRecorderMic140DataThread
/mnt/win_share/OburecGH/Lazarus/RecorderLnx/./Device/MIC140/uRecorderMic140Device.pas(209,20) Hint: (5092) Variable "AValues" of a managed type does not seem to be initialized
/mnt/win_share/OburecGH/Lazarus/RecorderLnx/./Device/MIC140/uRecorderMic140Device.pas(129,34) Hint: (5024) Parameter "AAction" not used
/mnt/win_share/OburecGH/Lazarus/RecorderLnx/./Device/MIC140/uRecorderMic140Device.pas(130,13) Hint: (5024) Parameter "AChannelIndices" not used
/mnt/win_share/OburecGH/Lazarus/RecorderLnx/./Device/MIC140/uRecorderMic140Device.pas(219,21) Hint: (5058) Variable "AFirmware" does not seem to be initialized
/mnt/win_share/OburecGH/Lazarus/RecorderLnx/./Device/MIC140/uRecorderMic140Device.pas(387,24) Note: (6058) Call to subroutine "operator :=(const source:AnsiString):Variant;" marked as inline is not inlined
/mnt/win_share/OburecGH/Lazarus/RecorderLnx/./Device/MIC140/uRecorderMic140Device.pas(388,24) Note: (6058) Call to subroutine "operator :=(const source:AnsiString):Variant;" marked as inline is not inlined
/mnt/win_share/OburecGH/Lazarus/RecorderLnx/./Device/MIC140/uRecorderMic140Device.pas(389,24) Note: (6058) Call to subroutine "operator :=(const source:LongInt):Variant;" marked as inline is not inlined
/mnt/win_share/OburecGH/Lazarus/RecorderLnx/./Device/MIC140/uRecorderMic140Device.pas(390,35) Note: (6058) Call to subroutine "operator :=(const source:Double):Variant;" marked as inline is not inlined
/mnt/win_share/OburecGH/Lazarus/RecorderLnx/./Device/MIC140/uRecorderMic140Device.pas(391,32) Note: (6058) Call to subroutine "operator :=(const source:LongInt):Variant;" marked as inline is not inlined
/mnt/win_share/OburecGH/Lazarus/RecorderLnx/./Device/MIC140/uRecorderMic140Device.pas(392,32) Note: (6058) Call to subroutine "operator :=(const source:LongInt):Variant;" marked as inline is not inlined
/mnt/win_share/OburecGH/Lazarus/RecorderLnx/./Device/MIC140/uRecorderMic140Device.pas(393,32) Note: (6058) Call to subroutine "operator :=(const source:LongInt):Variant;" marked as inline is not inlined
/mnt/win_share/OburecGH/Lazarus/RecorderLnx/./Device/MIC140/uRecorderMic140Device.pas(396,32) Note: (6058) Call to subroutine "operator :=(const source:LongInt):Variant;" marked as inline is not inlined
/mnt/win_share/OburecGH/Lazarus/RecorderLnx/./Device/MIC140/uRecorderMic140Device.pas(401,33) Note: (6058) Call to subroutine "operator :=(const source:LongInt):Variant;" marked as inline is not inlined
/mnt/win_share/OburecGH/Lazarus/RecorderLnx/./Device/MIC140/uRecorderMic140Device.pas(406,38) Note: (6058) Call to subroutine "operator :=(const source:LongInt):Variant;" marked as inline is not inlined
/mnt/win_share/OburecGH/Lazarus/RecorderLnx/./Device/MIC140/uRecorderMic140Device.pas(409,40) Note: (6058) Call to subroutine "operator :=(const source:LongInt):Variant;" marked as inline is not inlined
/mnt/win_share/OburecGH/Lazarus/RecorderLnx/./Device/MIC140/uRecorderMic140Device.pas(410,29) Note: (6058) Call to subroutine "operator :=(const source:ShortInt):Variant;" marked as inline is not inlined
/mnt/win_share/OburecGH/Lazarus/RecorderLnx/./Device/MIC140/uRecorderMic140Device.pas(411,29) Note: (6058) Call to subroutine "operator :=(const source:ShortString):Variant;" marked as inline is not inlined
/mnt/win_share/OburecGH/Lazarus/RecorderLnx/./Device/MIC140/uRecorderMic140Device.pas(428,18) Note: (6058) Call to subroutine "operator :=(const source:Variant):AnsiString;" marked as inline is not inlined
/mnt/win_share/OburecGH/Lazarus/RecorderLnx/./Device/MIC140/uRecorderMic140Device.pas(434,14) Note: (6058) Call to subroutine "operator :=(const source:Variant):Double;" marked as inline is not inlined
/mnt/win_share/OburecGH/Lazarus/RecorderLnx/./Device/MIC140/uRecorderMic140Device.pas(441,32) Note: (6058) Call to subroutine "operator :=(const source:Variant):Double;" marked as inline is not inlined
/mnt/win_share/OburecGH/Lazarus/RecorderLnx/./Device/MIC140/uRecorderMic140Device.pas(447,14) Note: (6058) Call to subroutine "operator :=(const source:Variant):Double;" marked as inline is not inlined
/mnt/win_share/OburecGH/Lazarus/RecorderLnx/./Device/MIC140/uRecorderMic140Device.pas(454,14) Note: (6058) Call to subroutine "operator :=(const source:Variant):Double;" marked as inline is not inlined
/mnt/win_share/OburecGH/Lazarus/RecorderLnx/./Device/MIC140/uRecorderMic140Device.pas(466,14) Note: (6058) Call to subroutine "operator :=(const source:Variant):Double;" marked as inline is not inlined
/mnt/win_share/OburecGH/Lazarus/RecorderLnx/./Device/MIC140/uRecorderMic140Device.pas(474,14) Note: (6058) Call to subroutine "operator :=(const source:Variant):Double;" marked as inline is not inlined
/mnt/win_share/OburecGH/Lazarus/RecorderLnx/./Device/MIC140/uRecorderMic140Device.pas(482,14) Note: (6058) Call to subroutine "operator :=(const source:Variant):Double;" marked as inline is not inlined
/mnt/win_share/OburecGH/Lazarus/RecorderLnx/./Device/MIC140/uRecorderMic140Device.pas(85,43) Hint: (5024) Parameter "AIndex" not used
/mnt/win_share/OburecGH/Lazarus/RecorderLnx/./Device/MIC140/uRecorderMic140Device.pas(86,43) Hint: (5024) Parameter "AIndex" not used
/mnt/win_share/OburecGH/Lazarus/RecorderLnx/./Device/MIC140/uRecorderMic140Device.pas(1044,18) Hint: (5091) Local variable "lArgs" of a managed type does not seem to be initialized
/mnt/win_share/OburecGH/Lazarus/RecorderLnx/./Device/MIC140/uRecorderMic140Device.pas(1163,41) Hint: (5092) Variable "ABlock" of a managed type does not seem to be initialized
/mnt/win_share/OburecGH/Lazarus/RecorderLnx/./Device/MIC140/uRecorderMic140Device.pas(1197,61) Hint: (5092) Variable "ABlock" of a managed type does not seem to be initialized
/mnt/win_share/OburecGH/Lazarus/RecorderLnx/./Device/MIC140/uRecorderMic140Device.pas(1309,19) Hint: (5092) Variable "AMeans" of a managed type does not seem to be initialized
/mnt/win_share/OburecGH/Lazarus/RecorderLnx/./Device/MIC140/uRecorderMic140Device.pas(1315,17) Hint: (5091) Local variable "sums" of a managed type does not seem to be initialized
/mnt/win_share/OburecGH/Lazarus/RecorderLnx/./Device/MIC140/uRecorderMic140Device.pas(1316,16) Hint: (5091) Local variable "cnt" of a managed type does not seem to be initialized
/mnt/win_share/OburecGH/Lazarus/RecorderLnx/./Device/MIC140/uRecorderMic140Device.pas(1317,16) Hint: (5091) Local variable "eff" of a managed type does not seem to be initialized
/mnt/win_share/OburecGH/Lazarus/RecorderLnx/./Device/MIC140/uRecorderMic140Device.pas(1300,16) Note: (5025) Local variable "k" not used
(3104) Compiling ./Core/uRecorderHardwareTree.pas
/mnt/win_share/OburecGH/Lazarus/RecorderLnx/./Core/uRecorderHardwareTree.pas(261,21) Hint: (5092) Variable "AEntries" of a managed type does not seem to be initialized
/mnt/win_share/OburecGH/Lazarus/RecorderLnx/./Device/MIC140/uRecorderMic140DataSource.pas(439,23) Hint: (5024) Parameter "AChannelIndex" not used
/mnt/win_share/OburecGH/Lazarus/RecorderLnx/./Device/MIC140/uRecorderMic140DataSource.pas(174,3) Hint: (5024) Parameter "ADevSubRev" not used
/mnt/win_share/OburecGH/Lazarus/RecorderLnx/./Device/MIC140/uRecorderMic140DataSource.pas(727,3) Note: (5025) Local variable "lResolvedKey" not used
/mnt/win_share/OburecGH/Lazarus/RecorderLnx/./Device/MIC140/uRecorderMic140DataSource.pas(112,45) Hint: (5024) Parameter "ATag" not used
/mnt/win_share/OburecGH/Lazarus/RecorderLnx/./Device/MIC140/uRecorderMic140DataSource.pas(1304,28) Hint: (5091) Local variable "lChannelNumbers" of a managed type does not seem to be initialized
/mnt/win_share/OburecGH/Lazarus/RecorderLnx/./Device/MIC140/uRecorderMic140DataSource.pas(1617,77) Note: (6058) Call to subroutine "operator :=(const source:LongInt):Variant;" marked as inline is not inlined
/mnt/win_share/OburecGH/Lazarus/RecorderLnx/./Device/MIC140/uRecorderMic140DataSource.pas(1619,79) Note: (6058) Call to subroutine "operator :=(const source:LongInt):Variant;" marked as inline is not inlined
/mnt/win_share/OburecGH/Lazarus/RecorderLnx/./Device/MIC140/uRecorderMic140DataSource.pas(1657,74) Note: (6058) Call to subroutine "operator :=(const source:LongInt):Variant;" marked as inline is not inlined
/mnt/win_share/OburecGH/Lazarus/RecorderLnx/./Device/MIC140/uRecorderMic140DataSource.pas(1658,76) Note: (6058) Call to subroutine "operator :=(const source:LongInt):Variant;" marked as inline is not inlined
/mnt/win_share/OburecGH/Lazarus/RecorderLnx/./Device/MIC140/uRecorderMic140DataSource.pas(1659,84) Note: (6058) Call to subroutine "operator :=(const source:LongInt):Variant;" marked as inline is not inlined
/mnt/win_share/OburecGH/Lazarus/RecorderLnx/./Device/MIC140/uRecorderMic140DataSource.pas(1735,28) Note: (6058) Call to subroutine "operator :=(const source:LongInt):Variant;" marked as inline is not inlined
/mnt/win_share/OburecGH/Lazarus/RecorderLnx/./Device/MIC140/uRecorderMic140DataSource.pas(1948,3) Note: (5025) Local variable "lSum" not used
/mnt/win_share/OburecGH/Lazarus/RecorderLnx/./Device/MIC140/uRecorderMic140DataSource.pas(1950,3) Note: (5025) Local variable "lPreview" not used
/mnt/win_share/OburecGH/Lazarus/RecorderLnx/./Device/MIC140/uRecorderMic140DataSource.pas(1951,3) Note: (5025) Local variable "lAll48" not used
/mnt/win_share/OburecGH/Lazarus/RecorderLnx/./Device/MIC140/uRecorderMic140DataSource.pas(1952,3) Note: (5025) Local variable "lAll48S1" not used
/mnt/win_share/OburecGH/Lazarus/RecorderLnx/./Device/MIC140/uRecorderMic140DataSource.pas(1953,3) Note: (5025) Local variable "lGood48" not used
/mnt/win_share/OburecGH/Lazarus/RecorderLnx/./Device/MIC140/uRecorderMic140DataSource.pas(1954,3) Note: (5025) Local variable "lGood48S1" not used
/mnt/win_share/OburecGH/Lazarus/RecorderLnx/./Device/MIC140/uRecorderMic140DataSource.pas(198,9) Hint: (5023) Unit "StrUtils" not used in uRecorderMic140DataSource
(3104) Compiling ./UI/uRecorderCalibrationAddDialog.pas
/mnt/win_share/OburecGH/Lazarus/RecorderLnx/./UI/uRecorderCalibrationAddDialog.pas(18,26) Hint: (5024) Parameter "Sender" not used
/mnt/win_share/OburecGH/Lazarus/RecorderLnx/./UI/uRecorderCalibrationAddDialog.pas(19,31) Hint: (5024) Parameter "Sender" not used
(3104) Compiling ./UI/uRecorderCalibrationPropertiesDialog.pas
/mnt/win_share/OburecGH/Lazarus/RecorderLnx/./UI/uRecorderCalibrationPropertiesDialog.pas(51,26) Hint: (5024) Parameter "Sender" not used
/mnt/win_share/OburecGH/Lazarus/RecorderLnx/./UI/uRecorderCalibrationPropertiesDialog.pas(44,32) Hint: (5024) Parameter "Sender" not used
/mnt/win_share/OburecGH/Lazarus/RecorderLnx/./UI/uRecorderCalibrationPropertiesDialog.pas(46,35) Hint: (5024) Parameter "Sender" not used
/mnt/win_share/OburecGH/Lazarus/RecorderLnx/./UI/uRecorderCalibrationPropertiesDialog.pas(45,29) Hint: (5024) Parameter "Sender" not used
/mnt/win_share/OburecGH/Lazarus/RecorderLnx/./UI/uRecorderCalibrationPropertiesDialog.pas(47,26) Hint: (5024) Parameter "Sender" not used
/mnt/win_share/OburecGH/Lazarus/RecorderLnx/./UI/uRecorderCalibrationPropertiesDialog.pas(48,28) Hint: (5024) Parameter "Sender" not used
/mnt/win_share/OburecGH/Lazarus/RecorderLnx/./UI/uRecorderCalibrationPropertiesDialog.pas(49,29) Hint: (5024) Parameter "Sender" not used
/mnt/win_share/OburecGH/Lazarus/RecorderLnx/./UI/uRecorderCalibrationPropertiesDialog.pas(50,32) Hint: (5024) Parameter "Sender" not used
/mnt/win_share/OburecGH/Lazarus/RecorderLnx/./UI/uRecorderCalibrationPropertiesDialog.pas(52,26) Hint: (5024) Parameter "Sender" not used
(3104) Compiling ./UI/uRecorderCalibrationListDialog.pas
(3104) Compiling ./Calibrations/Strains/uRecorderStrainCalibrationDialog.pas
(3104) Compiling ./Calibrations/Strains/uRecorderStrainCalibration.pas
(3104) Compiling ./Calibrations/Strains/uRecorderStrainCalibrationFrame.pas
/mnt/win_share/OburecGH/Lazarus/RecorderLnx/./Calibrations/Strains/uRecorderStrainCalibrationFrame.pas(18,38) Hint: (5024) Parameter "Sender" not used
/mnt/win_share/OburecGH/Lazarus/RecorderLnx/./Calibrations/Strains/uRecorderStrainCalibrationDialog.pas(42,7) Warning: (4104) Implicit string type conversion from "AnsiString" to "UnicodeString"
/mnt/win_share/OburecGH/Lazarus/RecorderLnx/./Calibrations/Strains/uRecorderStrainCalibrationDialog.pas(43,12) Warning: (4104) Implicit string type conversion from "AnsiString" to "UnicodeString"
/mnt/win_share/OburecGH/Lazarus/RecorderLnx/./Calibrations/Strains/uRecorderStrainCalibrationDialog.pas(43,37) Warning: (4104) Implicit string type conversion from "AnsiString" to "UnicodeString"
/mnt/win_share/OburecGH/Lazarus/RecorderLnx/./Calibrations/Strains/uRecorderStrainCalibrationDialog.pas(44,27) Warning: (4104) Implicit string type conversion from "AnsiString" to "UnicodeString"
/mnt/win_share/OburecGH/Lazarus/RecorderLnx/./Calibrations/Strains/uRecorderStrainCalibrationDialog.pas(46,12) Warning: (4104) Implicit string type conversion from "AnsiString" to "UnicodeString"
/mnt/win_share/OburecGH/Lazarus/RecorderLnx/./Calibrations/Strains/uRecorderStrainCalibrationDialog.pas(47,12) Warning: (4104) Implicit string type conversion from "AnsiString" to "WideString"
/mnt/win_share/OburecGH/Lazarus/RecorderLnx/./Calibrations/Strains/uRecorderStrainCalibrationDialog.pas(48,12) Warning: (4104) Implicit string type conversion from "AnsiString" to "UnicodeString"
/mnt/win_share/OburecGH/Lazarus/RecorderLnx/./Calibrations/Strains/uRecorderStrainCalibrationDialog.pas(18,26) Hint: (5024) Parameter "Sender" not used
/mnt/win_share/OburecGH/Lazarus/RecorderLnx/./Calibrations/Strains/uRecorderStrainCalibrationDialog.pas(17,26) Hint: (5024) Parameter "Sender" not used
(3104) Compiling ./SDB/uRecorderSdbSelectDialog.pas
(3104) Compiling ./SDB/uRecorderSdbImages.pas
/mnt/win_share/OburecGH/Lazarus/RecorderLnx/./SDB/uRecorderSdbSelectDialog.pas(70,32) Hint: (5024) Parameter "Sender" not used
/mnt/win_share/OburecGH/Lazarus/RecorderLnx/./SDB/uRecorderSdbSelectDialog.pas(71,7) Hint: (5024) Parameter "Shift" not used
/mnt/win_share/OburecGH/Lazarus/RecorderLnx/./SDB/uRecorderSdbSelectDialog.pas(65,30) Hint: (5024) Parameter "Sender" not used
/mnt/win_share/OburecGH/Lazarus/RecorderLnx/./SDB/uRecorderSdbSelectDialog.pas(64,35) Hint: (5024) Parameter "Sender" not used
/mnt/win_share/OburecGH/Lazarus/RecorderLnx/./SDB/uRecorderSdbSelectDialog.pas(62,26) Hint: (5024) Parameter "Sender" not used
/mnt/win_share/OburecGH/Lazarus/RecorderLnx/./SDB/uRecorderSdbSelectDialog.pas(63,33) Hint: (5024) Parameter "Sender" not used
/mnt/win_share/OburecGH/Lazarus/RecorderLnx/./SDB/uRecorderSdbSelectDialog.pas(69,31) Hint: (5024) Parameter "Sender" not used
/mnt/win_share/OburecGH/Lazarus/RecorderLnx/./SDB/uRecorderSdbSelectDialog.pas(67,32) Hint: (5024) Parameter "Sender" not used
/mnt/win_share/OburecGH/Lazarus/RecorderLnx/./SDB/uRecorderSdbSelectDialog.pas(423,28) Warning: (4104) Implicit string type conversion from "AnsiString" to "WideString"
/mnt/win_share/OburecGH/Lazarus/RecorderLnx/./SDB/uRecorderSdbSelectDialog.pas(424,43) Warning: (4105) Implicit string type conversion with potential data loss from "WideString" to "TTranslateString"
/mnt/win_share/OburecGH/Lazarus/RecorderLnx/./SDB/uRecorderSdbSelectDialog.pas(66,29) Hint: (5024) Parameter "Sender" not used
/mnt/win_share/OburecGH/Lazarus/RecorderLnx/./SDB/uRecorderSdbSelectDialog.pas(66,46) Hint: (5024) Parameter "Node" not used
/mnt/win_share/OburecGH/Lazarus/RecorderLnx/./SDB/uRecorderSdbSelectDialog.pas(60,30) Hint: (5024) Parameter "Sender" not used
/mnt/win_share/OburecGH/Lazarus/RecorderLnx/./SDB/uRecorderSdbSelectDialog.pas(61,34) Hint: (5024) Parameter "Sender" not used
/mnt/win_share/OburecGH/Lazarus/RecorderLnx/./SDB/uRecorderSdbSelectDialog.pas(20,3) Hint: (5023) Unit "uSharedStringEncoding" not used in uRecorderSdbSelectDialog
/mnt/win_share/OburecGH/Lazarus/RecorderLnx/./UI/uRecorderCalibrationListDialog.pas(29,26) Hint: (5024) Parameter "Sender" not used
/mnt/win_share/OburecGH/Lazarus/RecorderLnx/./UI/uRecorderCalibrationListDialog.pas(24,27) Hint: (5024) Parameter "Sender" not used
/mnt/win_share/OburecGH/Lazarus/RecorderLnx/./UI/uRecorderCalibrationListDialog.pas(25,30) Hint: (5024) Parameter "Sender" not used
/mnt/win_share/OburecGH/Lazarus/RecorderLnx/./UI/uRecorderCalibrationListDialog.pas(27,34) Hint: (5024) Parameter "Sender" not used
/mnt/win_share/OburecGH/Lazarus/RecorderLnx/./UI/uRecorderCalibrationListDialog.pas(28,26) Hint: (5024) Parameter "Sender" not used
/mnt/win_share/OburecGH/Lazarus/RecorderLnx/./UI/uRecorderCalibrationListDialog.pas(26,28) Hint: (5024) Parameter "Sender" not used
/mnt/win_share/OburecGH/Lazarus/RecorderLnx/./UI/uRecorderCalibrationListDialog.pas(30,26) Hint: (5024) Parameter "Sender" not used
(3104) Compiling ./Device/MIC140/UI/uRecorderMic140SettingsDialog.pas
(3104) Compiling ./Device/MIC140/UI/uRecorderMic140ChannelDialog.pas
/mnt/win_share/OburecGH/Lazarus/RecorderLnx/./Device/MIC140/UI/uRecorderMic140ChannelDialog.pas(47,26) Hint: (5024) Parameter "Sender" not used
/mnt/win_share/OburecGH/Lazarus/RecorderLnx/./Device/MIC140/UI/uRecorderMic140ChannelDialog.pas(48,27) Hint: (5024) Parameter "Sender" not used
/mnt/win_share/OburecGH/Lazarus/RecorderLnx/./Device/MIC140/UI/uRecorderMic140ChannelDialog.pas(49,34) Hint: (5024) Parameter "Sender" not used
/mnt/win_share/OburecGH/Lazarus/RecorderLnx/./Device/MIC140/UI/uRecorderMic140ChannelDialog.pas(51,39) Hint: (5024) Parameter "Sender" not used
/mnt/win_share/OburecGH/Lazarus/RecorderLnx/./Device/MIC140/UI/uRecorderMic140ChannelDialog.pas(52,38) Hint: (5024) Parameter "Sender" not used
/mnt/win_share/OburecGH/Lazarus/RecorderLnx/./Device/MIC140/UI/uRecorderMic140ChannelDialog.pas(53,32) Hint: (5024) Parameter "Sender" not used
/mnt/win_share/OburecGH/Lazarus/RecorderLnx/./Device/MIC140/UI/uRecorderMic140ChannelDialog.pas(16,25) Hint: (5023) Unit "uRecorderMic140Thermocouple" not used in uRecorderMic140ChannelDialog
(3104) Compiling ./Device/uRecorderConfiguredSourceEditor.pas
/mnt/win_share/OburecGH/Lazarus/RecorderLnx/./Device/MIC140/UI/uRecorderMic140SettingsDialog.pas(121,17) Warning: (4104) Implicit string type conversion from "AnsiString" to "UnicodeString"
/mnt/win_share/OburecGH/Lazarus/RecorderLnx/./Device/MIC140/UI/uRecorderMic140SettingsDialog.pas(122,104) Warning: (4105) Implicit string type conversion with potential data loss from "UnicodeString" to "AnsiString"
/mnt/win_share/OburecGH/Lazarus/RecorderLnx/./Device/MIC140/UI/uRecorderMic140SettingsDialog.pas(54,26) Hint: (5024) Parameter "Sender" not used
/mnt/win_share/OburecGH/Lazarus/RecorderLnx/./Device/MIC140/UI/uRecorderMic140SettingsDialog.pas(64,31) Hint: (5024) Parameter "Sender" not used
/mnt/win_share/OburecGH/Lazarus/RecorderLnx/./Device/MIC140/UI/uRecorderMic140SettingsDialog.pas(63,28) Hint: (5024) Parameter "Sender" not used
/mnt/win_share/OburecGH/Lazarus/RecorderLnx/./Device/MIC140/UI/uRecorderMic140SettingsDialog.pas(57,29) Hint: (5024) Parameter "Sender" not used
/mnt/win_share/OburecGH/Lazarus/RecorderLnx/./Device/MIC140/UI/uRecorderMic140SettingsDialog.pas(58,7) Hint: (5024) Parameter "Shift" not used
/mnt/win_share/OburecGH/Lazarus/RecorderLnx/./Device/MIC140/UI/uRecorderMic140SettingsDialog.pas(59,38) Hint: (5024) Parameter "Sender" not used
/mnt/win_share/OburecGH/Lazarus/RecorderLnx/./Device/MIC140/UI/uRecorderMic140SettingsDialog.pas(55,25) Hint: (5024) Parameter "Sender" not used
/mnt/win_share/OburecGH/Lazarus/RecorderLnx/./Device/MIC140/UI/uRecorderMic140SettingsDialog.pas(56,28) Hint: (5024) Parameter "Sender" not used
/mnt/win_share/OburecGH/Lazarus/RecorderLnx/./Device/MIC140/UI/uRecorderMic140SettingsDialog.pas(60,34) Hint: (5024) Parameter "Sender" not used
/mnt/win_share/OburecGH/Lazarus/RecorderLnx/./Device/MIC140/UI/uRecorderMic140SettingsDialog.pas(590,56) Warning: (4104) Implicit string type conversion from "AnsiString" to "UnicodeString"
/mnt/win_share/OburecGH/Lazarus/RecorderLnx/./Device/MIC140/UI/uRecorderMic140SettingsDialog.pas(590,66) Warning: (4105) Implicit string type conversion with potential data loss from "UnicodeString" to "AnsiString"
/mnt/win_share/OburecGH/Lazarus/RecorderLnx/./Device/MIC140/UI/uRecorderMic140SettingsDialog.pas(61,27) Hint: (5024) Parameter "Sender" not used
/mnt/win_share/OburecGH/Lazarus/RecorderLnx/./Device/MIC140/UI/uRecorderMic140SettingsDialog.pas(62,25) Hint: (5024) Parameter "Sender" not used
/mnt/win_share/OburecGH/Lazarus/RecorderLnx/./Device/MIC140/UI/uRecorderMic140SettingsDialog.pas(708,41) Hint: (5091) Local variable "lResult" of a managed type does not seem to be initialized
(3104) Compiling ./Device/mic185/uRecorderMic185DataSource.pas
(3104) Compiling ./Device/mic185/uMic185Device.pas
(3104) Compiling ./Device/mic185/uMic185MebiusTcpProtocol.pas
(3104) Compiling ./Device/mic185/uMic185Constants.pas
(3104) Compiling ./Device/mic185/uMic185DebugLog.pas
(3104) Compiling ./Device/mic185/uRecorderMic185Runtime.pas
(3104) Compiling ./Device/mic185/uMic185MebiusTypes.pas
/mnt/win_share/OburecGH/Lazarus/RecorderLnx/./Device/mic185/uMic185MebiusTypes.pas(182,21) Hint: (5058) Variable "ASettings" does not seem to be initialized
/mnt/win_share/OburecGH/Lazarus/RecorderLnx/./Device/mic185/uMic185MebiusTypes.pas(219,21) Hint: (5058) Variable "ASettings" does not seem to be initialized
/mnt/win_share/OburecGH/Lazarus/RecorderLnx/./Device/mic185/uMic185MebiusTypes.pas(300,21) Hint: (5057) Local variable "lSettings" does not seem to be initialized
/mnt/win_share/OburecGH/Lazarus/RecorderLnx/./Device/mic185/uMic185MebiusTypes.pas(359,19) Warning: (5093) function result variable of a managed type does not seem to be initialized
/mnt/win_share/OburecGH/Lazarus/RecorderLnx/./Device/mic185/uRecorderMic185Runtime.pas(60,3) Hint: (5023) Unit "syncobjs" not used in uRecorderMic185Runtime
/mnt/win_share/OburecGH/Lazarus/RecorderLnx/./Device/mic185/uMic185MebiusTcpProtocol.pas(331,19) Warning: (5093) function result variable of a managed type does not seem to be initialized
/mnt/win_share/OburecGH/Lazarus/RecorderLnx/./Device/mic185/uMic185MebiusTcpProtocol.pas(332,19) Hint: (5057) Local variable "lHeader" does not seem to be initialized
/mnt/win_share/OburecGH/Lazarus/RecorderLnx/./Device/mic185/uMic185MebiusTcpProtocol.pas(348,20) Hint: (5060) Function result variable does not seem to be initialized
/mnt/win_share/OburecGH/Lazarus/RecorderLnx/./Device/mic185/uMic185MebiusTcpProtocol.pas(367,18) Hint: (5092) Variable "ABlock" of a managed type does not seem to be initialized
/mnt/win_share/OburecGH/Lazarus/RecorderLnx/./Device/mic185/uMic185MebiusTcpProtocol.pas(495,20) Hint: (5092) Variable "AValues" of a managed type does not seem to be initialized
/mnt/win_share/OburecGH/Lazarus/RecorderLnx/./Device/mic185/uMic185MebiusTcpProtocol.pas(696,29) Hint: (4055) Conversion between ordinals and pointers is not portable
/mnt/win_share/OburecGH/Lazarus/RecorderLnx/./Device/mic185/uMic185MebiusTcpProtocol.pas(696,29) Warning: (4056) Conversion between ordinals and pointers is not portable
/mnt/win_share/OburecGH/Lazarus/RecorderLnx/./Device/mic185/uMic185MebiusTcpProtocol.pas(934,19) Hint: (5092) Variable "APacket" of a managed type does not seem to be initialized
/mnt/win_share/OburecGH/Lazarus/RecorderLnx/./Device/mic185/uMic185MebiusTcpProtocol.pas(938,38) Hint: (5057) Local variable "lHeader" does not seem to be initialized
/mnt/win_share/OburecGH/Lazarus/RecorderLnx/./Device/mic185/uMic185MebiusTcpProtocol.pas(987,29) Hint: (5060) Function result variable does not seem to be initialized
/mnt/win_share/OburecGH/Lazarus/RecorderLnx/./Device/mic185/uMic185MebiusTcpProtocol.pas(1004,21) Hint: (5092) Variable "AOutData" of a managed type does not seem to be initialized
/mnt/win_share/OburecGH/Lazarus/RecorderLnx/./Device/mic185/uMic185MebiusTcpProtocol.pas(1006,20) Hint: (5091) Local variable "lBody" of a managed type does not seem to be initialized
/mnt/win_share/OburecGH/Lazarus/RecorderLnx/./Device/mic185/uMic185MebiusTcpProtocol.pas(1070,16) Hint: (5091) Local variable "lIn" of a managed type does not seem to be initialized
/mnt/win_share/OburecGH/Lazarus/RecorderLnx/./Device/mic185/uMic185MebiusTcpProtocol.pas(1096,23) Hint: (5057) Local variable "lCode" does not seem to be initialized
/mnt/win_share/OburecGH/Lazarus/RecorderLnx/./Device/mic185/uMic185MebiusTcpProtocol.pas(1113,21) Hint: (5092) Variable "AOutData" of a managed type does not seem to be initialized
/mnt/win_share/OburecGH/Lazarus/RecorderLnx/./Device/mic185/uMic185MebiusTcpProtocol.pas(1115,19) Hint: (5091) Local variable "lBlock" of a managed type does not seem to be initialized
/mnt/win_share/OburecGH/Lazarus/RecorderLnx/./Device/mic185/uMic185MebiusTcpProtocol.pas(1144,19) Hint: (5091) Local variable "lBlock" of a managed type does not seem to be initialized
/mnt/win_share/OburecGH/Lazarus/RecorderLnx/./Device/mic185/uMic185MebiusTcpProtocol.pas(1248,31) Hint: (5092) Variable "ABlock" of a managed type does not seem to be initialized
/mnt/win_share/OburecGH/Lazarus/RecorderLnx/./Device/mic185/uMic185MebiusTcpProtocol.pas(1249,24) Hint: (5092) Variable "ATempValues" of a managed type does not seem to be initialized
/mnt/win_share/OburecGH/Lazarus/RecorderLnx/./Device/mic185/uMic185Device.pas(53,82) Warning: (2005) Comment level 2 found
/mnt/win_share/OburecGH/Lazarus/RecorderLnx/./Device/mic185/uMic185Device.pas(206,19) Warning: (5093) function result variable of a managed type does not seem to be initialized
/mnt/win_share/OburecGH/Lazarus/RecorderLnx/./Device/mic185/uMic185Device.pas(299,19) Warning: (5093) function result variable of a managed type does not seem to be initialized
/mnt/win_share/OburecGH/Lazarus/RecorderLnx/./Device/mic185/uMic185Device.pas(315,32) Note: (6058) Call to subroutine "operator :=(const source:LongWord):Variant;" marked as inline is not inlined
/mnt/win_share/OburecGH/Lazarus/RecorderLnx/./Device/mic185/uMic185Device.pas(316,32) Note: (6058) Call to subroutine "operator :=(const source:LongInt):Variant;" marked as inline is not inlined
/mnt/win_share/OburecGH/Lazarus/RecorderLnx/./Device/mic185/uMic185Device.pas(317,35) Note: (6058) Call to subroutine "operator :=(const source:Double):Variant;" marked as inline is not inlined
/mnt/win_share/OburecGH/Lazarus/RecorderLnx/./Device/mic185/uMic185Device.pas(331,43) Note: (6058) Call to subroutine "operator :=(const source:Variant):Double;" marked as inline is not inlined
/mnt/win_share/OburecGH/Lazarus/RecorderLnx/./Device/mic185/uMic185Device.pas(340,28) Note: (6058) Call to subroutine "operator :=(const source:Variant):LongInt;" marked as inline is not inlined
/mnt/win_share/OburecGH/Lazarus/RecorderLnx/./Device/mic185/uMic185Device.pas(397,26) Hint: (5057) Local variable "lInfo" does not seem to be initialized
/mnt/win_share/OburecGH/Lazarus/RecorderLnx/./Device/mic185/uMic185Device.pas(538,23) Hint: (5091) Local variable "lCommandIn" of a managed type does not seem to be initialized
/mnt/win_share/OburecGH/Lazarus/RecorderLnx/./Device/mic185/uMic185Device.pas(825,26) Hint: (5092) Variable "ASoftBalances" of a managed type does not seem to be initialized
/mnt/win_share/OburecGH/Lazarus/RecorderLnx/./Device/mic185/uMic185Device.pas(838,16) Hint: (5091) Local variable "lIn" of a managed type does not seem to be initialized
/mnt/win_share/OburecGH/Lazarus/RecorderLnx/./Device/mic185/uMic185Device.pas(886,39) Hint: (5092) Variable "ABlock" of a managed type does not seem to be initialized
/mnt/win_share/OburecGH/Lazarus/RecorderLnx/./Device/mic185/uMic185Device.pas(942,23) Hint: (5057) Local variable "lGroupOrder" does not seem to be initialized
/mnt/win_share/OburecGH/Lazarus/RecorderLnx/./Device/mic185/uRecorderMic185DataSource.pas(159,7) Warning: (2005) Comment level 2 found
/mnt/win_share/OburecGH/Lazarus/RecorderLnx/./Device/mic185/uRecorderMic185DataSource.pas(159,42) Warning: (2005) Comment level 2 found
/mnt/win_share/OburecGH/Lazarus/RecorderLnx/./Device/mic185/uRecorderMic185DataSource.pas(167,14) Warning: (2005) Comment level 2 found
/mnt/win_share/OburecGH/Lazarus/RecorderLnx/./Device/mic185/uRecorderMic185DataSource.pas(167,49) Warning: (2005) Comment level 2 found
/mnt/win_share/OburecGH/Lazarus/RecorderLnx/./Device/mic185/uRecorderMic185DataSource.pas(257,15) Note: (3250) Virtual method "PrepareHardware;" has a lower visibility (protected) than parent class TRecorderDataSourceBase (public)
(3104) Compiling ./Device/mic185/uRecorderMic185Calibration.pas
/mnt/win_share/OburecGH/Lazarus/RecorderLnx/./Device/mic185/uRecorderMic185Calibration.pas(328,19) Warning: (5093) function result variable of a managed type does not seem to be initialized
/mnt/win_share/OburecGH/Lazarus/RecorderLnx/./Device/mic185/uRecorderMic185Calibration.pas(534,17) Hint: (5057) Local variable "lInfo" does not seem to be initialized
(3104) Compiling ./Device/uRecorderDeviceConfigSignature.pas
/mnt/win_share/OburecGH/Lazarus/RecorderLnx/./Device/uRecorderDeviceConfigSignature.pas(25,50) Hint: (5024) Parameter "ARegistry" not used
/mnt/win_share/OburecGH/Lazarus/RecorderLnx/./Device/mic185/uRecorderMic185DataSource.pas(170,42) Hint: (5024) Parameter "ARegistry" not used
/mnt/win_share/OburecGH/Lazarus/RecorderLnx/./Device/mic185/uRecorderMic185DataSource.pas(1149,3) Note: (5025) Local variable "I" not used
/mnt/win_share/OburecGH/Lazarus/RecorderLnx/./Device/mic185/uRecorderMic185DataSource.pas(1250,48) Note: (6058) Call to subroutine "operator :=(const source:AnsiString):Variant;" marked as inline is not inlined
/mnt/win_share/OburecGH/Lazarus/RecorderLnx/./Device/mic185/uRecorderMic185DataSource.pas(1251,57) Note: (6058) Call to subroutine "operator :=(const source:LongInt):Variant;" marked as inline is not inlined
/mnt/win_share/OburecGH/Lazarus/RecorderLnx/./Device/mic185/uRecorderMic185DataSource.pas(1252,61) Note: (6058) Call to subroutine "operator :=(const source:Double):Variant;" marked as inline is not inlined
/mnt/win_share/OburecGH/Lazarus/RecorderLnx/./Device/mic185/uRecorderMic185DataSource.pas(1427,20) Hint: (5091) Local variable "lSums" of a managed type does not seem to be initialized
/mnt/win_share/OburecGH/Lazarus/RecorderLnx/./Device/mic185/uRecorderMic185DataSource.pas(1428,22) Hint: (5091) Local variable "lCounts" of a managed type does not seem to be initialized
/mnt/win_share/OburecGH/Lazarus/RecorderLnx/./Device/mic185/uRecorderMic185DataSource.pas(1568,48) Note: (6058) Call to subroutine "operator :=(const source:AnsiString):Variant;" marked as inline is not inlined
/mnt/win_share/OburecGH/Lazarus/RecorderLnx/./Device/mic185/uRecorderMic185DataSource.pas(1569,57) Note: (6058) Call to subroutine "operator :=(const source:LongInt):Variant;" marked as inline is not inlined
/mnt/win_share/OburecGH/Lazarus/RecorderLnx/./Device/mic185/uRecorderMic185DataSource.pas(1570,61) Note: (6058) Call to subroutine "operator :=(const source:Double):Variant;" marked as inline is not inlined
/mnt/win_share/OburecGH/Lazarus/RecorderLnx/./Device/mic185/uRecorderMic185DataSource.pas(1762,20) Warning: (4104) Implicit string type conversion from "AnsiString" to "WideString"
/mnt/win_share/OburecGH/Lazarus/RecorderLnx/./Device/mic185/uRecorderMic185DataSource.pas(1762,18) Warning: (4105) Implicit string type conversion with potential data loss from "WideString" to "AnsiString"
/mnt/win_share/OburecGH/Lazarus/RecorderLnx/./Device/mic185/uRecorderMic185DataSource.pas(1770,20) Warning: (4104) Implicit string type conversion from "AnsiString" to "WideString"
/mnt/win_share/OburecGH/Lazarus/RecorderLnx/./Device/mic185/uRecorderMic185DataSource.pas(1770,18) Warning: (4105) Implicit string type conversion with potential data loss from "WideString" to "AnsiString"
/mnt/win_share/OburecGH/Lazarus/RecorderLnx/./Device/mic185/uRecorderMic185DataSource.pas(37,27) Hint: (5024) Parameter "ATimeoutMs" not used
/mnt/win_share/OburecGH/Lazarus/RecorderLnx/./Device/mic185/uRecorderMic185DataSource.pas(2849,22) Hint: (5091) Local variable "lChannels" of a managed type does not seem to be initialized
/mnt/win_share/OburecGH/Lazarus/RecorderLnx/./Device/mic185/uRecorderMic185DataSource.pas(268,30) Hint: (5024) Parameter "AOwner" not used
/mnt/win_share/OburecGH/Lazarus/RecorderLnx/./Device/mic185/uRecorderMic185DataSource.pas(2943,46) Note: (6058) Call to subroutine "operator :=(const source:AnsiString):Variant;" marked as inline is not inlined
/mnt/win_share/OburecGH/Lazarus/RecorderLnx/./Device/mic185/uRecorderMic185DataSource.pas(2944,55) Note: (6058) Call to subroutine "operator :=(const source:LongInt):Variant;" marked as inline is not inlined
/mnt/win_share/OburecGH/Lazarus/RecorderLnx/./Device/mic185/uRecorderMic185DataSource.pas(2945,68) Note: (6058) Call to subroutine "operator :=(const source:Double):Variant;" marked as inline is not inlined
/mnt/win_share/OburecGH/Lazarus/RecorderLnx/./Device/mic185/uRecorderMic185DataSource.pas(2946,70) Note: (6058) Call to subroutine "operator :=(const source:LongInt):Variant;" marked as inline is not inlined
/mnt/win_share/OburecGH/Lazarus/RecorderLnx/./Device/mic185/uRecorderMic185DataSource.pas(3319,70) Note: (6058) Call to subroutine "operator :=(const source:Double):Variant;" marked as inline is not inlined
/mnt/win_share/OburecGH/Lazarus/RecorderLnx/./Device/mic185/uRecorderMic185DataSource.pas(3320,72) Note: (6058) Call to subroutine "operator :=(const source:LongInt):Variant;" marked as inline is not inlined
/mnt/win_share/OburecGH/Lazarus/RecorderLnx/./Device/mic185/uRecorderMic185DataSource.pas(3592,34) Hint: (5024) Parameter "AJson" not used
(3104) Compiling ./Device/MCbus/uRecorderMc201Calibration.pas
(3104) Compiling ./Device/MCbus/uRecorderMcbusDevice.pas
(3104) Compiling ./Device/MCbus/uMc032Device.pas
(3104) Compiling ./Device/MCbus/uMc201LegacyMdpClient.pas
(3104) Compiling ./Device/MCbus/uMc201ProtocolTypes.pas
/mnt/win_share/OburecGH/Lazarus/RecorderLnx/./Device/MCbus/uMc201ProtocolTypes.pas(286,18) Hint: (5091) Local variable "lGrid" of a managed type does not seem to be initialized
(3104) Compiling ./Device/MCbus/uMc201FirmwareResources.pas
(3104) Compiling ./Core/uRecorderResourcePaths.pas
/mnt/win_share/OburecGH/Lazarus/RecorderLnx/./Device/MCbus/uMc201FirmwareResources.pas(38,19) Hint: (5092) Variable "ABytes" of a managed type does not seem to be initialized
/mnt/win_share/OburecGH/Lazarus/RecorderLnx/./Device/MCbus/uMc201FirmwareResources.pas(54,19) Hint: (5092) Variable "ABytes" of a managed type does not seem to be initialized
/mnt/win_share/OburecGH/Lazarus/RecorderLnx/./Device/MCbus/uMc201LegacyMdpClient.pas(181,19) Hint: (5057) Local variable "lAddr" does not seem to be initialized
/mnt/win_share/OburecGH/Lazarus/RecorderLnx/./Device/MCbus/uMc201LegacyMdpClient.pas(183,23) Warning: (5043) Symbol "ShortHostToNet" is deprecated
/mnt/win_share/OburecGH/Lazarus/RecorderLnx/./Device/MCbus/uMc201LegacyMdpClient.pas(184,30) Warning: (5043) Symbol "HostToNet" is deprecated
/mnt/win_share/OburecGH/Lazarus/RecorderLnx/./Device/MCbus/uMc201LegacyMdpClient.pas(215,20) Hint: (5057) Local variable "lFds" does not seem to be initialized
/mnt/win_share/OburecGH/Lazarus/RecorderLnx/./Device/MCbus/uMc201LegacyMdpClient.pas(404,19) Hint: (5091) Local variable "lBytes" of a managed type does not seem to be initialized
/mnt/win_share/OburecGH/Lazarus/RecorderLnx/./Device/MCbus/uMc201LegacyMdpClient.pas(433,19) Hint: (5092) Variable "AWords" of a managed type does not seem to be initialized
/mnt/win_share/OburecGH/Lazarus/RecorderLnx/./Device/MCbus/uMc201LegacyMdpClient.pas(482,17) Hint: (5092) Variable "ARet" of a managed type does not seem to be initialized
/mnt/win_share/OburecGH/Lazarus/RecorderLnx/./Device/MCbus/uMc201LegacyMdpClient.pas(484,23) Hint: (5091) Local variable "lRequest" of a managed type does not seem to be initialized
/mnt/win_share/OburecGH/Lazarus/RecorderLnx/./Device/MCbus/uMc201LegacyMdpClient.pas(528,23) Hint: (5091) Local variable "lRequest" of a managed type does not seem to be initialized
/mnt/win_share/OburecGH/Lazarus/RecorderLnx/./Device/MCbus/uMc201LegacyMdpClient.pas(547,17) Hint: (5058) Variable "ABios" does not seem to be initialized
/mnt/win_share/OburecGH/Lazarus/RecorderLnx/./Device/MCbus/uMc201LegacyMdpClient.pas(561,18) Hint: (5091) Local variable "lArgs" of a managed type does not seem to be initialized
/mnt/win_share/OburecGH/Lazarus/RecorderLnx/./Device/MCbus/uMc201LegacyMdpClient.pas(602,18) Hint: (5092) Variable "AData" of a managed type does not seem to be initialized
/mnt/win_share/OburecGH/Lazarus/RecorderLnx/./Device/MCbus/uMc201LegacyMdpClient.pas(603,18) Hint: (5091) Local variable "lArgs" of a managed type does not seem to be initialized
/mnt/win_share/OburecGH/Lazarus/RecorderLnx/./Device/MCbus/uMc201LegacyMdpClient.pas(615,18) Hint: (5091) Local variable "lArgs" of a managed type does not seem to be initialized
/mnt/win_share/OburecGH/Lazarus/RecorderLnx/./Device/MCbus/uMc201LegacyMdpClient.pas(636,18) Hint: (5092) Variable "AData" of a managed type does not seem to be initialized
/mnt/win_share/OburecGH/Lazarus/RecorderLnx/./Device/MCbus/uMc201LegacyMdpClient.pas(643,20) Hint: (5091) Local variable "lArgs" of a managed type does not seem to be initialized
/mnt/win_share/OburecGH/Lazarus/RecorderLnx/./Device/MCbus/uMc201LegacyMdpClient.pas(684,20) Hint: (5091) Local variable "lArgs" of a managed type does not seem to be initialized
/mnt/win_share/OburecGH/Lazarus/RecorderLnx/./Device/MCbus/uMc201LegacyMdpClient.pas(710,18) Hint: (5091) Local variable "lArgs" of a managed type does not seem to be initialized
/mnt/win_share/OburecGH/Lazarus/RecorderLnx/./Device/MCbus/uMc201LegacyMdpClient.pas(779,80) Warning: (4104) Implicit string type conversion from "AnsiString" to "UnicodeString"
/mnt/win_share/OburecGH/Lazarus/RecorderLnx/./Device/MCbus/uMc201LegacyMdpClient.pas(779,78) Warning: (4105) Implicit string type conversion with potential data loss from "UnicodeString" to "AnsiString"
/mnt/win_share/OburecGH/Lazarus/RecorderLnx/./Device/MCbus/uMc201LegacyMdpClient.pas(782,23) Hint: (5091) Local variable "lBiosWords" of a managed type does not seem to be initialized
/mnt/win_share/OburecGH/Lazarus/RecorderLnx/./Device/MCbus/uMc201LegacyMdpClient.pas(801,18) Hint: (5091) Local variable "lVars" of a managed type does not seem to be initialized
/mnt/win_share/OburecGH/Lazarus/RecorderLnx/./Device/MCbus/uMc201LegacyMdpClient.pas(808,23) Hint: (5091) Local variable "lCodeWords" of a managed type does not seem to be initialized
/mnt/win_share/OburecGH/Lazarus/RecorderLnx/./Device/MCbus/uMc201LegacyMdpClient.pas(867,17) Hint: (5092) Variable "ARet" of a managed type does not seem to be initialized
/mnt/win_share/OburecGH/Lazarus/RecorderLnx/./Device/MCbus/uMc201LegacyMdpClient.pas(872,21) Hint: (5091) Local variable "lCommand" of a managed type does not seem to be initialized
/mnt/win_share/OburecGH/Lazarus/RecorderLnx/./Device/MCbus/uMc201LegacyMdpClient.pas(914,17) Hint: (5092) Variable "ARet" of a managed type does not seem to be initialized
/mnt/win_share/OburecGH/Lazarus/RecorderLnx/./Device/MCbus/uMc201LegacyMdpClient.pas(915,18) Hint: (5091) Local variable "lArgs" of a managed type does not seem to be initialized
/mnt/win_share/OburecGH/Lazarus/RecorderLnx/./Device/MCbus/uMc201LegacyMdpClient.pas(952,17) Hint: (5092) Variable "ARet" of a managed type does not seem to be initialized
/mnt/win_share/OburecGH/Lazarus/RecorderLnx/./Device/MCbus/uMc201LegacyMdpClient.pas(955,20) Hint: (5091) Local variable "lTail" of a managed type does not seem to be initialized
/mnt/win_share/OburecGH/Lazarus/RecorderLnx/./Device/MCbus/uMc201LegacyMdpClient.pas(962,22) Hint: (5091) Local variable "lFirstArg" of a managed type does not seem to be initialized
/mnt/win_share/OburecGH/Lazarus/RecorderLnx/./Device/MCbus/uMc201LegacyMdpClient.pas(17,22) Hint: (5023) Unit "ctypes" not used in uMc201LegacyMdpClient
/mnt/win_share/OburecGH/Lazarus/RecorderLnx/./Device/MCbus/uMc032Device.pas(668,21) Hint: (5091) Local variable "lWords" of a managed type does not seem to be initialized
/mnt/win_share/OburecGH/Lazarus/RecorderLnx/./Device/MCbus/uMc032Device.pas(837,3) Warning: (6018) unreachable code
/mnt/win_share/OburecGH/Lazarus/RecorderLnx/./Device/MCbus/uMc032Device.pas(1029,26) Hint: (5091) Local variable "lTestData" of a managed type does not seem to be initialized
/mnt/win_share/OburecGH/Lazarus/RecorderLnx/./Device/MCbus/uMc032Device.pas(1053,17) Hint: (5058) Variable "AInfo" does not seem to be initialized
/mnt/win_share/OburecGH/Lazarus/RecorderLnx/./Device/MCbus/uMc032Device.pas(1090,21) Hint: (5092) Variable "AModules" of a managed type does not seem to be initialized
/mnt/win_share/OburecGH/Lazarus/RecorderLnx/./Device/MCbus/uMc032Device.pas(1308,19) Hint: (5092) Variable "AWords" of a managed type does not seem to be initialized
/mnt/win_share/OburecGH/Lazarus/RecorderLnx/./Device/MCbus/uMc032Device.pas(1380,18) Hint: (5091) Local variable "lArgs" of a managed type does not seem to be initialized
/mnt/win_share/OburecGH/Lazarus/RecorderLnx/./Device/MCbus/uMc032Device.pas(1599,23) Hint: (5091) Local variable "lMessage" of a managed type does not seem to be initialized
/mnt/win_share/OburecGH/Lazarus/RecorderLnx/./Device/MCbus/uMc032Device.pas(1614,3) Note: (5027) Local variable "lQueued" is assigned but never used
/mnt/win_share/OburecGH/Lazarus/RecorderLnx/./Device/MCbus/uRecorderMcbusDevice.pas(46,34) Hint: (5024) Parameter "Sender" not used
/mnt/win_share/OburecGH/Lazarus/RecorderLnx/./Device/MCbus/uRecorderMcbusDevice.pas(580,43) Note: (6058) Call to subroutine "operator :=(const source:Word):Variant;" marked as inline is not inlined
/mnt/win_share/OburecGH/Lazarus/RecorderLnx/./Device/MCbus/uRecorderMcbusDevice.pas(581,29) Note: (6058) Call to subroutine "operator :=(const source:AnsiString):Variant;" marked as inline is not inlined
/mnt/win_share/OburecGH/Lazarus/RecorderLnx/./Device/MCbus/uRecorderMcbusDevice.pas(907,19) Hint: (5092) Variable "AMeans" of a managed type does not seem to be initialized
/mnt/win_share/OburecGH/Lazarus/RecorderLnx/./Device/MCbus/uRecorderMcbusDevice.pas(908,16) Hint: (5092) Variable "AOk" of a managed type does not seem to be initialized
/mnt/win_share/OburecGH/Lazarus/RecorderLnx/./Device/MCbus/uRecorderMcbusDevice.pas(909,20) Hint: (5091) Local variable "lCounts" of a managed type does not seem to be initialized
/mnt/win_share/OburecGH/Lazarus/RecorderLnx/./Device/MCbus/uRecorderMcbusDevice.pas(910,18) Hint: (5091) Local variable "lSums" of a managed type does not seem to be initialized
/mnt/win_share/OburecGH/Lazarus/RecorderLnx/./Device/MCbus/uRecorderMcbusDevice.pas(1022,19) Hint: (5092) Variable "AMeans" of a managed type does not seem to be initialized
/mnt/win_share/OburecGH/Lazarus/RecorderLnx/./Device/MCbus/uRecorderMcbusDevice.pas(1036,19) Hint: (5091) Local variable "lNeeds" of a managed type does not seem to be initialized
/mnt/win_share/OburecGH/Lazarus/RecorderLnx/./Device/MCbus/uRecorderMcbusDevice.pas(1037,22) Hint: (5091) Local variable "lOldCodes" of a managed type does not seem to be initialized
/mnt/win_share/OburecGH/Lazarus/RecorderLnx/./Device/MCbus/uRecorderMcbusDevice.pas(1038,19) Hint: (5091) Local variable "lCodes" of a managed type does not seem to be initialized
/mnt/win_share/OburecGH/Lazarus/RecorderLnx/./Device/MCbus/uRecorderMcbusDevice.pas(1196,19) Hint: (5091) Local variable "lChans" of a managed type does not seem to be initialized
/mnt/win_share/OburecGH/Lazarus/RecorderLnx/./Device/MCbus/uRecorderMcbusDevice.pas(1307,20) Hint: (5092) Variable "AValues" of a managed type does not seem to be initialized
/mnt/win_share/OburecGH/Lazarus/RecorderLnx/./Device/MCbus/uRecorderMcbusDevice.pas(1331,12) Warning: (4104) Implicit string type conversion from "AnsiString" to "UnicodeString"
/mnt/win_share/OburecGH/Lazarus/RecorderLnx/./Device/MCbus/uRecorderMcbusDevice.pas(1330,114) Warning: (4105) Implicit string type conversion with potential data loss from "UnicodeString" to "AnsiString"
/mnt/win_share/OburecGH/Lazarus/RecorderLnx/./Device/MCbus/uRecorderMc201Calibration.pas(147,19) Hint: (5091) Local variable "lBytes" of a managed type does not seem to be initialized
/mnt/win_share/OburecGH/Lazarus/RecorderLnx/./Device/MCbus/uRecorderMc201Calibration.pas(485,28) Warning: (4104) Implicit string type conversion from "AnsiString" to "UnicodeString"
/mnt/win_share/OburecGH/Lazarus/RecorderLnx/./Device/MCbus/uRecorderMc201Calibration.pas(485,44) Warning: (4105) Implicit string type conversion with potential data loss from "UnicodeString" to "AnsiString"
/mnt/win_share/OburecGH/Lazarus/RecorderLnx/./Device/MCbus/uRecorderMc201Calibration.pas(674,83) Warning: (4104) Implicit string type conversion from "AnsiString" to "UnicodeString"
/mnt/win_share/OburecGH/Lazarus/RecorderLnx/./Device/MCbus/uRecorderMc201Calibration.pas(674,81) Warning: (4105) Implicit string type conversion with potential data loss from "UnicodeString" to "AnsiString"
/mnt/win_share/OburecGH/Lazarus/RecorderLnx/./Device/MCbus/uRecorderMc201Calibration.pas(94,3) Hint: (5028) Local const "CMc201CalibLoOff" is not used
/mnt/win_share/OburecGH/Lazarus/RecorderLnx/./Device/MCbus/uRecorderMc201Calibration.pas(95,3) Hint: (5028) Local const "CMc201CalibHiOff" is not used
/mnt/win_share/OburecGH/Lazarus/RecorderLnx/./Device/MCbus/uRecorderMc201Calibration.pas(22,22) Hint: (5023) Unit "Types" not used in uRecorderMc201Calibration
(3104) Compiling ./Device/MCbus/UI/uRecorderMc032SettingsDialog.pas
(3104) Compiling ./Device/MCbus/uRecorderMcbusDataSource.pas
/mnt/win_share/OburecGH/Lazarus/RecorderLnx/./Device/MCbus/uRecorderMcbusDataSource.pas(268,28) Note: (6058) Call to subroutine "operator :=(const source:LongInt):Variant;" marked as inline is not inlined
/mnt/win_share/OburecGH/Lazarus/RecorderLnx/./Device/MCbus/uRecorderMcbusDataSource.pas(47,28) Hint: (5024) Parameter "ARegistry" not used
/mnt/win_share/OburecGH/Lazarus/RecorderLnx/./Device/MCbus/uRecorderMcbusDataSource.pas(309,46) Note: (6058) Call to subroutine "operator :=(const source:AnsiString):Variant;" marked as inline is not inlined
/mnt/win_share/OburecGH/Lazarus/RecorderLnx/./Device/MCbus/uRecorderMcbusDataSource.pas(310,55) Note: (6058) Call to subroutine "operator :=(const source:LongInt):Variant;" marked as inline is not inlined
/mnt/win_share/OburecGH/Lazarus/RecorderLnx/./Device/MCbus/uRecorderMcbusDataSource.pas(311,68) Note: (6058) Call to subroutine "operator :=(const source:Double):Variant;" marked as inline is not inlined
/mnt/win_share/OburecGH/Lazarus/RecorderLnx/./Device/MCbus/uRecorderMcbusDataSource.pas(312,70) Note: (6058) Call to subroutine "operator :=(const source:LongInt):Variant;" marked as inline is not inlined
/mnt/win_share/OburecGH/Lazarus/RecorderLnx/./Device/MCbus/uRecorderMcbusDataSource.pas(506,21) Hint: (5091) Local variable "lIndices" of a managed type does not seem to be initialized
/mnt/win_share/OburecGH/Lazarus/RecorderLnx/./Device/MCbus/uRecorderMcbusDataSource.pas(571,21) Hint: (5091) Local variable "lCodes" of a managed type does not seem to be initialized
/mnt/win_share/OburecGH/Lazarus/RecorderLnx/./Device/MCbus/uRecorderMcbusDataSource.pas(59,30) Hint: (5024) Parameter "AOwner" not used
/mnt/win_share/OburecGH/Lazarus/RecorderLnx/./Device/MCbus/UI/uRecorderMc032SettingsDialog.pas(235,71) Warning: (4104) Implicit string type conversion from "AnsiString" to "UnicodeString"
/mnt/win_share/OburecGH/Lazarus/RecorderLnx/./Device/MCbus/UI/uRecorderMc032SettingsDialog.pas(236,66) Warning: (4105) Implicit string type conversion with potential data loss from "UnicodeString" to "AnsiString"
/mnt/win_share/OburecGH/Lazarus/RecorderLnx/./Device/MCbus/UI/uRecorderMc032SettingsDialog.pas(46,31) Hint: (5024) Parameter "Sender" not used
/mnt/win_share/OburecGH/Lazarus/RecorderLnx/./Device/MCbus/UI/uRecorderMc032SettingsDialog.pas(263,100) Warning: (4104) Implicit string type conversion from "AnsiString" to "UnicodeString"
/mnt/win_share/OburecGH/Lazarus/RecorderLnx/./Device/MCbus/UI/uRecorderMc032SettingsDialog.pas(263,106) Warning: (4105) Implicit string type conversion with potential data loss from "UnicodeString" to "AnsiString"
/mnt/win_share/OburecGH/Lazarus/RecorderLnx/./Device/MCbus/UI/uRecorderMc032SettingsDialog.pas(47,25) Hint: (5024) Parameter "Sender" not used
/mnt/win_share/OburecGH/Lazarus/RecorderLnx/./Device/MCbus/UI/uRecorderMc032SettingsDialog.pas(312,100) Warning: (4104) Implicit string type conversion from "AnsiString" to "UnicodeString"
/mnt/win_share/OburecGH/Lazarus/RecorderLnx/./Device/MCbus/UI/uRecorderMc032SettingsDialog.pas(312,106) Warning: (4105) Implicit string type conversion with potential data loss from "UnicodeString" to "AnsiString"
/mnt/win_share/OburecGH/Lazarus/RecorderLnx/./Device/MCbus/UI/uRecorderMc032SettingsDialog.pas(322,75) Warning: (4104) Implicit string type conversion from "AnsiString" to "UnicodeString"
/mnt/win_share/OburecGH/Lazarus/RecorderLnx/./Device/MCbus/UI/uRecorderMc032SettingsDialog.pas(322,81) Warning: (4105) Implicit string type conversion with potential data loss from "UnicodeString" to "AnsiString"
/mnt/win_share/OburecGH/Lazarus/RecorderLnx/./Device/MCbus/UI/uRecorderMc032SettingsDialog.pas(48,28) Hint: (5024) Parameter "Sender" not used
/mnt/win_share/OburecGH/Lazarus/RecorderLnx/./Device/MCbus/UI/uRecorderMc032SettingsDialog.pas(362,63) Warning: (4104) Implicit string type conversion from "AnsiString" to "UnicodeString"
/mnt/win_share/OburecGH/Lazarus/RecorderLnx/./Device/MCbus/UI/uRecorderMc032SettingsDialog.pas(362,69) Warning: (4105) Implicit string type conversion with potential data loss from "UnicodeString" to "AnsiString"
/mnt/win_share/OburecGH/Lazarus/RecorderLnx/./Device/MCbus/UI/uRecorderMc032SettingsDialog.pas(34,3) Hint: (5023) Unit "Math" not used in uRecorderMc032SettingsDialog
/mnt/win_share/OburecGH/Lazarus/RecorderLnx/./UI/uTagSettingsDialog.pas(197,39) Hint: (5024) Parameter "Sender" not used
/mnt/win_share/OburecGH/Lazarus/RecorderLnx/./UI/uTagSettingsDialog.pas(170,34) Hint: (5024) Parameter "Sender" not used
/mnt/win_share/OburecGH/Lazarus/RecorderLnx/./UI/uTagSettingsDialog.pas(152,38) Hint: (5024) Parameter "Sender" not used
/mnt/win_share/OburecGH/Lazarus/RecorderLnx/./UI/uTagSettingsDialog.pas(202,46) Hint: (5024) Parameter "Sender" not used
/mnt/win_share/OburecGH/Lazarus/RecorderLnx/./UI/uTagSettingsDialog.pas(1471,61) Warning: (4104) Implicit string type conversion from "AnsiString" to "UnicodeString"
/mnt/win_share/OburecGH/Lazarus/RecorderLnx/./UI/uTagSettingsDialog.pas(1471,66) Warning: (4105) Implicit string type conversion with potential data loss from "UnicodeString" to "TTranslateString"
/mnt/win_share/OburecGH/Lazarus/RecorderLnx/./UI/uTagSettingsDialog.pas(169,32) Hint: (5024) Parameter "Sender" not used
/mnt/win_share/OburecGH/Lazarus/RecorderLnx/./UI/uTagSettingsDialog.pas(171,29) Hint: (5024) Parameter "Sender" not used
/mnt/win_share/OburecGH/Lazarus/RecorderLnx/./UI/uTagSettingsDialog.pas(172,44) Hint: (5024) Parameter "Sender" not used
/mnt/win_share/OburecGH/Lazarus/RecorderLnx/./UI/uTagSettingsDialog.pas(198,34) Hint: (5024) Parameter "Sender" not used
/mnt/win_share/OburecGH/Lazarus/RecorderLnx/./UI/uTagSettingsDialog.pas(200,42) Hint: (5024) Parameter "Sender" not used
/mnt/win_share/OburecGH/Lazarus/RecorderLnx/./UI/uTagSettingsDialog.pas(2094,36) Warning: (4104) Implicit string type conversion from "AnsiString" to "UnicodeString"
/mnt/win_share/OburecGH/Lazarus/RecorderLnx/./UI/uTagSettingsDialog.pas(2094,34) Warning: (4105) Implicit string type conversion with potential data loss from "UnicodeString" to "AnsiString"
/mnt/win_share/OburecGH/Lazarus/RecorderLnx/./UI/uTagSettingsDialog.pas(174,41) Hint: (5024) Parameter "Sender" not used
/mnt/win_share/OburecGH/Lazarus/RecorderLnx/./UI/uTagSettingsDialog.pas(175,44) Hint: (5024) Parameter "Sender" not used
/mnt/win_share/OburecGH/Lazarus/RecorderLnx/./UI/uTagSettingsDialog.pas(176,42) Hint: (5024) Parameter "Sender" not used
/mnt/win_share/OburecGH/Lazarus/RecorderLnx/./UI/uTagSettingsDialog.pas(2183,55) Warning: (4104) Implicit string type conversion from "AnsiString" to "UnicodeString"
/mnt/win_share/OburecGH/Lazarus/RecorderLnx/./UI/uTagSettingsDialog.pas(2184,71) Warning: (4105) Implicit string type conversion with potential data loss from "UnicodeString" to "AnsiString"
/mnt/win_share/OburecGH/Lazarus/RecorderLnx/./UI/uTagSettingsDialog.pas(173,41) Hint: (5024) Parameter "Sender" not used
/mnt/win_share/OburecGH/Lazarus/RecorderLnx/./UI/uTagSettingsDialog.pas(2279,103) Warning: (4104) Implicit string type conversion from "AnsiString" to "UnicodeString"
/mnt/win_share/OburecGH/Lazarus/RecorderLnx/./UI/uTagSettingsDialog.pas(2279,114) Warning: (4105) Implicit string type conversion with potential data loss from "UnicodeString" to "AnsiString"
/mnt/win_share/OburecGH/Lazarus/RecorderLnx/./UI/uTagSettingsDialog.pas(2290,9) Warning: (4104) Implicit string type conversion from "AnsiString" to "UnicodeString"
/mnt/win_share/OburecGH/Lazarus/RecorderLnx/./UI/uTagSettingsDialog.pas(2290,20) Warning: (4105) Implicit string type conversion with potential data loss from "UnicodeString" to "AnsiString"
/mnt/win_share/OburecGH/Lazarus/RecorderLnx/./UI/uTagSettingsDialog.pas(2295,5) Warning: (4104) Implicit string type conversion from "AnsiString" to "UnicodeString"
/mnt/win_share/OburecGH/Lazarus/RecorderLnx/./UI/uTagSettingsDialog.pas(2295,11) Warning: (4105) Implicit string type conversion with potential data loss from "UnicodeString" to "AnsiString"
/mnt/win_share/OburecGH/Lazarus/RecorderLnx/./UI/uTagSettingsDialog.pas(178,44) Hint: (5024) Parameter "Sender" not used
/mnt/win_share/OburecGH/Lazarus/RecorderLnx/./UI/uTagSettingsDialog.pas(179,52) Hint: (5024) Parameter "Sender" not used
/mnt/win_share/OburecGH/Lazarus/RecorderLnx/./UI/uTagSettingsDialog.pas(180,50) Hint: (5024) Parameter "Sender" not used
/mnt/win_share/OburecGH/Lazarus/RecorderLnx/./UI/uTagSettingsDialog.pas(2488,11) Warning: (4104) Implicit string type conversion from "AnsiString" to "UnicodeString"
/mnt/win_share/OburecGH/Lazarus/RecorderLnx/./UI/uTagSettingsDialog.pas(2488,23) Warning: (4105) Implicit string type conversion with potential data loss from "UnicodeString" to "AnsiString"
/mnt/win_share/OburecGH/Lazarus/RecorderLnx/./UI/uTagSettingsDialog.pas(181,58) Hint: (5024) Parameter "Sender" not used
(3104) Compiling ./UI/uRecorderFrequencyBandsDialog.pas
/mnt/win_share/OburecGH/Lazarus/RecorderLnx/./UI/uRecorderFrequencyBandsDialog.pas(306,45) Warning: (4104) Implicit string type conversion from "AnsiString" to "UnicodeString"
/mnt/win_share/OburecGH/Lazarus/RecorderLnx/./UI/uRecorderFrequencyBandsDialog.pas(306,75) Warning: (4105) Implicit string type conversion with potential data loss from "UnicodeString" to "AnsiString"
/mnt/win_share/OburecGH/Lazarus/RecorderLnx/./UI/uRecorderFrequencyBandsDialog.pas(31,28) Hint: (5024) Parameter "Sender" not used
/mnt/win_share/OburecGH/Lazarus/RecorderLnx/./UI/uRecorderFrequencyBandsDialog.pas(32,31) Hint: (5024) Parameter "Sender" not used
/mnt/win_share/OburecGH/Lazarus/RecorderLnx/./UI/uRecorderFrequencyBandsDialog.pas(33,30) Hint: (5024) Parameter "Sender" not used
/mnt/win_share/OburecGH/Lazarus/RecorderLnx/./UI/uRecorderFrequencyBandsDialog.pas(34,28) Hint: (5024) Parameter "Sender" not used
/mnt/win_share/OburecGH/Lazarus/RecorderLnx/./UI/uRecorderFrequencyBandsDialog.pas(35,31) Hint: (5024) Parameter "Sender" not used
/mnt/win_share/OburecGH/Lazarus/RecorderLnx/./UI/uRecorderFrequencyBandsDialog.pas(36,29) Hint: (5024) Parameter "Sender" not used
(3104) Compiling ./Core/uRecorderTagBalance.pas
/mnt/win_share/OburecGH/Lazarus/RecorderLnx/./Core/uRecorderTagBalance.pas(59,25) Hint: (5024) Parameter "Sender" not used
/mnt/win_share/OburecGH/Lazarus/RecorderLnx/./Core/uRecorderTagBalance.pas(18,3) Hint: (5024) Parameter "ARegistry" not used
/mnt/win_share/OburecGH/Lazarus/RecorderLnx/./Core/uRecorderTagBalance.pas(15,40) Hint: (5023) Unit "Contnrs" not used in uRecorderTagBalance
(3104) Compiling ./UI/uRecorderSettingsSourceProbe.pas
(3104) Compiling ./Device/MCbus/UI/uRecorderMc201SlotSettingsDialog.pas
/mnt/win_share/OburecGH/Lazarus/RecorderLnx/./Device/MCbus/UI/uRecorderMc201SlotSettingsDialog.pas(181,85) Warning: (4104) Implicit string type conversion from "AnsiString" to "UnicodeString"
/mnt/win_share/OburecGH/Lazarus/RecorderLnx/./Device/MCbus/UI/uRecorderMc201SlotSettingsDialog.pas(181,92) Warning: (4105) Implicit string type conversion with potential data loss from "UnicodeString" to "AnsiString"
/mnt/win_share/OburecGH/Lazarus/RecorderLnx/./Device/MCbus/UI/uRecorderMc201SlotSettingsDialog.pas(96,30) Hint: (5024) Parameter "Sender" not used
/mnt/win_share/OburecGH/Lazarus/RecorderLnx/./Device/MCbus/UI/uRecorderMc201SlotSettingsDialog.pas(75,24) Hint: (5024) Parameter "Sender" not used
/mnt/win_share/OburecGH/Lazarus/RecorderLnx/./Device/MCbus/UI/uRecorderMc201SlotSettingsDialog.pas(78,31) Hint: (5024) Parameter "Sender" not used
/mnt/win_share/OburecGH/Lazarus/RecorderLnx/./Device/MCbus/UI/uRecorderMc201SlotSettingsDialog.pas(76,23) Hint: (5024) Parameter "Sender" not used
/mnt/win_share/OburecGH/Lazarus/RecorderLnx/./Device/MCbus/UI/uRecorderMc201SlotSettingsDialog.pas(692,40) Warning: (2005) Comment level 2 found
/mnt/win_share/OburecGH/Lazarus/RecorderLnx/./Device/MCbus/UI/uRecorderMc201SlotSettingsDialog.pas(692,53) Warning: (2005) Comment level 2 found
(3104) Compiling ./UI/uRecorderVirtualTagDialog.pas
/mnt/win_share/OburecGH/Lazarus/RecorderLnx/./UI/uRecorderVirtualTagDialog.pas(21,30) Hint: (5024) Parameter "Sender" not used
/mnt/win_share/OburecGH/Lazarus/RecorderLnx/./UI/uRecorderVirtualTagDialog.pas(20,26) Hint: (5024) Parameter "Sender" not used
(3104) Compiling ./UI/uRecorderDeviceSearchDialog.pas
/mnt/win_share/OburecGH/Lazarus/RecorderLnx/./UI/uRecorderDeviceSearchDialog.pas(27,33) Hint: (5024) Parameter "Sender" not used
/mnt/win_share/OburecGH/Lazarus/RecorderLnx/./UI/uRecorderDeviceSearchDialog.pas(28,35) Hint: (5024) Parameter "Sender" not used
(3104) Compiling ./Core/uRecorderTagTableExchange.pas
(3104) Compiling /mnt/win_share/OburecGH/Lazarus/third_party/fpspreadsheet/xlsxooxml.pas
(3104) Compiling /mnt/win_share/OburecGH/Lazarus/third_party/fpspreadsheet/fpspalette.pas
(3104) Compiling /mnt/win_share/OburecGH/Lazarus/third_party/fpspreadsheet/xlscommon.pas
/mnt/win_share/OburecGH/Lazarus/third_party/fpspreadsheet/xlscommon.pas(1139,18) Hint: (5091) Local variable "s" of a managed type does not seem to be initialized
/mnt/win_share/OburecGH/Lazarus/third_party/fpspreadsheet/xlscommon.pas(1357,14) Hint: (5091) Local variable "s" of a managed type does not seem to be initialized
/mnt/win_share/OburecGH/Lazarus/third_party/fpspreadsheet/xlscommon.pas(1550,9) Warning: (4045) Comparison might be always true due to range of constant and expression
/mnt/win_share/OburecGH/Lazarus/third_party/fpspreadsheet/xlscommon.pas(2138,14) Hint: (5091) Local variable "s" of a managed type does not seem to be initialized
/mnt/win_share/OburecGH/Lazarus/third_party/fpspreadsheet/xlscommon.pas(3730,16) Note: (6058) Call to subroutine "operator :=(const source:ShortInt):Variant;" marked as inline is not inlined
/mnt/win_share/OburecGH/Lazarus/third_party/fpspreadsheet/xlscommon.pas(3746,30) Note: (6058) Call to subroutine "operator :=(const source:Variant):Double;" marked as inline is not inlined
/mnt/win_share/OburecGH/Lazarus/third_party/fpspreadsheet/xlscommon.pas(3761,34) Note: (6058) Call to subroutine "operator =(const op1:Variant;const op2:Variant):Boolean;" marked as inline is not inlined
/mnt/win_share/OburecGH/Lazarus/third_party/fpspreadsheet/xlscommon.pas(3761,34) Note: (6058) Call to subroutine "operator :=(const source:ShortInt):Variant;" marked as inline is not inlined
/mnt/win_share/OburecGH/Lazarus/third_party/fpspreadsheet/xlscommon.pas(3765,16) Note: (6058) Call to subroutine "operator :=(const source:ShortInt):Variant;" marked as inline is not inlined
/mnt/win_share/OburecGH/Lazarus/third_party/fpspreadsheet/xlscommon.pas(568,8) Hint: (5023) Unit "fpspatches" not used in xlscommon
/mnt/win_share/OburecGH/Lazarus/third_party/fpspreadsheet/xlsxooxml.pas(2533,18) Note: (6058) Call to subroutine "operator :=(const source:ShortInt):Variant;" marked as inline is not inlined
/mnt/win_share/OburecGH/Lazarus/third_party/fpspreadsheet/xlsxooxml.pas(2550,32) Note: (6058) Call to subroutine "operator :=(const source:Variant):Double;" marked as inline is not inlined
/mnt/win_share/OburecGH/Lazarus/third_party/fpspreadsheet/xlsxooxml.pas(2565,36) Note: (6058) Call to subroutine "operator =(const op1:Variant;const op2:Variant):Boolean;" marked as inline is not inlined
/mnt/win_share/OburecGH/Lazarus/third_party/fpspreadsheet/xlsxooxml.pas(2565,36) Note: (6058) Call to subroutine "operator :=(const source:ShortInt):Variant;" marked as inline is not inlined
/mnt/win_share/OburecGH/Lazarus/third_party/fpspreadsheet/xlsxooxml.pas(2568,9) Note: (6058) Call to subroutine "procedure VarClear(var V:Variant);" marked as inline is not inlined
/mnt/win_share/OburecGH/Lazarus/third_party/fpspreadsheet/xlsxooxml.pas(221,6) Hint: (5028) Local const "OOXML_PATH_RELS" is not used
/mnt/win_share/OburecGH/Lazarus/third_party/fpspreadsheet/xlsxooxml.pas(224,6) Hint: (5028) Local const "OOXML_PATH_XL_RELS" is not used
/mnt/win_share/OburecGH/Lazarus/third_party/fpspreadsheet/xlsxooxml.pas(209,8) Hint: (5023) Unit "fpspatches" not used in xlsxooxml
/mnt/win_share/OburecGH/Lazarus/RecorderLnx/./Core/uRecorderTagTableExchange.pas(198,19) Hint: (5058) Variable "AResult" does not seem to be initialized
/mnt/win_share/OburecGH/Lazarus/RecorderLnx/./Core/uRecorderTagTableExchange.pas(392,6) Warning: (4104) Implicit string type conversion from "AnsiString" to "UnicodeString"
/mnt/win_share/OburecGH/Lazarus/RecorderLnx/./Core/uRecorderTagTableExchange.pas(392,26) Warning: (4104) Implicit string type conversion from "AnsiString" to "UnicodeString"
/mnt/win_share/OburecGH/Lazarus/RecorderLnx/./Core/uRecorderTagTableExchange.pas(395,6) Warning: (4104) Implicit string type conversion from "AnsiString" to "UnicodeString"
/mnt/win_share/OburecGH/Lazarus/RecorderLnx/./Core/uRecorderTagTableExchange.pas(395,28) Warning: (4104) Implicit string type conversion from "AnsiString" to "UnicodeString"
/mnt/win_share/OburecGH/Lazarus/RecorderLnx/./Core/uRecorderTagTableExchange.pas(727,26) Hint: (5091) Local variable "lUniqueRows" of a managed type does not seem to be initialized
/mnt/win_share/OburecGH/Lazarus/RecorderLnx/./Core/uRecorderTagTableExchange.pas(927,20) Hint: (5091) Local variable "lRows" of a managed type does not seem to be initialized
/mnt/win_share/OburecGH/Lazarus/RecorderLnx/./UI/uRecorderSettingsDialog.pas(440,22) Warning: (4104) Implicit string type conversion from "AnsiString" to "UnicodeString"
/mnt/win_share/OburecGH/Lazarus/RecorderLnx/./UI/uRecorderSettingsDialog.pas(441,124) Warning: (4105) Implicit string type conversion with potential data loss from "UnicodeString" to "AnsiString"
/mnt/win_share/OburecGH/Lazarus/RecorderLnx/./UI/uRecorderSettingsDialog.pas(144,31) Hint: (5024) Parameter "Sender" not used
/mnt/win_share/OburecGH/Lazarus/RecorderLnx/./UI/uRecorderSettingsDialog.pas(145,7) Hint: (5024) Parameter "State" not used
/mnt/win_share/OburecGH/Lazarus/RecorderLnx/./UI/uRecorderSettingsDialog.pas(143,31) Hint: (5024) Parameter "Sender" not used
/mnt/win_share/OburecGH/Lazarus/RecorderLnx/./UI/uRecorderSettingsDialog.pas(147,32) Hint: (5024) Parameter "Sender" not used
/mnt/win_share/OburecGH/Lazarus/RecorderLnx/./UI/uRecorderSettingsDialog.pas(148,7) Hint: (5024) Parameter "Shift" not used
/mnt/win_share/OburecGH/Lazarus/RecorderLnx/./UI/uRecorderSettingsDialog.pas(150,37) Hint: (5024) Parameter "Sender" not used
/mnt/win_share/OburecGH/Lazarus/RecorderLnx/./UI/uRecorderSettingsDialog.pas(151,36) Hint: (5024) Parameter "Sender" not used
/mnt/win_share/OburecGH/Lazarus/RecorderLnx/./UI/uRecorderSettingsDialog.pas(152,38) Hint: (5024) Parameter "Sender" not used
/mnt/win_share/OburecGH/Lazarus/RecorderLnx/./UI/uRecorderSettingsDialog.pas(153,35) Hint: (5024) Parameter "Sender" not used
/mnt/win_share/OburecGH/Lazarus/RecorderLnx/./UI/uRecorderSettingsDialog.pas(154,36) Hint: (5024) Parameter "Sender" not used
/mnt/win_share/OburecGH/Lazarus/RecorderLnx/./UI/uRecorderSettingsDialog.pas(155,34) Hint: (5024) Parameter "Sender" not used
/mnt/win_share/OburecGH/Lazarus/RecorderLnx/./UI/uRecorderSettingsDialog.pas(156,34) Hint: (5024) Parameter "Sender" not used
/mnt/win_share/OburecGH/Lazarus/RecorderLnx/./UI/uRecorderSettingsDialog.pas(267,46) Hint: (5024) Parameter "Sender" not used
/mnt/win_share/OburecGH/Lazarus/RecorderLnx/./UI/uRecorderSettingsDialog.pas(2257,23) Warning: (4104) Implicit string type conversion from "AnsiString" to "UnicodeString"
/mnt/win_share/OburecGH/Lazarus/RecorderLnx/./UI/uRecorderSettingsDialog.pas(2257,66) Warning: (4105) Implicit string type conversion with potential data loss from "UnicodeString" to "AnsiString"
/mnt/win_share/OburecGH/Lazarus/RecorderLnx/./UI/uRecorderSettingsDialog.pas(2300,25) Warning: (4104) Implicit string type conversion from "TTranslateString" to "UnicodeString"
/mnt/win_share/OburecGH/Lazarus/RecorderLnx/./UI/uRecorderSettingsDialog.pas(2524,7) Warning: (4104) Implicit string type conversion from "AnsiString" to "UnicodeString"
/mnt/win_share/OburecGH/Lazarus/RecorderLnx/./UI/uRecorderSettingsDialog.pas(2524,48) Warning: (4105) Implicit string type conversion with potential data loss from "UnicodeString" to "TTranslateString"
/mnt/win_share/OburecGH/Lazarus/RecorderLnx/./UI/uRecorderSettingsDialog.pas(188,38) Hint: (5024) Parameter "Sender" not used
/mnt/win_share/OburecGH/Lazarus/RecorderLnx/./UI/uRecorderSettingsDialog.pas(189,7) Hint: (5024) Parameter "Shift" not used
/mnt/win_share/OburecGH/Lazarus/RecorderLnx/./UI/uRecorderSettingsDialog.pas(190,59) Hint: (5024) Parameter "Shift" not used
/mnt/win_share/OburecGH/Lazarus/RecorderLnx/./UI/uRecorderSettingsDialog.pas(191,44) Hint: (5024) Parameter "Sender" not used
/mnt/win_share/OburecGH/Lazarus/RecorderLnx/./UI/uRecorderSettingsDialog.pas(2996,56) Warning: (4104) Implicit string type conversion from "RawByteString" to "UnicodeString"
/mnt/win_share/OburecGH/Lazarus/RecorderLnx/./UI/uRecorderSettingsDialog.pas(2996,105) Warning: (4105) Implicit string type conversion with potential data loss from "UnicodeString" to "AnsiString"
/mnt/win_share/OburecGH/Lazarus/RecorderLnx/./UI/uRecorderSettingsDialog.pas(3025,84) Warning: (4104) Implicit string type conversion from "AnsiString" to "UnicodeString"
/mnt/win_share/OburecGH/Lazarus/RecorderLnx/./UI/uRecorderSettingsDialog.pas(3025,97) Warning: (4105) Implicit string type conversion with potential data loss from "UnicodeString" to "AnsiString"
/mnt/win_share/OburecGH/Lazarus/RecorderLnx/./UI/uRecorderSettingsDialog.pas(3139,63) Warning: (4104) Implicit string type conversion from "AnsiString" to "UnicodeString"
/mnt/win_share/OburecGH/Lazarus/RecorderLnx/./UI/uRecorderSettingsDialog.pas(3139,73) Warning: (4105) Implicit string type conversion with potential data loss from "UnicodeString" to "TTranslateString"
/mnt/win_share/OburecGH/Lazarus/RecorderLnx/./UI/uRecorderSettingsDialog.pas(195,32) Hint: (5024) Parameter "Sender" not used
/mnt/win_share/OburecGH/Lazarus/RecorderLnx/./UI/uRecorderSettingsDialog.pas(3330,19) Warning: (4104) Implicit string type conversion from "AnsiString" to "UnicodeString"
/mnt/win_share/OburecGH/Lazarus/RecorderLnx/./UI/uRecorderSettingsDialog.pas(3330,28) Warning: (4105) Implicit string type conversion with potential data loss from "UnicodeString" to "AnsiString"
/mnt/win_share/OburecGH/Lazarus/RecorderLnx/./UI/uRecorderSettingsDialog.pas(284,35) Hint: (5024) Parameter "Sender" not used
/mnt/win_share/OburecGH/Lazarus/RecorderLnx/./UI/uRecorderSettingsDialog.pas(181,35) Hint: (5024) Parameter "Sender" not used
/mnt/win_share/OburecGH/Lazarus/RecorderLnx/./UI/uRecorderSettingsDialog.pas(3929,30) Warning: (4104) Implicit string type conversion from "AnsiString" to "UnicodeString"
/mnt/win_share/OburecGH/Lazarus/RecorderLnx/./UI/uRecorderSettingsDialog.pas(294,38) Hint: (5024) Parameter "Sender" not used
/mnt/win_share/OburecGH/Lazarus/RecorderLnx/./UI/uRecorderSettingsDialog.pas(295,30) Hint: (5024) Parameter "Sender" not used
/mnt/win_share/OburecGH/Lazarus/RecorderLnx/./UI/uRecorderSettingsDialog.pas(301,41) Hint: (5024) Parameter "Sender" not used
/mnt/win_share/OburecGH/Lazarus/RecorderLnx/./UI/uRecorderSettingsDialog.pas(302,41) Hint: (5024) Parameter "Sender" not used
/mnt/win_share/OburecGH/Lazarus/RecorderLnx/./UI/uRecorderSettingsDialog.pas(4203,21) Hint: (5091) Local variable "lTasks" of a managed type does not seem to be initialized
/mnt/win_share/OburecGH/Lazarus/RecorderLnx/./UI/uRecorderSettingsDialog.pas(4204,26) Hint: (5091) Local variable "lProcedures" of a managed type does not seem to be initialized
/mnt/win_share/OburecGH/Lazarus/RecorderLnx/./UI/uRecorderSettingsDialog.pas(4266,28) Hint: (5091) Local variable "lRetryTasks" of a managed type does not seem to be initialized
/mnt/win_share/OburecGH/Lazarus/RecorderLnx/./UI/uRecorderSettingsDialog.pas(4267,33) Hint: (5091) Local variable "lRetryProcedures" of a managed type does not seem to be initialized
/mnt/win_share/OburecGH/Lazarus/RecorderLnx/./UI/uRecorderSettingsDialog.pas(4342,71) Warning: (4104) Implicit string type conversion from "AnsiString" to "UnicodeString"
/mnt/win_share/OburecGH/Lazarus/RecorderLnx/./UI/uRecorderSettingsDialog.pas(4342,76) Warning: (4105) Implicit string type conversion with potential data loss from "UnicodeString" to "AnsiString"
/mnt/win_share/OburecGH/Lazarus/RecorderLnx/./UI/uRecorderSettingsDialog.pas(304,44) Hint: (5024) Parameter "Sender" not used
/mnt/win_share/OburecGH/Lazarus/RecorderLnx/./UI/uRecorderSettingsDialog.pas(305,41) Hint: (5024) Parameter "Sender" not used
/mnt/win_share/OburecGH/Lazarus/RecorderLnx/./UI/uRecorderSettingsDialog.pas(306,39) Hint: (5024) Parameter "Sender" not used
/mnt/win_share/OburecGH/Lazarus/RecorderLnx/./UI/uRecorderSettingsDialog.pas(4417,67) Warning: (4104) Implicit string type conversion from "AnsiString" to "UnicodeString"
/mnt/win_share/OburecGH/Lazarus/RecorderLnx/./UI/uRecorderSettingsDialog.pas(4418,3) Warning: (4105) Implicit string type conversion with potential data loss from "UnicodeString" to "TTranslateString"
/mnt/win_share/OburecGH/Lazarus/RecorderLnx/./UI/uRecorderSettingsDialog.pas(182,38) Hint: (5024) Parameter "Sender" not used
/mnt/win_share/OburecGH/Lazarus/RecorderLnx/./UI/uRecorderSettingsDialog.pas(182,55) Hint: (5024) Parameter "Shift" not used
/mnt/win_share/OburecGH/Lazarus/RecorderLnx/./UI/uRecorderSettingsDialog.pas(4481,29) Warning: (4104) Implicit string type conversion from "AnsiString" to "UnicodeString"
/mnt/win_share/OburecGH/Lazarus/RecorderLnx/./UI/uRecorderSettingsDialog.pas(4481,41) Warning: (4105) Implicit string type conversion with potential data loss from "UnicodeString" to "AnsiString"
/mnt/win_share/OburecGH/Lazarus/RecorderLnx/./UI/uRecorderSettingsDialog.pas(184,38) Hint: (5024) Parameter "Sender" not used
/mnt/win_share/OburecGH/Lazarus/RecorderLnx/./UI/uRecorderSettingsDialog.pas(185,7) Hint: (5024) Parameter "Shift" not used
/mnt/win_share/OburecGH/Lazarus/RecorderLnx/./UI/uRecorderSettingsDialog.pas(192,34) Hint: (5024) Parameter "Sender" not used
/mnt/win_share/OburecGH/Lazarus/RecorderLnx/./UI/uRecorderSettingsDialog.pas(194,40) Hint: (5024) Parameter "Sender" not used
/mnt/win_share/OburecGH/Lazarus/RecorderLnx/./UI/uRecorderSettingsDialog.pas(133,32) Hint: (5024) Parameter "Sender" not used
/mnt/win_share/OburecGH/Lazarus/RecorderLnx/./UI/uRecorderSettingsDialog.pas(134,29) Hint: (5024) Parameter "Sender" not used
/mnt/win_share/OburecGH/Lazarus/RecorderLnx/./UI/uRecorderSettingsDialog.pas(135,32) Hint: (5024) Parameter "Sender" not used
/mnt/win_share/OburecGH/Lazarus/RecorderLnx/./UI/uRecorderSettingsDialog.pas(136,33) Hint: (5024) Parameter "Sender" not used
/mnt/win_share/OburecGH/Lazarus/RecorderLnx/./UI/uRecorderSettingsDialog.pas(137,34) Hint: (5024) Parameter "Sender" not used
/mnt/win_share/OburecGH/Lazarus/RecorderLnx/./UI/uRecorderSettingsDialog.pas(138,37) Hint: (5024) Parameter "Sender" not used
/mnt/win_share/OburecGH/Lazarus/RecorderLnx/./UI/uRecorderSettingsDialog.pas(167,7) Hint: (5024) Parameter "Shift" not used
/mnt/win_share/OburecGH/Lazarus/RecorderLnx/./UI/uRecorderSettingsDialog.pas(157,46) Hint: (5024) Parameter "Sender" not used
/mnt/win_share/OburecGH/Lazarus/RecorderLnx/./UI/uRecorderSettingsDialog.pas(139,35) Hint: (5024) Parameter "Sender" not used
/mnt/win_share/OburecGH/Lazarus/RecorderLnx/./UI/uRecorderSettingsDialog.pas(5528,53) Warning: (4104) Implicit string type conversion from "AnsiString" to "UnicodeString"
/mnt/win_share/OburecGH/Lazarus/RecorderLnx/./UI/uRecorderSettingsDialog.pas(5528,76) Warning: (4105) Implicit string type conversion with potential data loss from "UnicodeString" to "TTranslateString"
/mnt/win_share/OburecGH/Lazarus/RecorderLnx/./UI/uRecorderSettingsDialog.pas(322,33) Hint: (5024) Parameter "Sender" not used
/mnt/win_share/OburecGH/Lazarus/RecorderLnx/./UI/uRecorderSettingsDialog.pas(5612,67) Warning: (4104) Implicit string type conversion from "AnsiString" to "UnicodeString"
/mnt/win_share/OburecGH/Lazarus/RecorderLnx/./UI/uRecorderSettingsDialog.pas(5612,77) Warning: (4105) Implicit string type conversion with potential data loss from "UnicodeString" to "AnsiString"
/mnt/win_share/OburecGH/Lazarus/RecorderLnx/./UI/uRecorderSettingsDialog.pas(5621,65) Warning: (4104) Implicit string type conversion from "AnsiString" to "UnicodeString"
/mnt/win_share/OburecGH/Lazarus/RecorderLnx/./UI/uRecorderSettingsDialog.pas(5621,74) Warning: (4105) Implicit string type conversion with potential data loss from "UnicodeString" to "AnsiString"
/mnt/win_share/OburecGH/Lazarus/RecorderLnx/./UI/uRecorderSettingsDialog.pas(5625,31) Warning: (4104) Implicit string type conversion from "AnsiString" to "UnicodeString"
/mnt/win_share/OburecGH/Lazarus/RecorderLnx/./UI/uRecorderSettingsDialog.pas(5626,38) Warning: (4104) Implicit string type conversion from "AnsiString" to "UnicodeString"
/mnt/win_share/OburecGH/Lazarus/RecorderLnx/./UI/uRecorderSettingsDialog.pas(5627,38) Warning: (4104) Implicit string type conversion from "AnsiString" to "UnicodeString"
/mnt/win_share/OburecGH/Lazarus/RecorderLnx/./UI/uRecorderSettingsDialog.pas(5628,44) Warning: (4104) Implicit string type conversion from "AnsiString" to "UnicodeString"
/mnt/win_share/OburecGH/Lazarus/RecorderLnx/./UI/uRecorderSettingsDialog.pas(5629,28) Warning: (4104) Implicit string type conversion from "AnsiString" to "UnicodeString"
/mnt/win_share/OburecGH/Lazarus/RecorderLnx/./UI/uRecorderSettingsDialog.pas(5631,33) Warning: (4105) Implicit string type conversion with potential data loss from "UnicodeString" to "AnsiString"
/mnt/win_share/OburecGH/Lazarus/RecorderLnx/./UI/uRecorderSettingsDialog.pas(5640,79) Warning: (4104) Implicit string type conversion from "AnsiString" to "UnicodeString"
/mnt/win_share/OburecGH/Lazarus/RecorderLnx/./UI/uRecorderSettingsDialog.pas(5640,87) Warning: (4105) Implicit string type conversion with potential data loss from "UnicodeString" to "AnsiString"
/mnt/win_share/OburecGH/Lazarus/RecorderLnx/./UI/uRecorderSettingsDialog.pas(5653,98) Warning: (4104) Implicit string type conversion from "AnsiString" to "UnicodeString"
/mnt/win_share/OburecGH/Lazarus/RecorderLnx/./UI/uRecorderSettingsDialog.pas(5653,106) Warning: (4105) Implicit string type conversion with potential data loss from "UnicodeString" to "AnsiString"
/mnt/win_share/OburecGH/Lazarus/RecorderLnx/./UI/uRecorderSettingsDialog.pas(323,30) Hint: (5024) Parameter "Sender" not used
/mnt/win_share/OburecGH/Lazarus/RecorderLnx/./UI/uRecorderSettingsDialog.pas(5687,94) Warning: (4104) Implicit string type conversion from "AnsiString" to "UnicodeString"
/mnt/win_share/OburecGH/Lazarus/RecorderLnx/./UI/uRecorderSettingsDialog.pas(5687,102) Warning: (4105) Implicit string type conversion with potential data loss from "UnicodeString" to "AnsiString"
/mnt/win_share/OburecGH/Lazarus/RecorderLnx/./UI/uRecorderSettingsDialog.pas(324,33) Hint: (5024) Parameter "Sender" not used
/mnt/win_share/OburecGH/Lazarus/RecorderLnx/./UI/uRecorderSettingsDialog.pas(5709,7) Warning: (4104) Implicit string type conversion from "AnsiString" to "UnicodeString"
/mnt/win_share/OburecGH/Lazarus/RecorderLnx/./UI/uRecorderSettingsDialog.pas(5709,17) Warning: (4105) Implicit string type conversion with potential data loss from "UnicodeString" to "AnsiString"
/mnt/win_share/OburecGH/Lazarus/RecorderLnx/./UI/uRecorderSettingsDialog.pas(5740,83) Warning: (4104) Implicit string type conversion from "AnsiString" to "UnicodeString"
/mnt/win_share/OburecGH/Lazarus/RecorderLnx/./UI/uRecorderSettingsDialog.pas(5740,99) Warning: (4105) Implicit string type conversion with potential data loss from "UnicodeString" to "AnsiString"
/mnt/win_share/OburecGH/Lazarus/RecorderLnx/./UI/uRecorderSettingsDialog.pas(5746,11) Warning: (4104) Implicit string type conversion from "AnsiString" to "UnicodeString"
/mnt/win_share/OburecGH/Lazarus/RecorderLnx/./UI/uRecorderSettingsDialog.pas(5746,56) Warning: (4104) Implicit string type conversion from "AnsiString" to "UnicodeString"
/mnt/win_share/OburecGH/Lazarus/RecorderLnx/./UI/uRecorderSettingsDialog.pas(5746,74) Warning: (4105) Implicit string type conversion with potential data loss from "UnicodeString" to "AnsiString"
/mnt/win_share/OburecGH/Lazarus/RecorderLnx/./UI/uRecorderSettingsDialog.pas(5750,76) Warning: (4104) Implicit string type conversion from "AnsiString" to "UnicodeString"
/mnt/win_share/OburecGH/Lazarus/RecorderLnx/./UI/uRecorderSettingsDialog.pas(5750,84) Warning: (4105) Implicit string type conversion with potential data loss from "UnicodeString" to "AnsiString"
/mnt/win_share/OburecGH/Lazarus/RecorderLnx/./UI/uRecorderSettingsDialog.pas(193,37) Hint: (5024) Parameter "Sender" not used
/mnt/win_share/OburecGH/Lazarus/RecorderLnx/./UI/uRecorderSettingsDialog.pas(5778,20) Warning: (4104) Implicit string type conversion from "AnsiString" to "UnicodeString"
/mnt/win_share/OburecGH/Lazarus/RecorderLnx/./UI/uRecorderSettingsDialog.pas(5778,35) Warning: (4105) Implicit string type conversion with potential data loss from "UnicodeString" to "AnsiString"
/mnt/win_share/OburecGH/Lazarus/RecorderLnx/./UI/uRecorderSettingsDialog.pas(140,37) Hint: (5024) Parameter "Sender" not used
/mnt/win_share/OburecGH/Lazarus/RecorderLnx/./UI/uRecorderSettingsDialog.pas(141,37) Hint: (5024) Parameter "Sender" not used
/mnt/win_share/OburecGH/Lazarus/RecorderLnx/./UI/uRecorderSettingsDialog.pas(5891,36) Warning: (4104) Implicit string type conversion from "AnsiString" to "UnicodeString"
/mnt/win_share/OburecGH/Lazarus/RecorderLnx/./UI/uRecorderSettingsDialog.pas(5891,76) Warning: (4105) Implicit string type conversion with potential data loss from "UnicodeString" to "AnsiString"
/mnt/win_share/OburecGH/Lazarus/RecorderLnx/./UI/uRecorderSettingsDialog.pas(142,40) Hint: (5024) Parameter "Sender" not used
/mnt/win_share/OburecGH/Lazarus/RecorderLnx/./UI/uRecorderSettingsDialog.pas(165,45) Hint: (5024) Parameter "Sender" not used
/mnt/win_share/OburecGH/Lazarus/RecorderLnx/./UI/uRecorderSettingsDialog.pas(168,85) Hint: (5024) Parameter "Shift" not used
/mnt/win_share/OburecGH/Lazarus/RecorderLnx/./UI/uRecorderSettingsDialog.pas(225,61) Hint: (5024) Parameter "Button" not used
/mnt/win_share/OburecGH/Lazarus/RecorderLnx/./UI/uRecorderSettingsDialog.pas(225,83) Hint: (5024) Parameter "Shift" not used
/mnt/win_share/OburecGH/Lazarus/RecorderLnx/./UI/uRecorderSettingsDialog.pas(225,103) Hint: (5024) Parameter "X" not used
/mnt/win_share/OburecGH/Lazarus/RecorderLnx/./UI/uRecorderSettingsDialog.pas(225,106) Hint: (5024) Parameter "Y" not used
/mnt/win_share/OburecGH/Lazarus/RecorderLnx/./UI/uRecorderSettingsDialog.pas(169,37) Hint: (5024) Parameter "Sender" not used
/mnt/win_share/OburecGH/Lazarus/RecorderLnx/./UI/uRecorderSettingsDialog.pas(169,54) Hint: (5024) Parameter "Node" not used
/mnt/win_share/OburecGH/Lazarus/RecorderLnx/./UI/uRecorderSettingsDialog.pas(170,39) Hint: (5024) Parameter "Sender" not used
/mnt/win_share/OburecGH/Lazarus/RecorderLnx/./UI/uRecorderSettingsDialog.pas(171,39) Hint: (5024) Parameter "Sender" not used
/mnt/win_share/OburecGH/Lazarus/RecorderLnx/./UI/uRecorderSettingsDialog.pas(171,64) Hint: (5024) Parameter "X" not used
/mnt/win_share/OburecGH/Lazarus/RecorderLnx/./UI/uRecorderSettingsDialog.pas(171,67) Hint: (5024) Parameter "Y" not used
/mnt/win_share/OburecGH/Lazarus/RecorderLnx/./UI/uRecorderSettingsDialog.pas(172,7) Hint: (5024) Parameter "State" not used
/mnt/win_share/OburecGH/Lazarus/RecorderLnx/./UI/uRecorderSettingsDialog.pas(173,36) Hint: (5024) Parameter "Sender" not used
/mnt/win_share/OburecGH/Lazarus/RecorderLnx/./UI/uRecorderSettingsDialog.pas(174,39) Hint: (5024) Parameter "Sender" not used
/mnt/win_share/OburecGH/Lazarus/RecorderLnx/./UI/uRecorderSettingsDialog.pas(175,39) Hint: (5024) Parameter "Sender" not used
/mnt/win_share/OburecGH/Lazarus/RecorderLnx/./UI/uRecorderSettingsDialog.pas(176,38) Hint: (5024) Parameter "Sender" not used
/mnt/win_share/OburecGH/Lazarus/RecorderLnx/./UI/uRecorderSettingsDialog.pas(177,49) Hint: (5024) Parameter "Sender" not used
/mnt/win_share/OburecGH/Lazarus/RecorderLnx/./UI/uRecorderSettingsDialog.pas(178,40) Hint: (5024) Parameter "Sender" not used
/mnt/win_share/OburecGH/Lazarus/RecorderLnx/./UI/uRecorderSettingsDialog.pas(179,44) Hint: (5024) Parameter "Sender" not used
/mnt/win_share/OburecGH/Lazarus/RecorderLnx/./UI/uRecorderSettingsDialog.pas(162,45) Hint: (5024) Parameter "Sender" not used
/mnt/win_share/OburecGH/Lazarus/RecorderLnx/./UI/uRecorderSettingsDialog.pas(162,70) Hint: (5024) Parameter "X" not used
/mnt/win_share/OburecGH/Lazarus/RecorderLnx/./UI/uRecorderSettingsDialog.pas(162,73) Hint: (5024) Parameter "Y" not used
/mnt/win_share/OburecGH/Lazarus/RecorderLnx/./UI/uRecorderSettingsDialog.pas(163,45) Hint: (5024) Parameter "Sender" not used
/mnt/win_share/OburecGH/Lazarus/RecorderLnx/./UI/uRecorderSettingsDialog.pas(163,70) Hint: (5024) Parameter "X" not used
/mnt/win_share/OburecGH/Lazarus/RecorderLnx/./UI/uRecorderSettingsDialog.pas(163,73) Hint: (5024) Parameter "Y" not used
/mnt/win_share/OburecGH/Lazarus/RecorderLnx/./UI/uRecorderSettingsDialog.pas(164,7) Hint: (5024) Parameter "State" not used
/mnt/win_share/OburecGH/Lazarus/RecorderLnx/./UI/uRecorderSettingsDialog.pas(180,37) Hint: (5024) Parameter "Sender" not used
/mnt/win_share/OburecGH/Lazarus/RecorderLnx/./UI/uRecorderSettingsDialog.pas(226,45) Hint: (5024) Parameter "Sender" not used
/mnt/win_share/OburecGH/Lazarus/RecorderLnx/./UI/uRecorderSettingsDialog.pas(227,48) Hint: (5024) Parameter "Sender" not used
/mnt/win_share/OburecGH/Lazarus/RecorderLnx/./UI/uRecorderSettingsDialog.pas(186,36) Hint: (5024) Parameter "Sender" not used
/mnt/win_share/OburecGH/Lazarus/RecorderLnx/./UI/uRecorderSettingsDialog.pas(187,7) Hint: (5024) Parameter "Shift" not used
/mnt/win_share/OburecGH/Lazarus/RecorderLnx/./UI/uRecorderSettingsDialog.pas(723,3) Hint: (5028) Local const "CDeviceTreeProbeTimeoutMs" is not used
/mnt/win_share/OburecGH/Lazarus/RecorderLnx/./UI/uRecorderSettingsDialog.pas(28,26) Hint: (5023) Unit "uRecorderMeraSdbThermocouples" not used in uRecorderSettingsDialog
/mnt/win_share/OburecGH/Lazarus/RecorderLnx/./UI/uRecorderSettingsDialog.pas(389,54) Hint: (5023) Unit "uMic185Constants" not used in uRecorderSettingsDialog
(3104) Compiling ./UI/uRecorderDigitalPageView.pas
(3104) Compiling ./Core/uRecorderDataStorage.pas
(3104) Compiling ./Device/uRecorderRuntimeSourceFactory.pas
(3104) Compiling ./Device/uRecorderTagDeviceServices.pas
(3104) Compiling ./Device/mic185/UI/uRecorderMic185SettingsDialog.pas
(3104) Compiling ./Device/mic185/UI/uRecorderMic185AdditionalDialog.pas
/mnt/win_share/OburecGH/Lazarus/RecorderLnx/./Device/mic185/UI/uRecorderMic185AdditionalDialog.pas(31,31) Hint: (5024) Parameter "Sender" not used
/mnt/win_share/OburecGH/Lazarus/RecorderLnx/./Device/mic185/UI/uRecorderMic185AdditionalDialog.pas(32,36) Hint: (5024) Parameter "Sender" not used
/mnt/win_share/OburecGH/Lazarus/RecorderLnx/./Device/mic185/UI/uRecorderMic185AdditionalDialog.pas(33,35) Hint: (5024) Parameter "Sender" not used
(3104) Compiling ./Device/mic185/UI/uRecorderMic185ChannelDialog.pas
/mnt/win_share/OburecGH/Lazarus/RecorderLnx/./Device/mic185/UI/uRecorderMic185ChannelDialog.pas(51,29) Hint: (5024) Parameter "Sender" not used
/mnt/win_share/OburecGH/Lazarus/RecorderLnx/./Device/mic185/UI/uRecorderMic185ChannelDialog.pas(52,31) Hint: (5024) Parameter "Sender" not used
/mnt/win_share/OburecGH/Lazarus/RecorderLnx/./Device/mic185/UI/uRecorderMic185ChannelDialog.pas(247,55) Warning: (4104) Implicit string type conversion from "AnsiString" to "UnicodeString"
/mnt/win_share/OburecGH/Lazarus/RecorderLnx/./Device/mic185/UI/uRecorderMic185ChannelDialog.pas(247,63) Warning: (4105) Implicit string type conversion with potential data loss from "UnicodeString" to "TTranslateString"
(3104) Compiling ./Device/mic185/uRecorderMic185DeviceInfoProbe.pas
/mnt/win_share/OburecGH/Lazarus/RecorderLnx/./Device/mic185/uRecorderMic185DeviceInfoProbe.pas(73,19) Hint: (5057) Local variable "lInfo" does not seem to be initialized
/mnt/win_share/OburecGH/Lazarus/RecorderLnx/./Device/mic185/UI/uRecorderMic185SettingsDialog.pas(45,26) Hint: (5024) Parameter "Sender" not used
/mnt/win_share/OburecGH/Lazarus/RecorderLnx/./Device/mic185/UI/uRecorderMic185SettingsDialog.pas(356,18) Hint: (5092) Variable "ARows" of a managed type does not seem to be initialized
/mnt/win_share/OburecGH/Lazarus/RecorderLnx/./Device/mic185/UI/uRecorderMic185SettingsDialog.pas(38,34) Hint: (5024) Parameter "Sender" not used
/mnt/win_share/OburecGH/Lazarus/RecorderLnx/./Device/mic185/UI/uRecorderMic185SettingsDialog.pas(39,29) Hint: (5024) Parameter "Sender" not used
/mnt/win_share/OburecGH/Lazarus/RecorderLnx/./Device/mic185/UI/uRecorderMic185SettingsDialog.pas(705,22) Hint: (5091) Local variable "lChannels" of a managed type does not seem to be initialized
/mnt/win_share/OburecGH/Lazarus/RecorderLnx/./Device/mic185/UI/uRecorderMic185SettingsDialog.pas(40,31) Hint: (5024) Parameter "Sender" not used
/mnt/win_share/OburecGH/Lazarus/RecorderLnx/./Device/mic185/UI/uRecorderMic185SettingsDialog.pas(41,33) Hint: (5024) Parameter "Sender" not used
/mnt/win_share/OburecGH/Lazarus/RecorderLnx/./Device/mic185/UI/uRecorderMic185SettingsDialog.pas(42,26) Hint: (5024) Parameter "Sender" not used
/mnt/win_share/OburecGH/Lazarus/RecorderLnx/./Device/mic185/UI/uRecorderMic185SettingsDialog.pas(43,34) Hint: (5024) Parameter "Sender" not used
/mnt/win_share/OburecGH/Lazarus/RecorderLnx/./Device/mic185/UI/uRecorderMic185SettingsDialog.pas(44,33) Hint: (5024) Parameter "Sender" not used
/mnt/win_share/OburecGH/Lazarus/RecorderLnx/./Device/mic185/UI/uRecorderMic185SettingsDialog.pas(93,18) Hint: (5023) Unit "StrUtils" not used in uRecorderMic185SettingsDialog
(3104) Compiling ./UI/uRecorderMic185SettingsSelfTest.pas
/mnt/win_share/OburecGH/Lazarus/RecorderLnx/./UI/uRecorderMic185SettingsSelfTest.pas(60,25) Hint: (5024) Parameter "Sender" not used
/mnt/win_share/OburecGH/Lazarus/RecorderLnx/./Device/uRecorderTagDeviceServices.pas(87,30) Warning: (4104) Implicit string type conversion from "AnsiString" to "UnicodeString"
(3104) Compiling ./Core/uRecorderRecordChannelMetadata.pas
(3104) Compiling ./Device/uRecorderDeviceRecordChannelMetadata.pas
(3104) Compiling ./Core/uRecorderRecordTimebase.pas
(3104) Compiling ./SQLdb/uRecorderSqlDbSettingsDialog.pas
(3104) Compiling ./SQLdb/uRecorderSqlDbFirebirdTools.pas
/mnt/win_share/OburecGH/Lazarus/RecorderLnx/./SQLdb/uRecorderSqlDbFirebirdTools.pas(86,46) Hint: (5057) Local variable "lBuffer" does not seem to be initialized
/mnt/win_share/OburecGH/Lazarus/RecorderLnx/./SQLdb/uRecorderSqlDbFirebirdTools.pas(96,28) Warning: (4104) Implicit string type conversion from "AnsiString" to "UnicodeString"
/mnt/win_share/OburecGH/Lazarus/RecorderLnx/./SQLdb/uRecorderSqlDbFirebirdTools.pas(96,41) Warning: (4105) Implicit string type conversion with potential data loss from "UnicodeString" to "AnsiString"
/mnt/win_share/OburecGH/Lazarus/RecorderLnx/./SQLdb/uRecorderSqlDbFirebirdTools.pas(227,89) Warning: (4104) Implicit string type conversion from "AnsiString" to "UnicodeString"
/mnt/win_share/OburecGH/Lazarus/RecorderLnx/./SQLdb/uRecorderSqlDbFirebirdTools.pas(227,87) Warning: (4105) Implicit string type conversion with potential data loss from "UnicodeString" to "AnsiString"
/mnt/win_share/OburecGH/Lazarus/RecorderLnx/./SQLdb/uRecorderSqlDbFirebirdTools.pas(230,20) Warning: (4104) Implicit string type conversion from "AnsiString" to "UnicodeString"
/mnt/win_share/OburecGH/Lazarus/RecorderLnx/./SQLdb/uRecorderSqlDbFirebirdTools.pas(230,18) Warning: (4105) Implicit string type conversion with potential data loss from "UnicodeString" to "AnsiString"
/mnt/win_share/OburecGH/Lazarus/RecorderLnx/./SQLdb/uRecorderSqlDbFirebirdTools.pas(16,45) Hint: (5024) Parameter "APort" not used
/mnt/win_share/OburecGH/Lazarus/RecorderLnx/./SQLdb/uRecorderSqlDbFirebirdTools.pas(466,93) Warning: (4104) Implicit string type conversion from "AnsiString" to "UnicodeString"
/mnt/win_share/OburecGH/Lazarus/RecorderLnx/./SQLdb/uRecorderSqlDbFirebirdTools.pas(466,91) Warning: (4105) Implicit string type conversion with potential data loss from "UnicodeString" to "AnsiString"
/mnt/win_share/OburecGH/Lazarus/RecorderLnx/./SQLdb/uRecorderSqlDbFirebirdTools.pas(470,20) Warning: (4104) Implicit string type conversion from "AnsiString" to "UnicodeString"
/mnt/win_share/OburecGH/Lazarus/RecorderLnx/./SQLdb/uRecorderSqlDbFirebirdTools.pas(470,18) Warning: (4105) Implicit string type conversion with potential data loss from "UnicodeString" to "AnsiString"
(3104) Compiling ./SQLdb/uRecorderSqlDbProjectManager.pas
(3104) Compiling ./SQLdb/uRecorderSqlSelectionImportDialog.pas
/mnt/win_share/OburecGH/Lazarus/RecorderLnx/./SQLdb/uRecorderSqlDbSettingsDialog.pas(101,32) Hint: (5024) Parameter "Sender" not used
/mnt/win_share/OburecGH/Lazarus/RecorderLnx/./SQLdb/uRecorderSqlDbSettingsDialog.pas(102,34) Hint: (5024) Parameter "Sender" not used
/mnt/win_share/OburecGH/Lazarus/RecorderLnx/./SQLdb/uRecorderSqlDbSettingsDialog.pas(86,36) Hint: (5024) Parameter "Sender" not used
/mnt/win_share/OburecGH/Lazarus/RecorderLnx/./SQLdb/uRecorderSqlDbSettingsDialog.pas(85,38) Hint: (5024) Parameter "Sender" not used
/mnt/win_share/OburecGH/Lazarus/RecorderLnx/./SQLdb/uRecorderSqlDbSettingsDialog.pas(75,37) Hint: (5024) Parameter "Sender" not used
/mnt/win_share/OburecGH/Lazarus/RecorderLnx/./SQLdb/uRecorderSqlDbSettingsDialog.pas(73,39) Hint: (5024) Parameter "Sender" not used
/mnt/win_share/OburecGH/Lazarus/RecorderLnx/./SQLdb/uRecorderSqlDbSettingsDialog.pas(76,31) Hint: (5024) Parameter "Sender" not used
/mnt/win_share/OburecGH/Lazarus/RecorderLnx/./SQLdb/uRecorderSqlDbSettingsDialog.pas(84,31) Hint: (5024) Parameter "Sender" not used
/mnt/win_share/OburecGH/Lazarus/RecorderLnx/./SQLdb/uRecorderSqlDbSettingsDialog.pas(700,16) Warning: (4104) Implicit string type conversion from "AnsiString" to "UnicodeString"
/mnt/win_share/OburecGH/Lazarus/RecorderLnx/./SQLdb/uRecorderSqlDbSettingsDialog.pas(702,7) Warning: (4104) Implicit string type conversion from "AnsiString" to "UnicodeString"
/mnt/win_share/OburecGH/Lazarus/RecorderLnx/./SQLdb/uRecorderSqlDbSettingsDialog.pas(702,15) Warning: (4105) Implicit string type conversion with potential data loss from "UnicodeString" to "AnsiString"
/mnt/win_share/OburecGH/Lazarus/RecorderLnx/./SQLdb/uRecorderSqlDbSettingsDialog.pas(79,36) Hint: (5024) Parameter "Sender" not used
/mnt/win_share/OburecGH/Lazarus/RecorderLnx/./SQLdb/uRecorderSqlDbSettingsDialog.pas(77,37) Hint: (5024) Parameter "Sender" not used
/mnt/win_share/OburecGH/Lazarus/RecorderLnx/./SQLdb/uRecorderSqlDbSettingsDialog.pas(72,30) Hint: (5024) Parameter "Sender" not used
/mnt/win_share/OburecGH/Lazarus/RecorderLnx/./SQLdb/uRecorderSqlDbSettingsDialog.pas(794,30) Warning: (4104) Implicit string type conversion from "AnsiString" to "UnicodeString"
/mnt/win_share/OburecGH/Lazarus/RecorderLnx/./SQLdb/uRecorderSqlDbSettingsDialog.pas(795,18) Warning: (4104) Implicit string type conversion from "AnsiString" to "UnicodeString"
/mnt/win_share/OburecGH/Lazarus/RecorderLnx/./SQLdb/uRecorderSqlDbSettingsDialog.pas(795,26) Warning: (4105) Implicit string type conversion with potential data loss from "UnicodeString" to "AnsiString"
/mnt/win_share/OburecGH/Lazarus/RecorderLnx/./SQLdb/uRecorderSqlDbSettingsDialog.pas(78,28) Hint: (5024) Parameter "Sender" not used
/mnt/win_share/OburecGH/Lazarus/RecorderLnx/./SQLdb/uRecorderSqlDbSettingsDialog.pas(82,42) Hint: (5024) Parameter "Sender" not used
/mnt/win_share/OburecGH/Lazarus/RecorderLnx/./SQLdb/uRecorderSqlDbSettingsDialog.pas(80,33) Hint: (5024) Parameter "Sender" not used
/mnt/win_share/OburecGH/Lazarus/RecorderLnx/./SQLdb/uRecorderSqlDbSettingsDialog.pas(81,34) Hint: (5024) Parameter "Sender" not used
/mnt/win_share/OburecGH/Lazarus/RecorderLnx/./SQLdb/uRecorderSqlDbSettingsDialog.pas(83,38) Hint: (5024) Parameter "Sender" not used
/mnt/win_share/OburecGH/Lazarus/RecorderLnx/./SQLdb/uRecorderSqlDbSettingsDialog.pas(74,26) Hint: (5024) Parameter "Sender" not used
(3104) Compiling ./SQLdb/SqlTrend/uRecorderSqlTrendView.pas
(3104) Compiling ./SQLdb/SqlTrend/uRecorderMeraEventDialog.pas
(3104) Compiling ./SQLdb/uRecorderNetworkPathResolver.pas
/mnt/win_share/OburecGH/Lazarus/RecorderLnx/./SQLdb/SqlTrend/uRecorderMeraEventDialog.pas(249,65) Warning: (4104) Implicit string type conversion from "AnsiString" to "UnicodeString"
/mnt/win_share/OburecGH/Lazarus/RecorderLnx/./SQLdb/SqlTrend/uRecorderMeraEventDialog.pas(250,3) Warning: (4105) Implicit string type conversion with potential data loss from "UnicodeString" to "TTranslateString"
/mnt/win_share/OburecGH/Lazarus/RecorderLnx/./SQLdb/SqlTrend/uRecorderMeraEventDialog.pas(298,76) Warning: (4104) Implicit string type conversion from "AnsiString" to "UnicodeString"
/mnt/win_share/OburecGH/Lazarus/RecorderLnx/./SQLdb/SqlTrend/uRecorderMeraEventDialog.pas(298,84) Warning: (4105) Implicit string type conversion with potential data loss from "UnicodeString" to "AnsiString"
/mnt/win_share/OburecGH/Lazarus/RecorderLnx/./SQLdb/SqlTrend/uRecorderMeraEventDialog.pas(59,28) Hint: (5024) Parameter "Sender" not used
/mnt/win_share/OburecGH/Lazarus/RecorderLnx/./SQLdb/SqlTrend/uRecorderMeraEventDialog.pas(316,67) Warning: (4104) Implicit string type conversion from "TTranslateString" to "UnicodeString"
/mnt/win_share/OburecGH/Lazarus/RecorderLnx/./SQLdb/SqlTrend/uRecorderMeraEventDialog.pas(317,17) Warning: (4104) Implicit string type conversion from "TTranslateString" to "UnicodeString"
/mnt/win_share/OburecGH/Lazarus/RecorderLnx/./SQLdb/SqlTrend/uRecorderMeraEventDialog.pas(318,138) Warning: (4105) Implicit string type conversion with potential data loss from "UnicodeString" to "AnsiString"
/mnt/win_share/OburecGH/Lazarus/RecorderLnx/./SQLdb/SqlTrend/uRecorderMeraEventDialog.pas(332,72) Warning: (4104) Implicit string type conversion from "AnsiString" to "UnicodeString"
/mnt/win_share/OburecGH/Lazarus/RecorderLnx/./SQLdb/SqlTrend/uRecorderMeraEventDialog.pas(332,80) Warning: (4105) Implicit string type conversion with potential data loss from "UnicodeString" to "AnsiString"
/mnt/win_share/OburecGH/Lazarus/RecorderLnx/./SQLdb/SqlTrend/uRecorderMeraEventDialog.pas(54,35) Hint: (5024) Parameter "Sender" not used
/mnt/win_share/OburecGH/Lazarus/RecorderLnx/./SQLdb/SqlTrend/uRecorderMeraEventDialog.pas(380,19) Warning: (4104) Implicit string type conversion from "AnsiString" to "UnicodeString"
/mnt/win_share/OburecGH/Lazarus/RecorderLnx/./SQLdb/SqlTrend/uRecorderMeraEventDialog.pas(61,37) Hint: (5024) Parameter "Sender" not used
/mnt/win_share/OburecGH/Lazarus/RecorderLnx/./SQLdb/SqlTrend/uRecorderMeraEventDialog.pas(62,11) Hint: (5024) Parameter "CanSelect" not used
/mnt/win_share/OburecGH/Lazarus/RecorderLnx/./SQLdb/SqlTrend/uRecorderMeraEventDialog.pas(60,35) Hint: (5024) Parameter "Sender" not used
/mnt/win_share/OburecGH/Lazarus/RecorderLnx/./SQLdb/SqlTrend/uRecorderMeraEventDialog.pas(494,7) Warning: (4104) Implicit string type conversion from "AnsiString" to "UnicodeString"
/mnt/win_share/OburecGH/Lazarus/RecorderLnx/./SQLdb/SqlTrend/uRecorderMeraEventDialog.pas(494,65) Warning: (4105) Implicit string type conversion with potential data loss from "UnicodeString" to "AnsiString"
/mnt/win_share/OburecGH/Lazarus/RecorderLnx/./SQLdb/SqlTrend/uRecorderMeraEventDialog.pas(506,7) Warning: (4104) Implicit string type conversion from "AnsiString" to "UnicodeString"
/mnt/win_share/OburecGH/Lazarus/RecorderLnx/./SQLdb/SqlTrend/uRecorderMeraEventDialog.pas(506,26) Warning: (4105) Implicit string type conversion with potential data loss from "UnicodeString" to "AnsiString"
/mnt/win_share/OburecGH/Lazarus/RecorderLnx/./SQLdb/SqlTrend/uRecorderMeraEventDialog.pas(518,38) Warning: (4104) Implicit string type conversion from "AnsiString" to "UnicodeString"
/mnt/win_share/OburecGH/Lazarus/RecorderLnx/./SQLdb/SqlTrend/uRecorderMeraEventDialog.pas(536,17) Hint: (5091) Local variable "lIds" of a managed type does not seem to be initialized
/mnt/win_share/OburecGH/Lazarus/RecorderLnx/./SQLdb/SqlTrend/uRecorderMeraEventDialog.pas(538,43) Warning: (4104) Implicit string type conversion from "AnsiString" to "UnicodeString"
/mnt/win_share/OburecGH/Lazarus/RecorderLnx/./SQLdb/SqlTrend/uRecorderMeraEventDialog.pas(56,36) Hint: (5024) Parameter "Sender" not used
/mnt/win_share/OburecGH/Lazarus/RecorderLnx/./SQLdb/SqlTrend/uRecorderMeraEventDialog.pas(55,31) Hint: (5024) Parameter "Sender" not used
/mnt/win_share/OburecGH/Lazarus/RecorderLnx/./SQLdb/SqlTrend/uRecorderMeraEventDialog.pas(58,40) Hint: (5024) Parameter "Sender" not used
/mnt/win_share/OburecGH/Lazarus/RecorderLnx/./SQLdb/SqlTrend/uRecorderMeraEventDialog.pas(57,35) Hint: (5024) Parameter "Sender" not used
/mnt/win_share/OburecGH/Lazarus/RecorderLnx/./SQLdb/SqlTrend/uRecorderSqlTrendView.pas(106,40) Hint: (5024) Parameter "Sender" not used
/mnt/win_share/OburecGH/Lazarus/RecorderLnx/./SQLdb/SqlTrend/uRecorderSqlTrendView.pas(107,34) Hint: (5024) Parameter "Sender" not used
/mnt/win_share/OburecGH/Lazarus/RecorderLnx/./SQLdb/SqlTrend/uRecorderSqlTrendView.pas(109,32) Hint: (5024) Parameter "Sender" not used
/mnt/win_share/OburecGH/Lazarus/RecorderLnx/./SQLdb/SqlTrend/uRecorderSqlTrendView.pas(108,32) Hint: (5024) Parameter "Sender" not used
/mnt/win_share/OburecGH/Lazarus/RecorderLnx/./SQLdb/SqlTrend/uRecorderSqlTrendView.pas(104,32) Hint: (5024) Parameter "Sender" not used
/mnt/win_share/OburecGH/Lazarus/RecorderLnx/./SQLdb/SqlTrend/uRecorderSqlTrendView.pas(103,33) Hint: (5024) Parameter "Sender" not used
/mnt/win_share/OburecGH/Lazarus/RecorderLnx/./SQLdb/SqlTrend/uRecorderSqlTrendView.pas(105,41) Hint: (5024) Parameter "Sender" not used
/mnt/win_share/OburecGH/Lazarus/RecorderLnx/./SQLdb/SqlTrend/uRecorderSqlTrendView.pas(121,34) Hint: (5024) Parameter "Sender" not used
/mnt/win_share/OburecGH/Lazarus/RecorderLnx/./SQLdb/SqlTrend/uRecorderSqlTrendView.pas(123,36) Hint: (5024) Parameter "Sender" not used
/mnt/win_share/OburecGH/Lazarus/RecorderLnx/./SQLdb/SqlTrend/uRecorderSqlTrendView.pas(123,53) Hint: (5024) Parameter "ACol" not used
/mnt/win_share/OburecGH/Lazarus/RecorderLnx/./SQLdb/SqlTrend/uRecorderSqlTrendView.pas(124,11) Hint: (5024) Parameter "CanSelect" not used
/mnt/win_share/OburecGH/Lazarus/RecorderLnx/./SQLdb/SqlTrend/uRecorderSqlTrendView.pas(125,34) Hint: (5024) Parameter "Sender" not used
/mnt/win_share/OburecGH/Lazarus/RecorderLnx/./SQLdb/SqlTrend/uRecorderSqlTrendView.pas(161,7) Hint: (5024) Parameter "ATagRegistry" not used
/mnt/win_share/OburecGH/Lazarus/RecorderLnx/./SQLdb/SqlTrend/uRecorderSqlTrendView.pas(102,31) Hint: (5024) Parameter "Sender" not used
/mnt/win_share/OburecGH/Lazarus/RecorderLnx/./SQLdb/SqlTrend/uRecorderSqlTrendView.pas(101,35) Hint: (5024) Parameter "Sender" not used
/mnt/win_share/OburecGH/Lazarus/RecorderLnx/./SQLdb/SqlTrend/uRecorderSqlTrendView.pas(1078,21) Hint: (5091) Local variable "lHasAxis" of a managed type does not seem to be initialized
/mnt/win_share/OburecGH/Lazarus/RecorderLnx/./SQLdb/SqlTrend/uRecorderSqlTrendView.pas(128,30) Hint: (5024) Parameter "Sender" not used
/mnt/win_share/OburecGH/Lazarus/RecorderLnx/./SQLdb/SqlTrend/uRecorderSqlTrendView.pas(162,30) Hint: (5024) Parameter "ATagRegistry" not used
/mnt/win_share/OburecGH/Lazarus/RecorderLnx/./SQLdb/SqlTrend/uRecorderSqlTrendView.pas(163,7) Hint: (5024) Parameter "ADisplaySeconds" not used
/mnt/win_share/OburecGH/Lazarus/RecorderLnx/./SQLdb/SqlTrend/uRecorderSqlTrendView.pas(129,32) Hint: (5024) Parameter "Sender" not used
/mnt/win_share/OburecGH/Lazarus/RecorderLnx/./SQLdb/SqlTrend/uRecorderSqlTrendView.pas(130,36) Hint: (5024) Parameter "Sender" not used
/mnt/win_share/OburecGH/Lazarus/RecorderLnx/./SQLdb/SqlTrend/uRecorderSqlTrendView.pas(1221,88) Warning: (4104) Implicit string type conversion from "AnsiString" to "UnicodeString"
/mnt/win_share/OburecGH/Lazarus/RecorderLnx/./SQLdb/SqlTrend/uRecorderSqlTrendView.pas(1221,76) Warning: (4105) Implicit string type conversion with potential data loss from "UnicodeString" to "AnsiString"
/mnt/win_share/OburecGH/Lazarus/RecorderLnx/./SQLdb/SqlTrend/uRecorderSqlTrendView.pas(1337,20) Hint: (5091) Local variable "lMerged" of a managed type does not seem to be initialized
/mnt/win_share/OburecGH/Lazarus/RecorderLnx/./SQLdb/SqlTrend/uRecorderSqlTrendView.pas(1963,31) Hint: (5091) Local variable "lNearestDistance" of a managed type does not seem to be initialized
/mnt/win_share/OburecGH/Lazarus/RecorderLnx/./SQLdb/SqlTrend/uRecorderSqlTrendView.pas(1964,28) Hint: (5091) Local variable "lNearestValue" of a managed type does not seem to be initialized
/mnt/win_share/OburecGH/Lazarus/RecorderLnx/./SQLdb/SqlTrend/uRecorderSqlTrendView.pas(1965,28) Hint: (5091) Local variable "lNearestFound" of a managed type does not seem to be initialized
(3104) Compiling ./Core/uRecorderApplicationController.pas
/mnt/win_share/OburecGH/Lazarus/RecorderLnx/./Core/uRecorderApplicationController.pas(28,29) Hint: (5024) Parameter "ASender" not used
/mnt/win_share/OburecGH/Lazarus/RecorderLnx/./Core/uRecorderApplicationController.pas(28,47) Hint: (5024) Parameter "AOldState" not used
/mnt/win_share/OburecGH/Lazarus/RecorderLnx/./Core/uRecorderApplicationController.pas(28,58) Hint: (5024) Parameter "ANewState" not used
(3104) Compiling ./Core/uRecorderConfigurationService.pas
(3104) Compiling ./Core/uRecorderCoordinatorProtocol.pas
(3104) Compiling ./Core/uRecorderCoordinatorClient.pas
(3104) Compiling /mnt/win_share/OburecGH/Lazarus/SharedUtils/uRecorderLanDiscovery.pas
/mnt/win_share/OburecGH/Lazarus/SharedUtils/uRecorderLanDiscovery.pas(188,20) Hint: (5057) Local variable "lAddress" does not seem to be initialized
/mnt/win_share/OburecGH/Lazarus/SharedUtils/uRecorderLanDiscovery.pas(290,18) Hint: (5057) Local variable "lLocal" does not seem to be initialized
/mnt/win_share/OburecGH/Lazarus/SharedUtils/uRecorderLanDiscovery.pas(322,19) Hint: (5057) Local variable "lFrom" does not seem to be initialized
/mnt/win_share/OburecGH/Lazarus/RecorderLnx/./Core/uRecorderCoordinatorClient.pas(576,38) Hint: (5057) Local variable "lBuffer" does not seem to be initialized
/mnt/win_share/OburecGH/Lazarus/RecorderLnx/./Core/uRecorderCoordinatorClient.pas(9,22) Hint: (5023) Unit "Contnrs" not used in uRecorderCoordinatorClient
/mnt/win_share/OburecGH/Lazarus/RecorderLnx/./UI/uMainForm.pas(115,26) Hint: (5024) Parameter "Sender" not used
/mnt/win_share/OburecGH/Lazarus/RecorderLnx/./UI/uMainForm.pas(389,32) Hint: (5024) Parameter "Sender" not used
/mnt/win_share/OburecGH/Lazarus/RecorderLnx/./UI/uMainForm.pas(116,27) Hint: (5024) Parameter "Sender" not used
/mnt/win_share/OburecGH/Lazarus/RecorderLnx/./UI/uMainForm.pas(117,27) Hint: (5024) Parameter "Sender" not used
/mnt/win_share/OburecGH/Lazarus/RecorderLnx/./UI/uMainForm.pas(123,36) Hint: (5024) Parameter "Sender" not used
/mnt/win_share/OburecGH/Lazarus/RecorderLnx/./UI/uMainForm.pas(123,53) Hint: (5024) Parameter "aCol" not used
/mnt/win_share/OburecGH/Lazarus/RecorderLnx/./UI/uMainForm.pas(124,11) Hint: (5024) Parameter "CanSelect" not used
/mnt/win_share/OburecGH/Lazarus/RecorderLnx/./UI/uMainForm.pas(121,39) Hint: (5024) Parameter "sender" not used
/mnt/win_share/OburecGH/Lazarus/RecorderLnx/./UI/uMainForm.pas(118,27) Hint: (5024) Parameter "Sender" not used
/mnt/win_share/OburecGH/Lazarus/RecorderLnx/./UI/uMainForm.pas(119,30) Hint: (5024) Parameter "Sender" not used
/mnt/win_share/OburecGH/Lazarus/RecorderLnx/./UI/uMainForm.pas(120,36) Hint: (5024) Parameter "Sender" not used
/mnt/win_share/OburecGH/Lazarus/RecorderLnx/./UI/uMainForm.pas(401,38) Hint: (5024) Parameter "Sender" not used
/mnt/win_share/OburecGH/Lazarus/RecorderLnx/./UI/uMainForm.pas(248,33) Hint: (5024) Parameter "Sender" not used
/mnt/win_share/OburecGH/Lazarus/RecorderLnx/./UI/uMainForm.pas(104,33) Hint: (5024) Parameter "Sender" not used
/mnt/win_share/OburecGH/Lazarus/RecorderLnx/./UI/uMainForm.pas(103,39) Hint: (5024) Parameter "Sender" not used
/mnt/win_share/OburecGH/Lazarus/RecorderLnx/./UI/uMainForm.pas(105,31) Hint: (5024) Parameter "Sender" not used
/mnt/win_share/OburecGH/Lazarus/RecorderLnx/./UI/uMainForm.pas(106,30) Hint: (5024) Parameter "Sender" not used
/mnt/win_share/OburecGH/Lazarus/RecorderLnx/./UI/uMainForm.pas(113,28) Hint: (5024) Parameter "Sender" not used
/mnt/win_share/OburecGH/Lazarus/RecorderLnx/./UI/uMainForm.pas(109,36) Hint: (5024) Parameter "Sender" not used
/mnt/win_share/OburecGH/Lazarus/RecorderLnx/./UI/uMainForm.pas(949,68) Warning: (4104) Implicit string type conversion from "AnsiString" to "UnicodeString"
/mnt/win_share/OburecGH/Lazarus/RecorderLnx/./UI/uMainForm.pas(949,81) Warning: (4105) Implicit string type conversion with potential data loss from "UnicodeString" to "AnsiString"
/mnt/win_share/OburecGH/Lazarus/RecorderLnx/./UI/uMainForm.pas(961,88) Warning: (4104) Implicit string type conversion from "AnsiString" to "UnicodeString"
/mnt/win_share/OburecGH/Lazarus/RecorderLnx/./UI/uMainForm.pas(961,99) Warning: (4105) Implicit string type conversion with potential data loss from "UnicodeString" to "AnsiString"
/mnt/win_share/OburecGH/Lazarus/RecorderLnx/./UI/uMainForm.pas(107,33) Hint: (5024) Parameter "Sender" not used
/mnt/win_share/OburecGH/Lazarus/RecorderLnx/./UI/uMainForm.pas(1200,13) Warning: (4104) Implicit string type conversion from "AnsiString" to "UnicodeString"
/mnt/win_share/OburecGH/Lazarus/RecorderLnx/./UI/uMainForm.pas(1200,36) Warning: (4105) Implicit string type conversion with potential data loss from "UnicodeString" to "AnsiString"
/mnt/win_share/OburecGH/Lazarus/RecorderLnx/./UI/uMainForm.pas(362,37) Hint: (5024) Parameter "Sender" not used
/mnt/win_share/OburecGH/Lazarus/RecorderLnx/./UI/uMainForm.pas(110,32) Hint: (5024) Parameter "Sender" not used
/mnt/win_share/OburecGH/Lazarus/RecorderLnx/./UI/uMainForm.pas(111,29) Hint: (5024) Parameter "Sender" not used
/mnt/win_share/OburecGH/Lazarus/RecorderLnx/./UI/uMainForm.pas(112,38) Hint: (5024) Parameter "Sender" not used
/mnt/win_share/OburecGH/Lazarus/RecorderLnx/./UI/uMainForm.pas(102,35) Hint: (5024) Parameter "Sender" not used
/mnt/win_share/OburecGH/Lazarus/RecorderLnx/./UI/uMainForm.pas(114,33) Hint: (5024) Parameter "Sender" not used
/mnt/win_share/OburecGH/Lazarus/RecorderLnx/./UI/uMainForm.pas(234,32) Hint: (5024) Parameter "Sender" not used
/mnt/win_share/OburecGH/Lazarus/RecorderLnx/./UI/uMainForm.pas(254,34) Hint: (5024) Parameter "Sender" not used
/mnt/win_share/OburecGH/Lazarus/RecorderLnx/./UI/uMainForm.pas(255,35) Hint: (5024) Parameter "Sender" not used
/mnt/win_share/OburecGH/Lazarus/RecorderLnx/./UI/uMainForm.pas(297,29) Hint: (5024) Parameter "Sender" not used
/mnt/win_share/OburecGH/Lazarus/RecorderLnx/./UI/uMainForm.pas(279,34) Hint: (5024) Parameter "APage" not used
/mnt/win_share/OburecGH/Lazarus/RecorderLnx/./UI/uMainForm.pas(281,33) Hint: (5024) Parameter "APage" not used
/mnt/win_share/OburecGH/Lazarus/RecorderLnx/./UI/uMainForm.pas(285,38) Hint: (5024) Parameter "Sender" not used
/mnt/win_share/OburecGH/Lazarus/RecorderLnx/./UI/uMainForm.pas(287,37) Hint: (5024) Parameter "Sender" not used
/mnt/win_share/OburecGH/Lazarus/RecorderLnx/./UI/uMainForm.pas(330,38) Hint: (5024) Parameter "Sender" not used
/mnt/win_share/OburecGH/Lazarus/RecorderLnx/./UI/uMainForm.pas(331,33) Hint: (5024) Parameter "Sender" not used
/mnt/win_share/OburecGH/Lazarus/RecorderLnx/./UI/uMainForm.pas(332,35) Hint: (5024) Parameter "Sender" not used
/mnt/win_share/OburecGH/Lazarus/RecorderLnx/./UI/uMainForm.pas(402,38) Hint: (5024) Parameter "Sender" not used
/mnt/win_share/OburecGH/Lazarus/RecorderLnx/./UI/uMainForm.pas(403,30) Hint: (5024) Parameter "Sender" not used
/mnt/win_share/OburecGH/Lazarus/RecorderLnx/./UI/uMainForm.pas(370,35) Hint: (5024) Parameter "Sender" not used
/mnt/win_share/OburecGH/Lazarus/RecorderLnx/./UI/uMainForm.pas(361,33) Hint: (5024) Parameter "Sender" not used
/mnt/win_share/OburecGH/Lazarus/RecorderLnx/./UI/uMainForm.pas(291,35) Hint: (5024) Parameter "Sender" not used
/mnt/win_share/OburecGH/Lazarus/RecorderLnx/./UI/uMainForm.pas(400,38) Hint: (5024) Parameter "Data" not used
/mnt/win_share/OburecGH/Lazarus/RecorderLnx/./UI/uMainForm.pas(439,3) Hint: (5028) Local const "CDeviceHealthProbeTimeoutMs" is not used
/mnt/win_share/OburecGH/Lazarus/RecorderLnx/./UI/uMainForm.pas(51,3) Hint: (5023) Unit "uRecorderSpectrumRuntime" not used in uMainForm
(3104) Compiling ./Core/uRecorderSingleInstance.pas
/mnt/win_share/OburecGH/Lazarus/RecorderLnx/./Core/uRecorderSingleInstance.pas(31,3) Hint: (5028) Local const "CRecorderInstanceName" is not used
(3104) Compiling ./UI/uRecorderUserGuideCapture.pas
/mnt/win_share/OburecGH/Lazarus/RecorderLnx/./UI/uRecorderUserGuideCapture.pas(211,11) Warning: (4104) Implicit string type conversion from "AnsiString" to "UnicodeString"
/mnt/win_share/OburecGH/Lazarus/RecorderLnx/./UI/uRecorderUserGuideCapture.pas(211,37) Warning: (4105) Implicit string type conversion with potential data loss from "UnicodeString" to "AnsiString"
/mnt/win_share/OburecGH/Lazarus/RecorderLnx/./UI/uRecorderUserGuideCapture.pas(47,25) Hint: (5024) Parameter "Sender" not used
/mnt/win_share/OburecGH/Lazarus/RecorderLnx/RecorderLnx.lpr(142,28) Warning: (4104) Implicit string type conversion from "RawByteString" to "UnicodeString"
/mnt/win_share/OburecGH/Lazarus/RecorderLnx/RecorderLnx.lpr(143,31) Warning: (4105) Implicit string type conversion with potential data loss from "UnicodeString" to "AnsiString"
/mnt/win_share/OburecGH/Lazarus/RecorderLnx/RecorderLnx.lpr(17,3) Hint: (5023) Unit "uComponentSettingsDialog" not used in RecorderLnx
/mnt/win_share/OburecGH/Lazarus/RecorderLnx/RecorderLnx.lpr(18,3) Hint: (5023) Unit "uRecorderVirtualTagDialog" not used in RecorderLnx
/mnt/win_share/OburecGH/Lazarus/RecorderLnx/RecorderLnx.lpr(19,3) Hint: (5023) Unit "uRecorderButtonSettingsDialog" not used in RecorderLnx
/mnt/win_share/OburecGH/Lazarus/RecorderLnx/RecorderLnx.lpr(20,3) Hint: (5023) Unit "uRecorderTrendSettingsDialog" not used in RecorderLnx
/mnt/win_share/OburecGH/Lazarus/RecorderLnx/RecorderLnx.lpr(21,3) Hint: (5023) Unit "uRecorderSqlTrendModel" not used in RecorderLnx
/mnt/win_share/OburecGH/Lazarus/RecorderLnx/RecorderLnx.lpr(22,3) Hint: (5023) Unit "uRecorderSqlTrendSettingsDialog" not used in RecorderLnx
/mnt/win_share/OburecGH/Lazarus/RecorderLnx/RecorderLnx.lpr(23,3) Hint: (5023) Unit "uRecorderMeasurementSectionModel" not used in RecorderLnx
/mnt/win_share/OburecGH/Lazarus/RecorderLnx/RecorderLnx.lpr(25,3) Hint: (5023) Unit "uRecorderCalibrationAddDialog" not used in RecorderLnx
/mnt/win_share/OburecGH/Lazarus/RecorderLnx/RecorderLnx.lpr(25,34) Hint: (5023) Unit "uRecorderCalibrationListDialog" not used in RecorderLnx
/mnt/win_share/OburecGH/Lazarus/RecorderLnx/RecorderLnx.lpr(26,3) Hint: (5023) Unit "uRecorderCalibrationPropertiesDialog" not used in RecorderLnx
/mnt/win_share/OburecGH/Lazarus/RecorderLnx/RecorderLnx.lpr(26,41) Hint: (5023) Unit "uRecorderStrainCalibration" not used in RecorderLnx
/mnt/win_share/OburecGH/Lazarus/RecorderLnx/RecorderLnx.lpr(27,3) Hint: (5023) Unit "uRecorderStrainCalibrationDialog" not used in RecorderLnx
/mnt/win_share/OburecGH/Lazarus/RecorderLnx/RecorderLnx.lpr(28,3) Hint: (5023) Unit "uRecorderSpectrumSettingsDialog" not used in RecorderLnx
/mnt/win_share/OburecGH/Lazarus/RecorderLnx/RecorderLnx.lpr(28,36) Hint: (5023) Unit "uRecorderSpectrumView" not used in RecorderLnx
/mnt/win_share/OburecGH/Lazarus/RecorderLnx/RecorderLnx.lpr(29,27) Hint: (5023) Unit "uRecorderDeviceInterfaces" not used in RecorderLnx
/mnt/win_share/OburecGH/Lazarus/RecorderLnx/RecorderLnx.lpr(29,54) Hint: (5023) Unit "uMic185Constants" not used in RecorderLnx
/mnt/win_share/OburecGH/Lazarus/RecorderLnx/RecorderLnx.lpr(30,20) Hint: (5023) Unit "uMic185Device" not used in RecorderLnx
/mnt/win_share/OburecGH/Lazarus/RecorderLnx/RecorderLnx.lpr(30,35) Hint: (5023) Unit "uMic185MebiusTcpProtocol" not used in RecorderLnx
/mnt/win_share/OburecGH/Lazarus/RecorderLnx/RecorderLnx.lpr(30,61) Hint: (5023) Unit "uMic185MebiusTypes" not used in RecorderLnx
/mnt/win_share/OburecGH/Lazarus/RecorderLnx/RecorderLnx.lpr(32,3) Hint: (5023) Unit "uRecorderMic185AdditionalDialog" not used in RecorderLnx
/mnt/win_share/OburecGH/Lazarus/RecorderLnx/RecorderLnx.lpr(32,36) Hint: (5023) Unit "uRecorderMic185ChannelDialog" not used in RecorderLnx
/mnt/win_share/OburecGH/Lazarus/RecorderLnx/RecorderLnx.lpr(34,30) Hint: (5023) Unit "uRecorderSpectrumRuntime" not used in RecorderLnx
/mnt/win_share/OburecGH/Lazarus/RecorderLnx/RecorderLnx.lpr(37,24) Hint: (5023) Unit "uMc201FirmwareResources" not used in RecorderLnx
/mnt/win_share/OburecGH/Lazarus/RecorderLnx/RecorderLnx.lpr(37,49) Hint: (5023) Unit "uMc201LegacyMdpClient" not used in RecorderLnx
/mnt/win_share/OburecGH/Lazarus/RecorderLnx/RecorderLnx.lpr(38,3) Hint: (5023) Unit "uMc032Device" not used in RecorderLnx
(9022) Compiling resource /mnt/win_share/OburecGH/Lazarus/RecorderLnx/lib/x86_64-linux/RecorderLnx.or
(9015) Linking /mnt/win_share/OburecGH/Lazarus/RecorderLnx/lib/x86_64-linux/RecorderLnx
(1008) 145980 lines compiled, 14.0 sec
(1021) 278 warning(s) issued
(1022) 806 hint(s) issued
(1023) 139 note(s) issued
SetPrimaryConfigPath NewValue="/home/user/.lazarus_work" -> "/home/user/.lazarus_work"
Hint: (lazarus) Build Project: nothing to do.
Hint: (11030) Start of reading config file /etc/fpc.cfg
Hint: (11031) End of reading config file /etc/fpc.cfg
Free Pascal Compiler version 3.2.2+dfsg-20+b5 [2025/12/26] for x86_64
Copyright (c) 1993-2021 by Florian Klaempfl and others
(1002) Target OS: Linux for x86-64
(3104) Compiling SampleInfoPlugin.lpr
(3104) Compiling /mnt/win_share/OburecGH/Lazarus/RecorderLnx/Plugins/SDK/uRecorderPluginApi.pas
(3104) Compiling PluginClass.pas
(3104) Compiling ./units/uCreateComponents.pas
(3104) Compiling ./forms/uSampleOscillogram.pas
/mnt/win_share/OburecGH/Lazarus/RecorderLnx/Plugins/SampleInfoPlugin/PluginClass.pas(48,32) Hint: (5024) Parameter "APropertyId" not used
/mnt/win_share/OburecGH/Lazarus/RecorderLnx/Plugins/SampleInfoPlugin/PluginClass.pas(49,11) Hint: (5024) Parameter "AValue" not used
/mnt/win_share/OburecGH/Lazarus/RecorderLnx/Plugins/SampleInfoPlugin/PluginClass.pas(50,32) Hint: (5024) Parameter "APropertyId" not used
/mnt/win_share/OburecGH/Lazarus/RecorderLnx/Plugins/SampleInfoPlugin/PluginClass.pas(51,13) Hint: (5024) Parameter "AValue" not used
/mnt/win_share/OburecGH/Lazarus/RecorderLnx/Plugins/SampleInfoPlugin/PluginClass.pas(36,52) Hint: (5024) Parameter "AData" not used
(9015) Linking /mnt/win_share/OburecGH/Lazarus/RecorderLnx/lib/x86_64-linux/plugins/libsampleinfoplugin.so
(1008) 411 lines compiled, 0.3 sec
(1022) 7 hint(s) issued
SetPrimaryConfigPath NewValue="/home/user/.lazarus_work" -> "/home/user/.lazarus_work"
Hint: (lazarus) Build Project: nothing to do.
Hint: (11030) Start of reading config file /etc/fpc.cfg
Hint: (11031) End of reading config file /etc/fpc.cfg
Free Pascal Compiler version 3.2.2+dfsg-20+b5 [2025/12/26] for x86_64
Copyright (c) 1993-2021 by Florian Klaempfl and others
(1002) Target OS: Linux for x86-64
(3104) Compiling PluginInfoProbe.lpr
(3104) Compiling /mnt/win_share/OburecGH/Lazarus/RecorderLnx/Core/uRecorderPluginInfo.pas
(3104) Compiling /mnt/win_share/OburecGH/Lazarus/RecorderLnx/Plugins/SDK/uRecorderPluginApi.pas
/mnt/win_share/OburecGH/Lazarus/RecorderLnx/Tests/PluginInfo/PluginInfoProbe.lpr(16,5) Warning: (6018) unreachable code
(9015) Linking /mnt/win_share/OburecGH/Lazarus/RecorderLnx/lib/x86_64-linux/PluginInfoProbe
(1008) 323 lines compiled, 0.4 sec
(1021) 1 warning(s) issued
(1022) 2 hint(s) issued
libsampleinfoplugin.so: SampleInfoPlugin | 
RESULT PluginInfo passed
SetPrimaryConfigPath NewValue="/home/user/.lazarus_work" -> "/home/user/.lazarus_work"
Hint: (lazarus) Build Project: nothing to do.
Hint: (11030) Start of reading config file /etc/fpc.cfg
Hint: (11031) End of reading config file /etc/fpc.cfg
Free Pascal Compiler version 3.2.2+dfsg-20+b5 [2025/12/26] for x86_64
Copyright (c) 1993-2021 by Florian Klaempfl and others
(1002) Target OS: Linux for x86-64
(3104) Compiling RecorderHostAgent.lpr
(3104) Compiling ./Core/uRecorderHostAgentConfig.pas
(3104) Compiling ./Service/uRecorderHostAgentServer.pas
/mnt/win_share/OburecGH/Lazarus/RecorderHostAgent/./Service/uRecorderHostAgentServer.pas(20,17) Warning: (3057) An inherited method is hidden by "constructor Create(TRecorderHostAgentConfig);"
(3104) Compiling ./Core/uRecorderHostAgentActions.pas
/mnt/win_share/OburecGH/Lazarus/RecorderHostAgent/./Core/uRecorderHostAgentActions.pas(37,28) Hint: (5024) Parameter "Sender" not used
/mnt/win_share/OburecGH/Lazarus/RecorderHostAgent/./Service/uRecorderHostAgentServer.pas(53,22) Hint: (5057) Local variable "lAddress" does not seem to be initialized
/mnt/win_share/OburecGH/Lazarus/RecorderHostAgent/./Service/uRecorderHostAgentServer.pas(14,33) Hint: (5024) Parameter "Sender" not used
(9015) Linking /mnt/win_share/OburecGH/Lazarus/RecorderLnx/lib/x86_64-linux/RecorderHostAgent
(1008) 489 lines compiled, 0.5 sec
(1021) 1 warning(s) issued
(1022) 5 hint(s) issued
SetPrimaryConfigPath NewValue="/home/user/.lazarus_work" -> "/home/user/.lazarus_work"
Hint: (lazarus) Missing state file of freetypelaz 1.0: /usr/lib/lazarus/2.2.6/components/freetype/lib/x86_64-linux/freetypelaz.compiled
Error: (lazarus) unable to create package output directory "/usr/lib/lazarus/2.2.6/components/freetype/lib/x86_64-linux" of package "freetypelaz 1.0"
Hint: (lazarus) normal output directory of package freetypelaz 1.0 is not writable: "/usr/lib/lazarus/2.2.6/components/freetype/lib/x86_64-linux/"
TParsedCompilerOptions.SetOutputDirectoryOverride New=/home/user/.lazarus_work/lib/freetypelaz/lib/x86_64-linux
Hint: (lazarus) Compiler unit paths changed for LCLBase 2.2.6
  Old="/usr/lib/lazarus/2.2.6/lcl/forms;/usr/lib/lazarus/2.2.6/lcl/widgetset;/usr/lib/lazarus/2.2.6/lcl/nonwin32;/usr/lib/lazarus/2.2.6/packager/units/x86_64-linux;/usr/lib/lazarus/2.2.6/components/lazutils/lib/x86_64-linux;/usr/lib/lazarus/2.2.6/components/freetype/lib/x86_64-linux;/usr/lib/lazarus/2.2.6/lcl"
  Now="/usr/lib/lazarus/2.2.6/lcl/forms;/usr/lib/lazarus/2.2.6/lcl/widgetset;/usr/lib/lazarus/2.2.6/lcl/nonwin32;/usr/lib/lazarus/2.2.6/packager/units/x86_64-linux;/usr/lib/lazarus/2.2.6/components/lazutils/lib/x86_64-linux;/home/user/.lazarus_work/lib/freetypelaz/lib/x86_64-linux;/usr/lib/lazarus/2.2.6/lcl"
  State file="/usr/lib/lazarus/2.2.6/lcl/units/x86_64-linux/LCLBase.compiled"
Hint: (lazarus) normal output directory of package LCLBase 2.2.6 is not writable: "/usr/lib/lazarus/2.2.6/lcl/units/x86_64-linux/"
TParsedCompilerOptions.SetOutputDirectoryOverride New=/home/user/.lazarus_work/lib/LCLBase/units/x86_64-linux
Hint: (lazarus) Compiler unit paths changed for LCL 2.2.6
  Old="/usr/lib/lazarus/2.2.6/lcl/interfaces/gtk2;/usr/lib/lazarus/2.2.6/packager/units/x86_64-linux;/usr/lib/lazarus/2.2.6/components/lazutils/lib/x86_64-linux;/usr/lib/lazarus/2.2.6/components/freetype/lib/x86_64-linux;/usr/lib/lazarus/2.2.6/lcl/units/x86_64-linux;/usr/lib/lazarus/2.2.6/lcl/interfaces"
  Now="/usr/lib/lazarus/2.2.6/lcl/interfaces/gtk2;/usr/lib/lazarus/2.2.6/packager/units/x86_64-linux;/usr/lib/lazarus/2.2.6/components/lazutils/lib/x86_64-linux;/home/user/.lazarus_work/lib/freetypelaz/lib/x86_64-linux;/home/user/.lazarus_work/lib/LCLBase/units/x86_64-linux;/usr/lib/lazarus/2.2.6/lcl/interfaces"
  State file="/usr/lib/lazarus/2.2.6/lcl/units/x86_64-linux/gtk2/LCL.compiled"
Hint: (lazarus) normal output directory of package LCL 2.2.6 is not writable: "/usr/lib/lazarus/2.2.6/lcl/units/x86_64-linux/gtk2/"
TParsedCompilerOptions.SetOutputDirectoryOverride New=/home/user/.lazarus_work/lib/units/x86_64-linux/gtk2
Hint: (lazarus) Build Project: nothing to do.
Hint: (11030) Start of reading config file /etc/fpc.cfg
Hint: (11031) End of reading config file /etc/fpc.cfg
Free Pascal Compiler version 3.2.2+dfsg-20+b5 [2025/12/26] for x86_64
Copyright (c) 1993-2021 by Florian Klaempfl and others
(1002) Target OS: Linux for x86-64
(3104) Compiling LinuxSetupManager.lpr
(3104) Compiling uLinuxSetupManagerMain.pas
(3104) Compiling uLinuxSetupManagerSystemDialogs.pas
/mnt/win_share/OburecGH/Lazarus/RecorderLnx/Tools/LinuxSetupManager/uLinuxSetupManagerSystemDialogs.pas(125,15) Warning: (3057) An inherited method is hidden by "ExecuteAction(const AnsiString);"
/mnt/win_share/OburecGH/Lazarus/RecorderLnx/Tools/LinuxSetupManager/uLinuxSetupManagerSystemDialogs.pas(155,80) Warning: (4104) Implicit string type conversion from "AnsiString" to "UnicodeString"
/mnt/win_share/OburecGH/Lazarus/RecorderLnx/Tools/LinuxSetupManager/uLinuxSetupManagerSystemDialogs.pas(155,78) Warning: (4105) Implicit string type conversion with potential data loss from "UnicodeString" to "AnsiString"
/mnt/win_share/OburecGH/Lazarus/RecorderLnx/Tools/LinuxSetupManager/uLinuxSetupManagerSystemDialogs.pas(180,47) Hint: (5057) Local variable "lBuffer" does not seem to be initialized
/mnt/win_share/OburecGH/Lazarus/RecorderLnx/Tools/LinuxSetupManager/uLinuxSetupManagerSystemDialogs.pas(189,32) Warning: (4104) Implicit string type conversion from "AnsiString" to "UnicodeString"
/mnt/win_share/OburecGH/Lazarus/RecorderLnx/Tools/LinuxSetupManager/uLinuxSetupManagerSystemDialogs.pas(189,77) Warning: (4104) Implicit string type conversion from "AnsiString" to "UnicodeString"
/mnt/win_share/OburecGH/Lazarus/RecorderLnx/Tools/LinuxSetupManager/uLinuxSetupManagerSystemDialogs.pas(189,75) Warning: (4105) Implicit string type conversion with potential data loss from "UnicodeString" to "AnsiString"
/mnt/win_share/OburecGH/Lazarus/RecorderLnx/Tools/LinuxSetupManager/uLinuxSetupManagerSystemDialogs.pas(108,32) Hint: (5024) Parameter "Sender" not used
/mnt/win_share/OburecGH/Lazarus/RecorderLnx/Tools/LinuxSetupManager/uLinuxSetupManagerSystemDialogs.pas(109,30) Hint: (5024) Parameter "Sender" not used
/mnt/win_share/OburecGH/Lazarus/RecorderLnx/Tools/LinuxSetupManager/uLinuxSetupManagerSystemDialogs.pas(91,7) Hint: (5024) Parameter "Shift" not used
/mnt/win_share/OburecGH/Lazarus/RecorderLnx/Tools/LinuxSetupManager/uLinuxSetupManagerSystemDialogs.pas(91,27) Hint: (5024) Parameter "X" not used
/mnt/win_share/OburecGH/Lazarus/RecorderLnx/Tools/LinuxSetupManager/uLinuxSetupManagerSystemDialogs.pas(91,30) Hint: (5024) Parameter "Y" not used
/mnt/win_share/OburecGH/Lazarus/RecorderLnx/Tools/LinuxSetupManager/uLinuxSetupManagerSystemDialogs.pas(93,7) Hint: (5024) Parameter "X" not used
/mnt/win_share/OburecGH/Lazarus/RecorderLnx/Tools/LinuxSetupManager/uLinuxSetupManagerSystemDialogs.pas(93,10) Hint: (5024) Parameter "Y" not used
/mnt/win_share/OburecGH/Lazarus/RecorderLnx/Tools/LinuxSetupManager/uLinuxSetupManagerSystemDialogs.pas(94,33) Hint: (5024) Parameter "Sender" not used
/mnt/win_share/OburecGH/Lazarus/RecorderLnx/Tools/LinuxSetupManager/uLinuxSetupManagerSystemDialogs.pas(95,7) Hint: (5024) Parameter "Shift" not used
/mnt/win_share/OburecGH/Lazarus/RecorderLnx/Tools/LinuxSetupManager/uLinuxSetupManagerSystemDialogs.pas(95,27) Hint: (5024) Parameter "X" not used
/mnt/win_share/OburecGH/Lazarus/RecorderLnx/Tools/LinuxSetupManager/uLinuxSetupManagerSystemDialogs.pas(95,30) Hint: (5024) Parameter "Y" not used
/mnt/win_share/OburecGH/Lazarus/RecorderLnx/Tools/LinuxSetupManager/uLinuxSetupManagerSystemDialogs.pas(726,28) Hint: (4055) Conversion between ordinals and pointers is not portable
/mnt/win_share/OburecGH/Lazarus/RecorderLnx/Tools/LinuxSetupManager/uLinuxSetupManagerSystemDialogs.pas(87,28) Hint: (5024) Parameter "Sender" not used
/mnt/win_share/OburecGH/Lazarus/RecorderLnx/Tools/LinuxSetupManager/uLinuxSetupManagerSystemDialogs.pas(795,10) Warning: (4104) Implicit string type conversion from "AnsiString" to "UnicodeString"
/mnt/win_share/OburecGH/Lazarus/RecorderLnx/Tools/LinuxSetupManager/uLinuxSetupManagerSystemDialogs.pas(795,74) Warning: (4105) Implicit string type conversion with potential data loss from "UnicodeString" to "AnsiString"
/mnt/win_share/OburecGH/Lazarus/RecorderLnx/Tools/LinuxSetupManager/uLinuxSetupManagerSystemDialogs.pas(797,10) Warning: (4104) Implicit string type conversion from "AnsiString" to "UnicodeString"
/mnt/win_share/OburecGH/Lazarus/RecorderLnx/Tools/LinuxSetupManager/uLinuxSetupManagerSystemDialogs.pas(797,67) Warning: (4105) Implicit string type conversion with potential data loss from "UnicodeString" to "AnsiString"
/mnt/win_share/OburecGH/Lazarus/RecorderLnx/Tools/LinuxSetupManager/uLinuxSetupManagerSystemDialogs.pas(799,10) Warning: (4104) Implicit string type conversion from "AnsiString" to "UnicodeString"
/mnt/win_share/OburecGH/Lazarus/RecorderLnx/Tools/LinuxSetupManager/uLinuxSetupManagerSystemDialogs.pas(799,60) Warning: (4105) Implicit string type conversion with potential data loss from "UnicodeString" to "AnsiString"
/mnt/win_share/OburecGH/Lazarus/RecorderLnx/Tools/LinuxSetupManager/uLinuxSetupManagerSystemDialogs.pas(800,13) Warning: (4104) Implicit string type conversion from "AnsiString" to "UnicodeString"
/mnt/win_share/OburecGH/Lazarus/RecorderLnx/Tools/LinuxSetupManager/uLinuxSetupManagerSystemDialogs.pas(800,30) Warning: (4105) Implicit string type conversion with potential data loss from "UnicodeString" to "AnsiString"
/mnt/win_share/OburecGH/Lazarus/RecorderLnx/Tools/LinuxSetupManager/uLinuxSetupManagerSystemDialogs.pas(828,10) Warning: (4104) Implicit string type conversion from "AnsiString" to "WideString"
/mnt/win_share/OburecGH/Lazarus/RecorderLnx/Tools/LinuxSetupManager/uLinuxSetupManagerSystemDialogs.pas(831,10) Warning: (4104) Implicit string type conversion from "AnsiString" to "WideString"
/mnt/win_share/OburecGH/Lazarus/RecorderLnx/Tools/LinuxSetupManager/uLinuxSetupManagerSystemDialogs.pas(82,33) Hint: (5024) Parameter "Sender" not used
/mnt/win_share/OburecGH/Lazarus/RecorderLnx/Tools/LinuxSetupManager/uLinuxSetupManagerSystemDialogs.pas(83,34) Hint: (5024) Parameter "Sender" not used
/mnt/win_share/OburecGH/Lazarus/RecorderLnx/Tools/LinuxSetupManager/uLinuxSetupManagerSystemDialogs.pas(910,17) Warning: (4104) Implicit string type conversion from "AnsiString" to "WideString"
/mnt/win_share/OburecGH/Lazarus/RecorderLnx/Tools/LinuxSetupManager/uLinuxSetupManagerSystemDialogs.pas(928,48) Warning: (4104) Implicit string type conversion from "AnsiString" to "UnicodeString"
/mnt/win_share/OburecGH/Lazarus/RecorderLnx/Tools/LinuxSetupManager/uLinuxSetupManagerSystemDialogs.pas(929,47) Warning: (4104) Implicit string type conversion from "AnsiString" to "UnicodeString"
/mnt/win_share/OburecGH/Lazarus/RecorderLnx/Tools/LinuxSetupManager/uLinuxSetupManagerSystemDialogs.pas(930,21) Warning: (4104) Implicit string type conversion from "AnsiString" to "UnicodeString"
/mnt/win_share/OburecGH/Lazarus/RecorderLnx/Tools/LinuxSetupManager/uLinuxSetupManagerSystemDialogs.pas(930,63) Warning: (4104) Implicit string type conversion from "AnsiString" to "UnicodeString"
/mnt/win_share/OburecGH/Lazarus/RecorderLnx/Tools/LinuxSetupManager/uLinuxSetupManagerSystemDialogs.pas(930,75) Warning: (4105) Implicit string type conversion with potential data loss from "UnicodeString" to "TTranslateString"
/mnt/win_share/OburecGH/Lazarus/RecorderLnx/Tools/LinuxSetupManager/uLinuxSetupManagerSystemDialogs.pas(941,7) Warning: (4104) Implicit string type conversion from "AnsiString" to "UnicodeString"
/mnt/win_share/OburecGH/Lazarus/RecorderLnx/Tools/LinuxSetupManager/uLinuxSetupManagerSystemDialogs.pas(79,29) Hint: (5024) Parameter "Sender" not used
/mnt/win_share/OburecGH/Lazarus/RecorderLnx/Tools/LinuxSetupManager/uLinuxSetupManagerSystemDialogs.pas(80,47) Hint: (5024) Parameter "Item" not used
/mnt/win_share/OburecGH/Lazarus/RecorderLnx/Tools/LinuxSetupManager/uLinuxSetupManagerSystemDialogs.pas(972,85) Warning: (4104) Implicit string type conversion from "AnsiString" to "UnicodeString"
/mnt/win_share/OburecGH/Lazarus/RecorderLnx/Tools/LinuxSetupManager/uLinuxSetupManagerSystemDialogs.pas(972,96) Warning: (4105) Implicit string type conversion with potential data loss from "UnicodeString" to "TTranslateString"
/mnt/win_share/OburecGH/Lazarus/RecorderLnx/Tools/LinuxSetupManager/uLinuxSetupManagerSystemDialogs.pas(1005,91) Warning: (4104) Implicit string type conversion from "AnsiString" to "UnicodeString"
/mnt/win_share/OburecGH/Lazarus/RecorderLnx/Tools/LinuxSetupManager/uLinuxSetupManagerSystemDialogs.pas(1005,99) Warning: (4105) Implicit string type conversion with potential data loss from "UnicodeString" to "TTranslateString"
/mnt/win_share/OburecGH/Lazarus/RecorderLnx/Tools/LinuxSetupManager/uLinuxSetupManagerSystemDialogs.pas(1032,47) Hint: (5057) Local variable "lBuffer" does not seem to be initialized
/mnt/win_share/OburecGH/Lazarus/RecorderLnx/Tools/LinuxSetupManager/uLinuxSetupManagerSystemDialogs.pas(1056,7) Warning: (4104) Implicit string type conversion from "AnsiString" to "UnicodeString"
/mnt/win_share/OburecGH/Lazarus/RecorderLnx/Tools/LinuxSetupManager/uLinuxSetupManagerSystemDialogs.pas(1056,47) Warning: (4104) Implicit string type conversion from "TTranslateString" to "UnicodeString"
/mnt/win_share/OburecGH/Lazarus/RecorderLnx/Tools/LinuxSetupManager/uLinuxSetupManagerSystemDialogs.pas(1057,3) Warning: (4105) Implicit string type conversion with potential data loss from "UnicodeString" to "TTranslateString"
/mnt/win_share/OburecGH/Lazarus/RecorderLnx/Tools/LinuxSetupManager/uLinuxSetupManagerSystemDialogs.pas(1058,94) Warning: (4104) Implicit string type conversion from "AnsiString" to "UnicodeString"
/mnt/win_share/OburecGH/Lazarus/RecorderLnx/Tools/LinuxSetupManager/uLinuxSetupManagerSystemDialogs.pas(1058,107) Warning: (4105) Implicit string type conversion with potential data loss from "UnicodeString" to "TTranslateString"
/mnt/win_share/OburecGH/Lazarus/RecorderLnx/Tools/LinuxSetupManager/uLinuxSetupManagerSystemDialogs.pas(105,29) Hint: (5024) Parameter "Sender" not used
/mnt/win_share/OburecGH/Lazarus/RecorderLnx/Tools/LinuxSetupManager/uLinuxSetupManagerSystemDialogs.pas(1092,25) Warning: (4104) Implicit string type conversion from "AnsiString" to "UnicodeString"
/mnt/win_share/OburecGH/Lazarus/RecorderLnx/Tools/LinuxSetupManager/uLinuxSetupManagerSystemDialogs.pas(1093,7) Warning: (4104) Implicit string type conversion from "AnsiString" to "UnicodeString"
/mnt/win_share/OburecGH/Lazarus/RecorderLnx/Tools/LinuxSetupManager/uLinuxSetupManagerSystemDialogs.pas(1094,7) Warning: (4104) Implicit string type conversion from "AnsiString" to "UnicodeString"
/mnt/win_share/OburecGH/Lazarus/RecorderLnx/Tools/LinuxSetupManager/uLinuxSetupManagerSystemDialogs.pas(1094,138) Warning: (4105) Implicit string type conversion with potential data loss from "UnicodeString" to "TTranslateString"
/mnt/win_share/OburecGH/Lazarus/RecorderLnx/Tools/LinuxSetupManager/uLinuxSetupManagerSystemDialogs.pas(1097,79) Warning: (4104) Implicit string type conversion from "AnsiString" to "UnicodeString"
/mnt/win_share/OburecGH/Lazarus/RecorderLnx/Tools/LinuxSetupManager/uLinuxSetupManagerSystemDialogs.pas(1097,87) Warning: (4105) Implicit string type conversion with potential data loss from "UnicodeString" to "TTranslateString"
/mnt/win_share/OburecGH/Lazarus/RecorderLnx/Tools/LinuxSetupManager/uLinuxSetupManagerSystemDialogs.pas(102,32) Hint: (5024) Parameter "Sender" not used
/mnt/win_share/OburecGH/Lazarus/RecorderLnx/Tools/LinuxSetupManager/uLinuxSetupManagerSystemDialogs.pas(100,32) Hint: (5024) Parameter "Sender" not used
/mnt/win_share/OburecGH/Lazarus/RecorderLnx/Tools/LinuxSetupManager/uLinuxSetupManagerSystemDialogs.pas(1144,23) Warning: (4104) Implicit string type conversion from "AnsiString" to "WideString"
/mnt/win_share/OburecGH/Lazarus/RecorderLnx/Tools/LinuxSetupManager/uLinuxSetupManagerSystemDialogs.pas(1160,46) Warning: (4104) Implicit string type conversion from "AnsiString" to "UnicodeString"
/mnt/win_share/OburecGH/Lazarus/RecorderLnx/Tools/LinuxSetupManager/uLinuxSetupManagerSystemDialogs.pas(1160,124) Warning: (4105) Implicit string type conversion with potential data loss from "UnicodeString" to "AnsiString"
/mnt/win_share/OburecGH/Lazarus/RecorderLnx/Tools/LinuxSetupManager/uLinuxSetupManagerSystemDialogs.pas(1171,81) Warning: (4104) Implicit string type conversion from "AnsiString" to "UnicodeString"
/mnt/win_share/OburecGH/Lazarus/RecorderLnx/Tools/LinuxSetupManager/uLinuxSetupManagerSystemDialogs.pas(1172,12) Warning: (4104) Implicit string type conversion from "AnsiString" to "UnicodeString"
/mnt/win_share/OburecGH/Lazarus/RecorderLnx/Tools/LinuxSetupManager/uLinuxSetupManagerSystemDialogs.pas(1172,30) Warning: (4104) Implicit string type conversion from "AnsiString" to "UnicodeString"
/mnt/win_share/OburecGH/Lazarus/RecorderLnx/Tools/LinuxSetupManager/uLinuxSetupManagerSystemDialogs.pas(1172,48) Warning: (4104) Implicit string type conversion from "AnsiString" to "UnicodeString"
/mnt/win_share/OburecGH/Lazarus/RecorderLnx/Tools/LinuxSetupManager/uLinuxSetupManagerSystemDialogs.pas(1174,95) Warning: (4105) Implicit string type conversion with potential data loss from "UnicodeString" to "AnsiString"
/mnt/win_share/OburecGH/Lazarus/RecorderLnx/Tools/LinuxSetupManager/uLinuxSetupManagerSystemDialogs.pas(101,30) Hint: (5024) Parameter "Sender" not used
/mnt/win_share/OburecGH/Lazarus/RecorderLnx/Tools/LinuxSetupManager/uLinuxSetupManagerSystemDialogs.pas(1310,47) Warning: (4104) Implicit string type conversion from "AnsiString" to "UnicodeString"
/mnt/win_share/OburecGH/Lazarus/RecorderLnx/Tools/LinuxSetupManager/uLinuxSetupManagerSystemDialogs.pas(1310,69) Warning: (4104) Implicit string type conversion from "AnsiString" to "UnicodeString"
/mnt/win_share/OburecGH/Lazarus/RecorderLnx/Tools/LinuxSetupManager/uLinuxSetupManagerSystemDialogs.pas(1311,24) Warning: (4104) Implicit string type conversion from "AnsiString" to "UnicodeString"
/mnt/win_share/OburecGH/Lazarus/RecorderLnx/Tools/LinuxSetupManager/uLinuxSetupManagerSystemDialogs.pas(1311,46) Warning: (4104) Implicit string type conversion from "AnsiString" to "UnicodeString"
/mnt/win_share/OburecGH/Lazarus/RecorderLnx/Tools/LinuxSetupManager/uLinuxSetupManagerSystemDialogs.pas(1312,129) Warning: (4105) Implicit string type conversion with potential data loss from "UnicodeString" to "TTranslateString"
/mnt/win_share/OburecGH/Lazarus/RecorderLnx/Tools/LinuxSetupManager/uLinuxSetupManagerSystemDialogs.pas(1334,59) Warning: (4104) Implicit string type conversion from "AnsiString" to "UnicodeString"
/mnt/win_share/OburecGH/Lazarus/RecorderLnx/Tools/LinuxSetupManager/uLinuxSetupManagerSystemDialogs.pas(1335,21) Warning: (4104) Implicit string type conversion from "AnsiString" to "UnicodeString"
/mnt/win_share/OburecGH/Lazarus/RecorderLnx/Tools/LinuxSetupManager/uLinuxSetupManagerSystemDialogs.pas(1336,32) Warning: (4104) Implicit string type conversion from "AnsiString" to "UnicodeString"
/mnt/win_share/OburecGH/Lazarus/RecorderLnx/Tools/LinuxSetupManager/uLinuxSetupManagerSystemDialogs.pas(1336,45) Warning: (4105) Implicit string type conversion with potential data loss from "UnicodeString" to "TTranslateString"
/mnt/win_share/OburecGH/Lazarus/RecorderLnx/Tools/LinuxSetupManager/uLinuxSetupManagerSystemDialogs.pas(1437,50) Warning: (4104) Implicit string type conversion from "AnsiString" to "UnicodeString"
/mnt/win_share/OburecGH/Lazarus/RecorderLnx/Tools/LinuxSetupManager/uLinuxSetupManagerSystemDialogs.pas(1438,102) Warning: (4105) Implicit string type conversion with potential data loss from "UnicodeString" to "TTranslateString"
/mnt/win_share/OburecGH/Lazarus/RecorderLnx/Tools/LinuxSetupManager/uLinuxSetupManagerSystemDialogs.pas(115,25) Hint: (5024) Parameter "Sender" not used
/mnt/win_share/OburecGH/Lazarus/RecorderLnx/Tools/LinuxSetupManager/uLinuxSetupManagerSystemDialogs.pas(116,25) Hint: (5024) Parameter "Sender" not used
/mnt/win_share/OburecGH/Lazarus/RecorderLnx/Tools/LinuxSetupManager/uLinuxSetupManagerSystemDialogs.pas(1492,88) Warning: (4104) Implicit string type conversion from "AnsiString" to "UnicodeString"
/mnt/win_share/OburecGH/Lazarus/RecorderLnx/Tools/LinuxSetupManager/uLinuxSetupManagerSystemDialogs.pas(1493,30) Warning: (4105) Implicit string type conversion with potential data loss from "UnicodeString" to "AnsiString"
/mnt/win_share/OburecGH/Lazarus/RecorderLnx/Tools/LinuxSetupManager/uLinuxSetupManagerSystemDialogs.pas(1495,36) Warning: (4104) Implicit string type conversion from "AnsiString" to "UnicodeString"
/mnt/win_share/OburecGH/Lazarus/RecorderLnx/Tools/LinuxSetupManager/uLinuxSetupManagerSystemDialogs.pas(1495,57) Hint: (5091) Local variable "lTyped" of a managed type does not seem to be initialized
/mnt/win_share/OburecGH/Lazarus/RecorderLnx/Tools/LinuxSetupManager/uLinuxSetupManagerSystemDialogs.pas(1495,49) Warning: (4105) Implicit string type conversion with potential data loss from "UnicodeString" to "AnsiString"
/mnt/win_share/OburecGH/Lazarus/RecorderLnx/Tools/LinuxSetupManager/uLinuxSetupManagerSystemDialogs.pas(1501,84) Warning: (4104) Implicit string type conversion from "AnsiString" to "UnicodeString"
/mnt/win_share/OburecGH/Lazarus/RecorderLnx/Tools/LinuxSetupManager/uLinuxSetupManagerSystemDialogs.pas(1502,42) Warning: (4104) Implicit string type conversion from "AnsiString" to "UnicodeString"
/mnt/win_share/OburecGH/Lazarus/RecorderLnx/Tools/LinuxSetupManager/uLinuxSetupManagerSystemDialogs.pas(1502,61) Warning: (4105) Implicit string type conversion with potential data loss from "UnicodeString" to "AnsiString"
/mnt/win_share/OburecGH/Lazarus/RecorderLnx/Tools/LinuxSetupManager/uLinuxSetupManagerSystemDialogs.pas(1523,77) Warning: (4104) Implicit string type conversion from "AnsiString" to "UnicodeString"
/mnt/win_share/OburecGH/Lazarus/RecorderLnx/Tools/LinuxSetupManager/uLinuxSetupManagerSystemDialogs.pas(1523,84) Warning: (4105) Implicit string type conversion with potential data loss from "UnicodeString" to "AnsiString"
/mnt/win_share/OburecGH/Lazarus/RecorderLnx/Tools/LinuxSetupManager/uLinuxSetupManagerSystemDialogs.pas(96,31) Hint: (5024) Parameter "Sender" not used
/mnt/win_share/OburecGH/Lazarus/RecorderLnx/Tools/LinuxSetupManager/uLinuxSetupManagerSystemDialogs.pas(1537,41) Warning: (4104) Implicit string type conversion from "AnsiString" to "UnicodeString"
/mnt/win_share/OburecGH/Lazarus/RecorderLnx/Tools/LinuxSetupManager/uLinuxSetupManagerSystemDialogs.pas(1537,59) Warning: (4105) Implicit string type conversion with potential data loss from "UnicodeString" to "AnsiString"
/mnt/win_share/OburecGH/Lazarus/RecorderLnx/Tools/LinuxSetupManager/uLinuxSetupManagerSystemDialogs.pas(97,32) Hint: (5024) Parameter "Sender" not used
/mnt/win_share/OburecGH/Lazarus/RecorderLnx/Tools/LinuxSetupManager/uLinuxSetupManagerSystemDialogs.pas(1556,96) Warning: (4104) Implicit string type conversion from "AnsiString" to "UnicodeString"
/mnt/win_share/OburecGH/Lazarus/RecorderLnx/Tools/LinuxSetupManager/uLinuxSetupManagerSystemDialogs.pas(1557,24) Warning: (4105) Implicit string type conversion with potential data loss from "UnicodeString" to "AnsiString"
/mnt/win_share/OburecGH/Lazarus/RecorderLnx/Tools/LinuxSetupManager/uLinuxSetupManagerSystemDialogs.pas(98,31) Hint: (5024) Parameter "Sender" not used
/mnt/win_share/OburecGH/Lazarus/RecorderLnx/Tools/LinuxSetupManager/uLinuxSetupManagerSystemDialogs.pas(1591,107) Warning: (4104) Implicit string type conversion from "AnsiString" to "UnicodeString"
/mnt/win_share/OburecGH/Lazarus/RecorderLnx/Tools/LinuxSetupManager/uLinuxSetupManagerSystemDialogs.pas(1591,114) Warning: (4105) Implicit string type conversion with potential data loss from "UnicodeString" to "TTranslateString"
/mnt/win_share/OburecGH/Lazarus/RecorderLnx/Tools/LinuxSetupManager/uLinuxSetupManagerSystemDialogs.pas(99,29) Hint: (5024) Parameter "Sender" not used
/mnt/win_share/OburecGH/Lazarus/RecorderLnx/Tools/LinuxSetupManager/uLinuxSetupManagerSystemDialogs.pas(118,27) Hint: (5024) Parameter "Sender" not used
/mnt/win_share/OburecGH/Lazarus/RecorderLnx/Tools/LinuxSetupManager/uLinuxSetupManagerSystemDialogs.pas(119,27) Hint: (5024) Parameter "Sender" not used
/mnt/win_share/OburecGH/Lazarus/RecorderLnx/Tools/LinuxSetupManager/uLinuxSetupManagerMain.pas(50,30) Hint: (5024) Parameter "Sender" not used
/mnt/win_share/OburecGH/Lazarus/RecorderLnx/Tools/LinuxSetupManager/uLinuxSetupManagerMain.pas(50,47) Hint: (5024) Parameter "User" not used
/mnt/win_share/OburecGH/Lazarus/RecorderLnx/Tools/LinuxSetupManager/uLinuxSetupManagerMain.pas(74,33) Hint: (5024) Parameter "Sender" not used
/mnt/win_share/OburecGH/Lazarus/RecorderLnx/Tools/LinuxSetupManager/uLinuxSetupManagerMain.pas(68,45) Hint: (5024) Parameter "Sender" not used
/mnt/win_share/OburecGH/Lazarus/RecorderLnx/Tools/LinuxSetupManager/uLinuxSetupManagerMain.pas(69,42) Hint: (5024) Parameter "Sender" not used
/mnt/win_share/OburecGH/Lazarus/RecorderLnx/Tools/LinuxSetupManager/uLinuxSetupManagerMain.pas(679,13) Hint: (4055) Conversion between ordinals and pointers is not portable
/mnt/win_share/OburecGH/Lazarus/RecorderLnx/Tools/LinuxSetupManager/uLinuxSetupManagerMain.pas(70,29) Hint: (5024) Parameter "Sender" not used
/mnt/win_share/OburecGH/Lazarus/RecorderLnx/Tools/LinuxSetupManager/uLinuxSetupManagerMain.pas(679,13) Warning: (4082) Converting pointers to signed integers may result in wrong comparison results and range errors, use an unsigned type instead.
/mnt/win_share/OburecGH/Lazarus/RecorderLnx/Tools/LinuxSetupManager/uLinuxSetupManagerMain.pas(71,31) Hint: (5024) Parameter "Sender" not used
/mnt/win_share/OburecGH/Lazarus/RecorderLnx/Tools/LinuxSetupManager/uLinuxSetupManagerMain.pas(72,36) Hint: (5024) Parameter "Sender" not used
/mnt/win_share/OburecGH/Lazarus/RecorderLnx/Tools/LinuxSetupManager/uLinuxSetupManagerMain.pas(792,23) Hint: (4055) Conversion between ordinals and pointers is not portable
/mnt/win_share/OburecGH/Lazarus/RecorderLnx/Tools/LinuxSetupManager/uLinuxSetupManagerMain.pas(64,34) Hint: (5024) Parameter "Sender" not used
/mnt/win_share/OburecGH/Lazarus/RecorderLnx/Tools/LinuxSetupManager/uLinuxSetupManagerMain.pas(65,42) Hint: (5024) Parameter "Sender" not used
/mnt/win_share/OburecGH/Lazarus/RecorderLnx/Tools/LinuxSetupManager/uLinuxSetupManagerMain.pas(66,45) Hint: (5024) Parameter "Sender" not used
/mnt/win_share/OburecGH/Lazarus/RecorderLnx/Tools/LinuxSetupManager/uLinuxSetupManagerMain.pas(67,34) Hint: (5024) Parameter "Sender" not used
/mnt/win_share/OburecGH/Lazarus/RecorderLnx/Tools/LinuxSetupManager/uLinuxSetupManagerMain.pas(923,11) Warning: (4104) Implicit string type conversion from "AnsiString" to "UnicodeString"
/mnt/win_share/OburecGH/Lazarus/RecorderLnx/Tools/LinuxSetupManager/uLinuxSetupManagerMain.pas(923,62) Warning: (4104) Implicit string type conversion from "AnsiString" to "UnicodeString"
/mnt/win_share/OburecGH/Lazarus/RecorderLnx/Tools/LinuxSetupManager/uLinuxSetupManagerMain.pas(923,80) Warning: (4105) Implicit string type conversion with potential data loss from "UnicodeString" to "AnsiString"
/mnt/win_share/OburecGH/Lazarus/RecorderLnx/Tools/LinuxSetupManager/uLinuxSetupManagerMain.pas(927,78) Warning: (4104) Implicit string type conversion from "AnsiString" to "UnicodeString"
/mnt/win_share/OburecGH/Lazarus/RecorderLnx/Tools/LinuxSetupManager/uLinuxSetupManagerMain.pas(927,86) Warning: (4105) Implicit string type conversion with potential data loss from "UnicodeString" to "AnsiString"
/mnt/win_share/OburecGH/Lazarus/RecorderLnx/Tools/LinuxSetupManager/uLinuxSetupManagerMain.pas(983,82) Warning: (4104) Implicit string type conversion from "TTranslateString" to "UnicodeString"
/mnt/win_share/OburecGH/Lazarus/RecorderLnx/Tools/LinuxSetupManager/uLinuxSetupManagerMain.pas(984,26) Warning: (4104) Implicit string type conversion from "TTranslateString" to "UnicodeString"
/mnt/win_share/OburecGH/Lazarus/RecorderLnx/Tools/LinuxSetupManager/uLinuxSetupManagerMain.pas(984,31) Warning: (4105) Implicit string type conversion with potential data loss from "UnicodeString" to "TTranslateString"
/mnt/win_share/OburecGH/Lazarus/RecorderLnx/Tools/LinuxSetupManager/uLinuxSetupManagerMain.pas(62,30) Hint: (5024) Parameter "Sender" not used
/mnt/win_share/OburecGH/Lazarus/RecorderLnx/Tools/LinuxSetupManager/uLinuxSetupManagerMain.pas(62,47) Hint: (5024) Parameter "User" not used
/mnt/win_share/OburecGH/Lazarus/RecorderLnx/Tools/LinuxSetupManager/uLinuxSetupManagerMain.pas(58,33) Hint: (5024) Parameter "Sender" not used
/mnt/win_share/OburecGH/Lazarus/RecorderLnx/Tools/LinuxSetupManager/uLinuxSetupManagerMain.pas(59,36) Hint: (5024) Parameter "Sender" not used
/mnt/win_share/OburecGH/Lazarus/RecorderLnx/Tools/LinuxSetupManager/uLinuxSetupManagerMain.pas(73,35) Hint: (5024) Parameter "Sender" not used
/mnt/win_share/OburecGH/Lazarus/RecorderLnx/Tools/LinuxSetupManager/uLinuxSetupManagerMain.pas(1038,19) Warning: (4104) Implicit string type conversion from "AnsiString" to "UnicodeString"
/mnt/win_share/OburecGH/Lazarus/RecorderLnx/Tools/LinuxSetupManager/uLinuxSetupManagerMain.pas(1038,51) Warning: (4105) Implicit string type conversion with potential data loss from "UnicodeString" to "AnsiString"
/mnt/win_share/OburecGH/Lazarus/RecorderLnx/Tools/LinuxSetupManager/uLinuxSetupManagerMain.pas(60,30) Hint: (5024) Parameter "Sender" not used
/mnt/win_share/OburecGH/Lazarus/RecorderLnx/Tools/LinuxSetupManager/uLinuxSetupManagerMain.pas(61,34) Hint: (5024) Parameter "Sender" not used
/mnt/win_share/OburecGH/Lazarus/RecorderLnx/Tools/LinuxSetupManager/uLinuxSetupManagerMain.pas(51,32) Hint: (5024) Parameter "Sender" not used
/mnt/win_share/OburecGH/Lazarus/RecorderLnx/Tools/LinuxSetupManager/uLinuxSetupManagerMain.pas(1074,79) Warning: (4104) Implicit string type conversion from "AnsiString" to "UnicodeString"
/mnt/win_share/OburecGH/Lazarus/RecorderLnx/Tools/LinuxSetupManager/uLinuxSetupManagerMain.pas(1074,95) Warning: (4105) Implicit string type conversion with potential data loss from "UnicodeString" to "TTranslateString"
/mnt/win_share/OburecGH/Lazarus/RecorderLnx/Tools/LinuxSetupManager/uLinuxSetupManagerMain.pas(1078,56) Warning: (4104) Implicit string type conversion from "AnsiString" to "UnicodeString"
/mnt/win_share/OburecGH/Lazarus/RecorderLnx/Tools/LinuxSetupManager/uLinuxSetupManagerMain.pas(1078,63) Warning: (4105) Implicit string type conversion with potential data loss from "UnicodeString" to "AnsiString"
/mnt/win_share/OburecGH/Lazarus/RecorderLnx/Tools/LinuxSetupManager/uLinuxSetupManagerMain.pas(52,33) Hint: (5024) Parameter "Sender" not used
/mnt/win_share/OburecGH/Lazarus/RecorderLnx/Tools/LinuxSetupManager/uLinuxSetupManagerMain.pas(1115,32) Warning: (4104) Implicit string type conversion from "AnsiString" to "UnicodeString"
/mnt/win_share/OburecGH/Lazarus/RecorderLnx/Tools/LinuxSetupManager/uLinuxSetupManagerMain.pas(1115,30) Warning: (4105) Implicit string type conversion with potential data loss from "UnicodeString" to "AnsiString"
/mnt/win_share/OburecGH/Lazarus/RecorderLnx/Tools/LinuxSetupManager/uLinuxSetupManagerMain.pas(1138,95) Warning: (4104) Implicit string type conversion from "AnsiString" to "UnicodeString"
/mnt/win_share/OburecGH/Lazarus/RecorderLnx/Tools/LinuxSetupManager/uLinuxSetupManagerMain.pas(1138,102) Warning: (4105) Implicit string type conversion with potential data loss from "UnicodeString" to "TTranslateString"
/mnt/win_share/OburecGH/Lazarus/RecorderLnx/Tools/LinuxSetupManager/uLinuxSetupManagerMain.pas(1157,61) Warning: (4104) Implicit string type conversion from "AnsiString" to "UnicodeString"
/mnt/win_share/OburecGH/Lazarus/RecorderLnx/Tools/LinuxSetupManager/uLinuxSetupManagerMain.pas(1157,69) Warning: (4105) Implicit string type conversion with potential data loss from "UnicodeString" to "TTranslateString"
/mnt/win_share/OburecGH/Lazarus/RecorderLnx/Tools/LinuxSetupManager/uLinuxSetupManagerMain.pas(53,37) Hint: (5024) Parameter "Sender" not used
/mnt/win_share/OburecGH/Lazarus/RecorderLnx/Tools/LinuxSetupManager/uLinuxSetupManagerMain.pas(54,36) Hint: (5024) Parameter "Sender" not used
/mnt/win_share/OburecGH/Lazarus/RecorderLnx/Tools/LinuxSetupManager/uLinuxSetupManagerMain.pas(1192,69) Warning: (4104) Implicit string type conversion from "AnsiString" to "UnicodeString"
/mnt/win_share/OburecGH/Lazarus/RecorderLnx/Tools/LinuxSetupManager/uLinuxSetupManagerMain.pas(1192,88) Warning: (4104) Implicit string type conversion from "AnsiString" to "UnicodeString"
/mnt/win_share/OburecGH/Lazarus/RecorderLnx/Tools/LinuxSetupManager/uLinuxSetupManagerMain.pas(1192,99) Warning: (4105) Implicit string type conversion with potential data loss from "UnicodeString" to "AnsiString"
/mnt/win_share/OburecGH/Lazarus/RecorderLnx/Tools/LinuxSetupManager/uLinuxSetupManagerMain.pas(1196,58) Warning: (4104) Implicit string type conversion from "AnsiString" to "UnicodeString"
/mnt/win_share/OburecGH/Lazarus/RecorderLnx/Tools/LinuxSetupManager/uLinuxSetupManagerMain.pas(1196,84) Warning: (4105) Implicit string type conversion with potential data loss from "UnicodeString" to "TTranslateString"
/mnt/win_share/OburecGH/Lazarus/RecorderLnx/Tools/LinuxSetupManager/uLinuxSetupManagerMain.pas(1200,72) Warning: (4104) Implicit string type conversion from "AnsiString" to "UnicodeString"
/mnt/win_share/OburecGH/Lazarus/RecorderLnx/Tools/LinuxSetupManager/uLinuxSetupManagerMain.pas(1200,79) Warning: (4105) Implicit string type conversion with potential data loss from "UnicodeString" to "AnsiString"
/mnt/win_share/OburecGH/Lazarus/RecorderLnx/Tools/LinuxSetupManager/uLinuxSetupManagerMain.pas(56,36) Hint: (5024) Parameter "Sender" not used
/mnt/win_share/OburecGH/Lazarus/RecorderLnx/Tools/LinuxSetupManager/uLinuxSetupManagerMain.pas(1215,58) Warning: (4104) Implicit string type conversion from "AnsiString" to "UnicodeString"
/mnt/win_share/OburecGH/Lazarus/RecorderLnx/Tools/LinuxSetupManager/uLinuxSetupManagerMain.pas(1216,91) Warning: (4105) Implicit string type conversion with potential data loss from "UnicodeString" to "AnsiString"
/mnt/win_share/OburecGH/Lazarus/RecorderLnx/Tools/LinuxSetupManager/uLinuxSetupManagerMain.pas(1220,55) Warning: (4104) Implicit string type conversion from "AnsiString" to "UnicodeString"
/mnt/win_share/OburecGH/Lazarus/RecorderLnx/Tools/LinuxSetupManager/uLinuxSetupManagerMain.pas(1220,81) Warning: (4105) Implicit string type conversion with potential data loss from "UnicodeString" to "TTranslateString"
/mnt/win_share/OburecGH/Lazarus/RecorderLnx/Tools/LinuxSetupManager/uLinuxSetupManagerMain.pas(1224,78) Warning: (4104) Implicit string type conversion from "AnsiString" to "UnicodeString"
/mnt/win_share/OburecGH/Lazarus/RecorderLnx/Tools/LinuxSetupManager/uLinuxSetupManagerMain.pas(1224,85) Warning: (4105) Implicit string type conversion with potential data loss from "UnicodeString" to "AnsiString"
/mnt/win_share/OburecGH/Lazarus/RecorderLnx/Tools/LinuxSetupManager/uLinuxSetupManagerMain.pas(57,36) Hint: (5024) Parameter "Sender" not used
/mnt/win_share/OburecGH/Lazarus/RecorderLnx/Tools/LinuxSetupManager/uLinuxSetupManagerMain.pas(1278,81) Warning: (4104) Implicit string type conversion from "AnsiString" to "UnicodeString"
/mnt/win_share/OburecGH/Lazarus/RecorderLnx/Tools/LinuxSetupManager/uLinuxSetupManagerMain.pas(1278,92) Warning: (4105) Implicit string type conversion with potential data loss from "UnicodeString" to "AnsiString"
/mnt/win_share/OburecGH/Lazarus/RecorderLnx/Tools/LinuxSetupManager/uLinuxSetupManagerMain.pas(1298,91) Warning: (4104) Implicit string type conversion from "AnsiString" to "UnicodeString"
/mnt/win_share/OburecGH/Lazarus/RecorderLnx/Tools/LinuxSetupManager/uLinuxSetupManagerMain.pas(1298,99) Warning: (4105) Implicit string type conversion with potential data loss from "UnicodeString" to "AnsiString"
/mnt/win_share/OburecGH/Lazarus/RecorderLnx/Tools/LinuxSetupManager/uLinuxSetupManagerMain.pas(48,30) Hint: (5024) Parameter "Sender" not used
/mnt/win_share/OburecGH/Lazarus/RecorderLnx/Tools/LinuxSetupManager/uLinuxSetupManagerMain.pas(63,32) Hint: (5024) Parameter "Sender" not used
/mnt/win_share/OburecGH/Lazarus/RecorderLnx/Tools/LinuxSetupManager/uLinuxSetupManagerMain.pas(49,30) Hint: (5024) Parameter "Sender" not used
/mnt/win_share/OburecGH/Lazarus/RecorderLnx/Tools/LinuxSetupManager/uLinuxSetupManagerMain.pas(108,3) Hint: (5028) Local const "CShareHelper" is not used
/mnt/win_share/OburecGH/Lazarus/RecorderLnx/Tools/LinuxSetupManager/uLinuxSetupManagerMain.pas(109,3) Hint: (5028) Local const "CConnectHelper" is not used
(3104) Compiling uLinuxSetupManagerEmbedded.pas
(3104) Compiling uLinuxSetupManagerNetwork.pas
/mnt/win_share/OburecGH/Lazarus/RecorderLnx/Tools/LinuxSetupManager/uLinuxSetupManagerNetwork.pas(157,60) Warning: (4104) Implicit string type conversion from "AnsiString" to "UnicodeString"
/mnt/win_share/OburecGH/Lazarus/RecorderLnx/Tools/LinuxSetupManager/uLinuxSetupManagerNetwork.pas(157,52) Warning: (4105) Implicit string type conversion with potential data loss from "UnicodeString" to "AnsiString"
/mnt/win_share/OburecGH/Lazarus/RecorderLnx/Tools/LinuxSetupManager/uLinuxSetupManagerNetwork.pas(202,36) Warning: (4104) Implicit string type conversion from "AnsiString" to "UnicodeString"
/mnt/win_share/OburecGH/Lazarus/RecorderLnx/Tools/LinuxSetupManager/uLinuxSetupManagerNetwork.pas(203,37) Warning: (4104) Implicit string type conversion from "AnsiString" to "UnicodeString"
/mnt/win_share/OburecGH/Lazarus/RecorderLnx/Tools/LinuxSetupManager/uLinuxSetupManagerNetwork.pas(203,52) Warning: (4105) Implicit string type conversion with potential data loss from "UnicodeString" to "AnsiString"
/mnt/win_share/OburecGH/Lazarus/RecorderLnx/Tools/LinuxSetupManager/uLinuxSetupManagerNetwork.pas(204,34) Warning: (4104) Implicit string type conversion from "AnsiString" to "UnicodeString"
/mnt/win_share/OburecGH/Lazarus/RecorderLnx/Tools/LinuxSetupManager/uLinuxSetupManagerNetwork.pas(204,62) Warning: (4105) Implicit string type conversion with potential data loss from "UnicodeString" to "AnsiString"
/mnt/win_share/OburecGH/Lazarus/RecorderLnx/Tools/LinuxSetupManager/uLinuxSetupManagerNetwork.pas(205,18) Warning: (4104) Implicit string type conversion from "AnsiString" to "UnicodeString"
/mnt/win_share/OburecGH/Lazarus/RecorderLnx/Tools/LinuxSetupManager/uLinuxSetupManagerNetwork.pas(205,51) Warning: (4104) Implicit string type conversion from "AnsiString" to "UnicodeString"
/mnt/win_share/OburecGH/Lazarus/RecorderLnx/Tools/LinuxSetupManager/uLinuxSetupManagerNetwork.pas(205,60) Warning: (4105) Implicit string type conversion with potential data loss from "UnicodeString" to "AnsiString"
/mnt/win_share/OburecGH/Lazarus/RecorderLnx/Tools/LinuxSetupManager/uLinuxSetupManagerNetwork.pas(206,43) Warning: (4104) Implicit string type conversion from "AnsiString" to "UnicodeString"
/mnt/win_share/OburecGH/Lazarus/RecorderLnx/Tools/LinuxSetupManager/uLinuxSetupManagerNetwork.pas(206,74) Warning: (4104) Implicit string type conversion from "AnsiString" to "UnicodeString"
/mnt/win_share/OburecGH/Lazarus/RecorderLnx/Tools/LinuxSetupManager/uLinuxSetupManagerNetwork.pas(206,83) Warning: (4105) Implicit string type conversion with potential data loss from "UnicodeString" to "AnsiString"
/mnt/win_share/OburecGH/Lazarus/RecorderLnx/Tools/LinuxSetupManager/uLinuxSetupManagerNetwork.pas(209,15) Warning: (4104) Implicit string type conversion from "AnsiString" to "UnicodeString"
/mnt/win_share/OburecGH/Lazarus/RecorderLnx/Tools/LinuxSetupManager/uLinuxSetupManagerNetwork.pas(209,52) Warning: (4104) Implicit string type conversion from "AnsiString" to "UnicodeString"
/mnt/win_share/OburecGH/Lazarus/RecorderLnx/Tools/LinuxSetupManager/uLinuxSetupManagerNetwork.pas(209,68) Warning: (4105) Implicit string type conversion with potential data loss from "UnicodeString" to "AnsiString"
/mnt/win_share/OburecGH/Lazarus/RecorderLnx/Tools/LinuxSetupManager/uLinuxSetupManagerNetwork.pas(210,13) Warning: (4104) Implicit string type conversion from "AnsiString" to "UnicodeString"
/mnt/win_share/OburecGH/Lazarus/RecorderLnx/Tools/LinuxSetupManager/uLinuxSetupManagerNetwork.pas(210,116) Warning: (4105) Implicit string type conversion with potential data loss from "UnicodeString" to "AnsiString"
/mnt/win_share/OburecGH/Lazarus/RecorderLnx/Tools/LinuxSetupManager/uLinuxSetupManagerNetwork.pas(221,75) Warning: (4104) Implicit string type conversion from "RawByteString" to "UnicodeString"
/mnt/win_share/OburecGH/Lazarus/RecorderLnx/Tools/LinuxSetupManager/uLinuxSetupManagerNetwork.pas(221,73) Warning: (4105) Implicit string type conversion with potential data loss from "UnicodeString" to "AnsiString"
/mnt/win_share/OburecGH/Lazarus/RecorderLnx/Tools/LinuxSetupManager/uLinuxSetupManagerNetwork.pas(224,76) Warning: (4104) Implicit string type conversion from "AnsiString" to "UnicodeString"
/mnt/win_share/OburecGH/Lazarus/RecorderLnx/Tools/LinuxSetupManager/uLinuxSetupManagerNetwork.pas(224,74) Warning: (4105) Implicit string type conversion with potential data loss from "UnicodeString" to "AnsiString"
/mnt/win_share/OburecGH/Lazarus/RecorderLnx/Tools/LinuxSetupManager/uLinuxSetupManagerNetwork.pas(227,90) Warning: (4104) Implicit string type conversion from "AnsiString" to "UnicodeString"
/mnt/win_share/OburecGH/Lazarus/RecorderLnx/Tools/LinuxSetupManager/uLinuxSetupManagerNetwork.pas(227,88) Warning: (4105) Implicit string type conversion with potential data loss from "UnicodeString" to "AnsiString"
/mnt/win_share/OburecGH/Lazarus/RecorderLnx/Tools/LinuxSetupManager/uLinuxSetupManagerNetwork.pas(230,77) Warning: (4104) Implicit string type conversion from "AnsiString" to "UnicodeString"
/mnt/win_share/OburecGH/Lazarus/RecorderLnx/Tools/LinuxSetupManager/uLinuxSetupManagerNetwork.pas(230,75) Warning: (4105) Implicit string type conversion with potential data loss from "UnicodeString" to "AnsiString"
/mnt/win_share/OburecGH/Lazarus/RecorderLnx/Tools/LinuxSetupManager/uLinuxSetupManagerNetwork.pas(229,15) Note: (6058) Call to subroutine "function FpWrite(fd:LongInt;const buf:<Formal type>;nbytes:QWord):Int64;" marked as inline is not inlined
/mnt/win_share/OburecGH/Lazarus/RecorderLnx/Tools/LinuxSetupManager/uLinuxSetupManagerNetwork.pas(285,44) Warning: (4104) Implicit string type conversion from "AnsiString" to "UnicodeString"
/mnt/win_share/OburecGH/Lazarus/RecorderLnx/Tools/LinuxSetupManager/uLinuxSetupManagerNetwork.pas(285,95) Warning: (4104) Implicit string type conversion from "AnsiString" to "UnicodeString"
/mnt/win_share/OburecGH/Lazarus/RecorderLnx/Tools/LinuxSetupManager/uLinuxSetupManagerNetwork.pas(285,93) Warning: (4105) Implicit string type conversion with potential data loss from "UnicodeString" to "AnsiString"
/mnt/win_share/OburecGH/Lazarus/RecorderLnx/Tools/LinuxSetupManager/uLinuxSetupManagerNetwork.pas(360,44) Warning: (4104) Implicit string type conversion from "AnsiString" to "UnicodeString"
/mnt/win_share/OburecGH/Lazarus/RecorderLnx/Tools/LinuxSetupManager/uLinuxSetupManagerNetwork.pas(360,95) Warning: (4104) Implicit string type conversion from "AnsiString" to "UnicodeString"
/mnt/win_share/OburecGH/Lazarus/RecorderLnx/Tools/LinuxSetupManager/uLinuxSetupManagerNetwork.pas(360,93) Warning: (4105) Implicit string type conversion with potential data loss from "UnicodeString" to "AnsiString"
/mnt/win_share/OburecGH/Lazarus/RecorderLnx/Tools/LinuxSetupManager/uLinuxSetupManagerNetwork.pas(450,41) Warning: (4104) Implicit string type conversion from "AnsiString" to "UnicodeString"
/mnt/win_share/OburecGH/Lazarus/RecorderLnx/Tools/LinuxSetupManager/uLinuxSetupManagerNetwork.pas(450,39) Warning: (4105) Implicit string type conversion with potential data loss from "UnicodeString" to "AnsiString"
/mnt/win_share/OburecGH/Lazarus/RecorderLnx/Tools/LinuxSetupManager/uLinuxSetupManagerNetwork.pas(451,66) Warning: (4104) Implicit string type conversion from "AnsiString" to "UnicodeString"
/mnt/win_share/OburecGH/Lazarus/RecorderLnx/Tools/LinuxSetupManager/uLinuxSetupManagerNetwork.pas(451,64) Warning: (4105) Implicit string type conversion with potential data loss from "UnicodeString" to "AnsiString"
/mnt/win_share/OburecGH/Lazarus/RecorderLnx/Tools/LinuxSetupManager/uLinuxSetupManagerNetwork.pas(471,69) Warning: (4104) Implicit string type conversion from "AnsiString" to "UnicodeString"
/mnt/win_share/OburecGH/Lazarus/RecorderLnx/Tools/LinuxSetupManager/uLinuxSetupManagerNetwork.pas(471,67) Warning: (4105) Implicit string type conversion with potential data loss from "UnicodeString" to "AnsiString"
/mnt/win_share/OburecGH/Lazarus/RecorderLnx/Tools/LinuxSetupManager/uLinuxSetupManagerNetwork.pas(485,79) Warning: (4104) Implicit string type conversion from "AnsiString" to "UnicodeString"
/mnt/win_share/OburecGH/Lazarus/RecorderLnx/Tools/LinuxSetupManager/uLinuxSetupManagerNetwork.pas(485,86) Warning: (4105) Implicit string type conversion with potential data loss from "UnicodeString" to "AnsiString"
/mnt/win_share/OburecGH/Lazarus/RecorderLnx/Tools/LinuxSetupManager/uLinuxSetupManagerNetwork.pas(537,106) Warning: (4104) Implicit string type conversion from "AnsiString" to "UnicodeString"
/mnt/win_share/OburecGH/Lazarus/RecorderLnx/Tools/LinuxSetupManager/uLinuxSetupManagerNetwork.pas(537,104) Warning: (4105) Implicit string type conversion with potential data loss from "UnicodeString" to "AnsiString"
/mnt/win_share/OburecGH/Lazarus/RecorderLnx/Tools/LinuxSetupManager/uLinuxSetupManagerNetwork.pas(539,50) Warning: (4104) Implicit string type conversion from "AnsiString" to "UnicodeString"
/mnt/win_share/OburecGH/Lazarus/RecorderLnx/Tools/LinuxSetupManager/uLinuxSetupManagerNetwork.pas(539,64) Warning: (4104) Implicit string type conversion from "AnsiString" to "UnicodeString"
/mnt/win_share/OburecGH/Lazarus/RecorderLnx/Tools/LinuxSetupManager/uLinuxSetupManagerNetwork.pas(539,70) Warning: (4105) Implicit string type conversion with potential data loss from "UnicodeString" to "AnsiString"
(3104) Compiling uLinuxSetupManagerAccess.pas
/mnt/win_share/OburecGH/Lazarus/RecorderLnx/Tools/LinuxSetupManager/uLinuxSetupManagerAccess.pas(55,47) Hint: (5057) Local variable "lBuffer" does not seem to be initialized
/mnt/win_share/OburecGH/Lazarus/RecorderLnx/Tools/LinuxSetupManager/uLinuxSetupManagerAccess.pas(121,83) Warning: (4104) Implicit string type conversion from "AnsiString" to "UnicodeString"
/mnt/win_share/OburecGH/Lazarus/RecorderLnx/Tools/LinuxSetupManager/uLinuxSetupManagerAccess.pas(121,88) Warning: (4105) Implicit string type conversion with potential data loss from "UnicodeString" to "AnsiString"
/mnt/win_share/OburecGH/Lazarus/RecorderLnx/Tools/LinuxSetupManager/uLinuxSetupManagerAccess.pas(136,61) Warning: (4104) Implicit string type conversion from "AnsiString" to "UnicodeString"
/mnt/win_share/OburecGH/Lazarus/RecorderLnx/Tools/LinuxSetupManager/uLinuxSetupManagerAccess.pas(136,70) Warning: (4105) Implicit string type conversion with potential data loss from "UnicodeString" to "AnsiString"
/mnt/win_share/OburecGH/Lazarus/RecorderLnx/Tools/LinuxSetupManager/uLinuxSetupManagerAccess.pas(169,84) Warning: (4104) Implicit string type conversion from "AnsiString" to "UnicodeString"
/mnt/win_share/OburecGH/Lazarus/RecorderLnx/Tools/LinuxSetupManager/uLinuxSetupManagerAccess.pas(169,93) Warning: (4105) Implicit string type conversion with potential data loss from "UnicodeString" to "AnsiString"
/mnt/win_share/OburecGH/Lazarus/RecorderLnx/Tools/LinuxSetupManager/uLinuxSetupManagerAccess.pas(173,16) Warning: (4104) Implicit string type conversion from "AnsiString" to "UnicodeString"
/mnt/win_share/OburecGH/Lazarus/RecorderLnx/Tools/LinuxSetupManager/uLinuxSetupManagerAccess.pas(173,34) Warning: (4105) Implicit string type conversion with potential data loss from "UnicodeString" to "AnsiString"
/mnt/win_share/OburecGH/Lazarus/RecorderLnx/Tools/LinuxSetupManager/uLinuxSetupManagerAccess.pas(177,16) Warning: (4104) Implicit string type conversion from "AnsiString" to "UnicodeString"
/mnt/win_share/OburecGH/Lazarus/RecorderLnx/Tools/LinuxSetupManager/uLinuxSetupManagerAccess.pas(177,35) Warning: (4105) Implicit string type conversion with potential data loss from "UnicodeString" to "AnsiString"
/mnt/win_share/OburecGH/Lazarus/RecorderLnx/Tools/LinuxSetupManager/uLinuxSetupManagerAccess.pas(206,96) Warning: (4104) Implicit string type conversion from "AnsiString" to "UnicodeString"
/mnt/win_share/OburecGH/Lazarus/RecorderLnx/Tools/LinuxSetupManager/uLinuxSetupManagerAccess.pas(206,107) Warning: (4105) Implicit string type conversion with potential data loss from "UnicodeString" to "AnsiString"
/mnt/win_share/OburecGH/Lazarus/RecorderLnx/Tools/LinuxSetupManager/uLinuxSetupManagerAccess.pas(229,38) Warning: (5044) Symbol "faSymLink" is not portable
/mnt/win_share/OburecGH/Lazarus/RecorderLnx/Tools/LinuxSetupManager/uLinuxSetupManagerAccess.pas(292,111) Warning: (4104) Implicit string type conversion from "AnsiString" to "UnicodeString"
/mnt/win_share/OburecGH/Lazarus/RecorderLnx/Tools/LinuxSetupManager/uLinuxSetupManagerAccess.pas(292,118) Warning: (4105) Implicit string type conversion with potential data loss from "UnicodeString" to "AnsiString"
/mnt/win_share/OburecGH/Lazarus/RecorderLnx/Tools/LinuxSetupManager/uLinuxSetupManagerAccess.pas(323,77) Warning: (4104) Implicit string type conversion from "AnsiString" to "UnicodeString"
/mnt/win_share/OburecGH/Lazarus/RecorderLnx/Tools/LinuxSetupManager/uLinuxSetupManagerAccess.pas(323,82) Warning: (4105) Implicit string type conversion with potential data loss from "UnicodeString" to "AnsiString"
/mnt/win_share/OburecGH/Lazarus/RecorderLnx/Tools/LinuxSetupManager/uLinuxSetupManagerAccess.pas(330,71) Warning: (4104) Implicit string type conversion from "AnsiString" to "UnicodeString"
/mnt/win_share/OburecGH/Lazarus/RecorderLnx/Tools/LinuxSetupManager/uLinuxSetupManagerAccess.pas(330,76) Warning: (4105) Implicit string type conversion with potential data loss from "UnicodeString" to "AnsiString"
/mnt/win_share/OburecGH/Lazarus/RecorderLnx/Tools/LinuxSetupManager/uLinuxSetupManagerAccess.pas(346,77) Warning: (4104) Implicit string type conversion from "AnsiString" to "UnicodeString"
/mnt/win_share/OburecGH/Lazarus/RecorderLnx/Tools/LinuxSetupManager/uLinuxSetupManagerAccess.pas(346,82) Warning: (4105) Implicit string type conversion with potential data loss from "UnicodeString" to "AnsiString"
/mnt/win_share/OburecGH/Lazarus/RecorderLnx/Tools/LinuxSetupManager/uLinuxSetupManagerAccess.pas(382,92) Warning: (4104) Implicit string type conversion from "AnsiString" to "UnicodeString"
/mnt/win_share/OburecGH/Lazarus/RecorderLnx/Tools/LinuxSetupManager/uLinuxSetupManagerAccess.pas(382,99) Warning: (4105) Implicit string type conversion with potential data loss from "UnicodeString" to "AnsiString"
(3104) Compiling uLinuxSetupManagerDisks.pas
/mnt/win_share/OburecGH/Lazarus/RecorderLnx/Tools/LinuxSetupManager/uLinuxSetupManagerDisks.pas(53,49) Hint: (5057) Local variable "lBuffer" does not seem to be initialized
/mnt/win_share/OburecGH/Lazarus/RecorderLnx/Tools/LinuxSetupManager/uLinuxSetupManagerDisks.pas(65,93) Warning: (4104) Implicit string type conversion from "AnsiString" to "UnicodeString"
/mnt/win_share/OburecGH/Lazarus/RecorderLnx/Tools/LinuxSetupManager/uLinuxSetupManagerDisks.pas(66,26) Warning: (4104) Implicit string type conversion from "AnsiString" to "UnicodeString"
/mnt/win_share/OburecGH/Lazarus/RecorderLnx/Tools/LinuxSetupManager/uLinuxSetupManagerDisks.pas(66,24) Warning: (4105) Implicit string type conversion with potential data loss from "UnicodeString" to "AnsiString"
/mnt/win_share/OburecGH/Lazarus/RecorderLnx/Tools/LinuxSetupManager/uLinuxSetupManagerDisks.pas(73,32) Warning: (4104) Implicit string type conversion from "AnsiString" to "UnicodeString"
/mnt/win_share/OburecGH/Lazarus/RecorderLnx/Tools/LinuxSetupManager/uLinuxSetupManagerDisks.pas(73,77) Warning: (4104) Implicit string type conversion from "AnsiString" to "UnicodeString"
/mnt/win_share/OburecGH/Lazarus/RecorderLnx/Tools/LinuxSetupManager/uLinuxSetupManagerDisks.pas(73,75) Warning: (4105) Implicit string type conversion with potential data loss from "UnicodeString" to "AnsiString"
/mnt/win_share/OburecGH/Lazarus/RecorderLnx/Tools/LinuxSetupManager/uLinuxSetupManagerDisks.pas(114,92) Warning: (4104) Implicit string type conversion from "AnsiString" to "UnicodeString"
/mnt/win_share/OburecGH/Lazarus/RecorderLnx/Tools/LinuxSetupManager/uLinuxSetupManagerDisks.pas(114,101) Warning: (4105) Implicit string type conversion with potential data loss from "UnicodeString" to "AnsiString"
/mnt/win_share/OburecGH/Lazarus/RecorderLnx/Tools/LinuxSetupManager/uLinuxSetupManagerDisks.pas(207,90) Warning: (4104) Implicit string type conversion from "AnsiString" to "UnicodeString"
/mnt/win_share/OburecGH/Lazarus/RecorderLnx/Tools/LinuxSetupManager/uLinuxSetupManagerDisks.pas(207,87) Warning: (4105) Implicit string type conversion with potential data loss from "UnicodeString" to "AnsiString"
/mnt/win_share/OburecGH/Lazarus/RecorderLnx/Tools/LinuxSetupManager/uLinuxSetupManagerDisks.pas(284,105) Warning: (4104) Implicit string type conversion from "AnsiString" to "UnicodeString"
/mnt/win_share/OburecGH/Lazarus/RecorderLnx/Tools/LinuxSetupManager/uLinuxSetupManagerDisks.pas(285,16) Warning: (4104) Implicit string type conversion from "AnsiString" to "UnicodeString"
/mnt/win_share/OburecGH/Lazarus/RecorderLnx/Tools/LinuxSetupManager/uLinuxSetupManagerDisks.pas(285,14) Warning: (4105) Implicit string type conversion with potential data loss from "UnicodeString" to "AnsiString"
/mnt/win_share/OburecGH/Lazarus/RecorderLnx/Tools/LinuxSetupManager/uLinuxSetupManagerDisks.pas(333,94) Warning: (4104) Implicit string type conversion from "AnsiString" to "UnicodeString"
/mnt/win_share/OburecGH/Lazarus/RecorderLnx/Tools/LinuxSetupManager/uLinuxSetupManagerDisks.pas(333,91) Warning: (4105) Implicit string type conversion with potential data loss from "UnicodeString" to "AnsiString"
/mnt/win_share/OburecGH/Lazarus/RecorderLnx/Tools/LinuxSetupManager/uLinuxSetupManagerDisks.pas(396,123) Warning: (4104) Implicit string type conversion from "AnsiString" to "UnicodeString"
/mnt/win_share/OburecGH/Lazarus/RecorderLnx/Tools/LinuxSetupManager/uLinuxSetupManagerDisks.pas(396,121) Warning: (4105) Implicit string type conversion with potential data loss from "UnicodeString" to "AnsiString"
/mnt/win_share/OburecGH/Lazarus/RecorderLnx/Tools/LinuxSetupManager/uLinuxSetupManagerDisks.pas(398,98) Warning: (4104) Implicit string type conversion from "AnsiString" to "UnicodeString"
/mnt/win_share/OburecGH/Lazarus/RecorderLnx/Tools/LinuxSetupManager/uLinuxSetupManagerDisks.pas(398,96) Warning: (4105) Implicit string type conversion with potential data loss from "UnicodeString" to "AnsiString"
/mnt/win_share/OburecGH/Lazarus/RecorderLnx/Tools/LinuxSetupManager/uLinuxSetupManagerDisks.pas(478,43) Warning: (4104) Implicit string type conversion from "AnsiString" to "UnicodeString"
/mnt/win_share/OburecGH/Lazarus/RecorderLnx/Tools/LinuxSetupManager/uLinuxSetupManagerDisks.pas(478,41) Warning: (4105) Implicit string type conversion with potential data loss from "UnicodeString" to "AnsiString"
/mnt/win_share/OburecGH/Lazarus/RecorderLnx/Tools/LinuxSetupManager/uLinuxSetupManagerDisks.pas(552,106) Warning: (4104) Implicit string type conversion from "AnsiString" to "UnicodeString"
/mnt/win_share/OburecGH/Lazarus/RecorderLnx/Tools/LinuxSetupManager/uLinuxSetupManagerDisks.pas(552,104) Warning: (4105) Implicit string type conversion with potential data loss from "UnicodeString" to "AnsiString"
/mnt/win_share/OburecGH/Lazarus/RecorderLnx/Tools/LinuxSetupManager/uLinuxSetupManagerDisks.pas(555,43) Warning: (4104) Implicit string type conversion from "AnsiString" to "UnicodeString"
/mnt/win_share/OburecGH/Lazarus/RecorderLnx/Tools/LinuxSetupManager/uLinuxSetupManagerDisks.pas(555,65) Warning: (4104) Implicit string type conversion from "AnsiString" to "UnicodeString"
/mnt/win_share/OburecGH/Lazarus/RecorderLnx/Tools/LinuxSetupManager/uLinuxSetupManagerDisks.pas(556,19) Warning: (4104) Implicit string type conversion from "AnsiString" to "UnicodeString"
/mnt/win_share/OburecGH/Lazarus/RecorderLnx/Tools/LinuxSetupManager/uLinuxSetupManagerDisks.pas(556,40) Warning: (4104) Implicit string type conversion from "AnsiString" to "UnicodeString"
/mnt/win_share/OburecGH/Lazarus/RecorderLnx/Tools/LinuxSetupManager/uLinuxSetupManagerDisks.pas(556,61) Warning: (4104) Implicit string type conversion from "AnsiString" to "UnicodeString"
/mnt/win_share/OburecGH/Lazarus/RecorderLnx/Tools/LinuxSetupManager/uLinuxSetupManagerDisks.pas(556,59) Warning: (4105) Implicit string type conversion with potential data loss from "UnicodeString" to "AnsiString"
/mnt/win_share/OburecGH/Lazarus/RecorderLnx/Tools/LinuxSetupManager/uLinuxSetupManagerDisks.pas(562,28) Warning: (4104) Implicit string type conversion from "AnsiString" to "UnicodeString"
/mnt/win_share/OburecGH/Lazarus/RecorderLnx/Tools/LinuxSetupManager/uLinuxSetupManagerDisks.pas(562,127) Warning: (4104) Implicit string type conversion from "AnsiString" to "UnicodeString"
/mnt/win_share/OburecGH/Lazarus/RecorderLnx/Tools/LinuxSetupManager/uLinuxSetupManagerDisks.pas(562,125) Warning: (4105) Implicit string type conversion with potential data loss from "UnicodeString" to "AnsiString"
/mnt/win_share/OburecGH/Lazarus/RecorderLnx/Tools/LinuxSetupManager/uLinuxSetupManagerDisks.pas(637,20) Warning: (4104) Implicit string type conversion from "AnsiString" to "UnicodeString"
/mnt/win_share/OburecGH/Lazarus/RecorderLnx/Tools/LinuxSetupManager/uLinuxSetupManagerDisks.pas(637,27) Warning: (4105) Implicit string type conversion with potential data loss from "UnicodeString" to "AnsiString"
/mnt/win_share/OburecGH/Lazarus/RecorderLnx/Tools/LinuxSetupManager/uLinuxSetupManagerDisks.pas(655,42) Warning: (4104) Implicit string type conversion from "AnsiString" to "UnicodeString"
/mnt/win_share/OburecGH/Lazarus/RecorderLnx/Tools/LinuxSetupManager/uLinuxSetupManagerDisks.pas(655,49) Warning: (4105) Implicit string type conversion with potential data loss from "UnicodeString" to "AnsiString"
/mnt/win_share/OburecGH/Lazarus/RecorderLnx/Tools/LinuxSetupManager/uLinuxSetupManagerDisks.pas(664,106) Warning: (4104) Implicit string type conversion from "AnsiString" to "UnicodeString"
/mnt/win_share/OburecGH/Lazarus/RecorderLnx/Tools/LinuxSetupManager/uLinuxSetupManagerDisks.pas(664,104) Warning: (4105) Implicit string type conversion with potential data loss from "UnicodeString" to "AnsiString"
/mnt/win_share/OburecGH/Lazarus/RecorderLnx/Tools/LinuxSetupManager/uLinuxSetupManagerDisks.pas(671,97) Warning: (4104) Implicit string type conversion from "AnsiString" to "UnicodeString"
/mnt/win_share/OburecGH/Lazarus/RecorderLnx/Tools/LinuxSetupManager/uLinuxSetupManagerDisks.pas(671,95) Warning: (4105) Implicit string type conversion with potential data loss from "UnicodeString" to "AnsiString"
/mnt/win_share/OburecGH/Lazarus/RecorderLnx/Tools/LinuxSetupManager/uLinuxSetupManagerDisks.pas(674,112) Warning: (4104) Implicit string type conversion from "AnsiString" to "UnicodeString"
/mnt/win_share/OburecGH/Lazarus/RecorderLnx/Tools/LinuxSetupManager/uLinuxSetupManagerDisks.pas(674,110) Warning: (4105) Implicit string type conversion with potential data loss from "UnicodeString" to "AnsiString"
/mnt/win_share/OburecGH/Lazarus/RecorderLnx/Tools/LinuxSetupManager/uLinuxSetupManagerDisks.pas(690,97) Warning: (4104) Implicit string type conversion from "AnsiString" to "UnicodeString"
/mnt/win_share/OburecGH/Lazarus/RecorderLnx/Tools/LinuxSetupManager/uLinuxSetupManagerDisks.pas(691,16) Warning: (4104) Implicit string type conversion from "AnsiString" to "UnicodeString"
/mnt/win_share/OburecGH/Lazarus/RecorderLnx/Tools/LinuxSetupManager/uLinuxSetupManagerDisks.pas(691,14) Warning: (4105) Implicit string type conversion with potential data loss from "UnicodeString" to "AnsiString"
/mnt/win_share/OburecGH/Lazarus/RecorderLnx/Tools/LinuxSetupManager/uLinuxSetupManagerDisks.pas(693,113) Warning: (4104) Implicit string type conversion from "AnsiString" to "UnicodeString"
/mnt/win_share/OburecGH/Lazarus/RecorderLnx/Tools/LinuxSetupManager/uLinuxSetupManagerDisks.pas(693,111) Warning: (4105) Implicit string type conversion with potential data loss from "UnicodeString" to "AnsiString"
/mnt/win_share/OburecGH/Lazarus/RecorderLnx/Tools/LinuxSetupManager/uLinuxSetupManagerDisks.pas(695,26) Warning: (4104) Implicit string type conversion from "AnsiString" to "UnicodeString"
/mnt/win_share/OburecGH/Lazarus/RecorderLnx/Tools/LinuxSetupManager/uLinuxSetupManagerDisks.pas(696,81) Warning: (4104) Implicit string type conversion from "AnsiString" to "UnicodeString"
/mnt/win_share/OburecGH/Lazarus/RecorderLnx/Tools/LinuxSetupManager/uLinuxSetupManagerDisks.pas(696,79) Warning: (4105) Implicit string type conversion with potential data loss from "UnicodeString" to "AnsiString"
/mnt/win_share/OburecGH/Lazarus/RecorderLnx/Tools/LinuxSetupManager/uLinuxSetupManagerDisks.pas(699,45) Warning: (4104) Implicit string type conversion from "AnsiString" to "UnicodeString"
/mnt/win_share/OburecGH/Lazarus/RecorderLnx/Tools/LinuxSetupManager/uLinuxSetupManagerDisks.pas(699,64) Warning: (4104) Implicit string type conversion from "AnsiString" to "UnicodeString"
/mnt/win_share/OburecGH/Lazarus/RecorderLnx/Tools/LinuxSetupManager/uLinuxSetupManagerDisks.pas(700,17) Warning: (4104) Implicit string type conversion from "AnsiString" to "UnicodeString"
/mnt/win_share/OburecGH/Lazarus/RecorderLnx/Tools/LinuxSetupManager/uLinuxSetupManagerDisks.pas(700,33) Warning: (4104) Implicit string type conversion from "AnsiString" to "UnicodeString"
/mnt/win_share/OburecGH/Lazarus/RecorderLnx/Tools/LinuxSetupManager/uLinuxSetupManagerDisks.pas(700,31) Warning: (4105) Implicit string type conversion with potential data loss from "UnicodeString" to "AnsiString"
/mnt/win_share/OburecGH/Lazarus/RecorderLnx/Tools/LinuxSetupManager/uLinuxSetupManagerDisks.pas(728,77) Warning: (4104) Implicit string type conversion from "AnsiString" to "UnicodeString"
/mnt/win_share/OburecGH/Lazarus/RecorderLnx/Tools/LinuxSetupManager/uLinuxSetupManagerDisks.pas(728,75) Warning: (4105) Implicit string type conversion with potential data loss from "UnicodeString" to "AnsiString"
/mnt/win_share/OburecGH/Lazarus/RecorderLnx/Tools/LinuxSetupManager/uLinuxSetupManagerDisks.pas(811,26) Warning: (4104) Implicit string type conversion from "AnsiString" to "UnicodeString"
/mnt/win_share/OburecGH/Lazarus/RecorderLnx/Tools/LinuxSetupManager/uLinuxSetupManagerDisks.pas(813,119) Warning: (4105) Implicit string type conversion with potential data loss from "UnicodeString" to "AnsiString"
/mnt/win_share/OburecGH/Lazarus/RecorderLnx/Tools/LinuxSetupManager/uLinuxSetupManagerDisks.pas(818,36) Warning: (4104) Implicit string type conversion from "AnsiString" to "UnicodeString"
/mnt/win_share/OburecGH/Lazarus/RecorderLnx/Tools/LinuxSetupManager/uLinuxSetupManagerDisks.pas(819,134) Warning: (4105) Implicit string type conversion with potential data loss from "UnicodeString" to "AnsiString"
(3104) Compiling uLinuxSetupManagerSsh.pas
/mnt/win_share/OburecGH/Lazarus/RecorderLnx/Tools/LinuxSetupManager/uLinuxSetupManagerSsh.pas(38,47) Hint: (5057) Local variable "lBuffer" does not seem to be initialized
/mnt/win_share/OburecGH/Lazarus/RecorderLnx/Tools/LinuxSetupManager/uLinuxSetupManagerSsh.pas(165,100) Warning: (4104) Implicit string type conversion from "AnsiString" to "UnicodeString"
/mnt/win_share/OburecGH/Lazarus/RecorderLnx/Tools/LinuxSetupManager/uLinuxSetupManagerSsh.pas(165,98) Warning: (4105) Implicit string type conversion with potential data loss from "UnicodeString" to "AnsiString"
/mnt/win_share/OburecGH/Lazarus/RecorderLnx/Tools/LinuxSetupManager/uLinuxSetupManagerSsh.pas(166,77) Warning: (4104) Implicit string type conversion from "AnsiString" to "UnicodeString"
/mnt/win_share/OburecGH/Lazarus/RecorderLnx/Tools/LinuxSetupManager/uLinuxSetupManagerSsh.pas(166,75) Warning: (4105) Implicit string type conversion with potential data loss from "UnicodeString" to "AnsiString"
/mnt/win_share/OburecGH/Lazarus/RecorderLnx/Tools/LinuxSetupManager/uLinuxSetupManagerSsh.pas(232,64) Warning: (4104) Implicit string type conversion from "AnsiString" to "UnicodeString"
/mnt/win_share/OburecGH/Lazarus/RecorderLnx/Tools/LinuxSetupManager/uLinuxSetupManagerSsh.pas(232,62) Warning: (4105) Implicit string type conversion with potential data loss from "UnicodeString" to "AnsiString"
(3104) Compiling uLinuxSetupManagerProfile.pas
/mnt/win_share/OburecGH/Lazarus/RecorderLnx/Tools/LinuxSetupManager/uLinuxSetupManagerProfile.pas(39,47) Hint: (5057) Local variable "lBuffer" does not seem to be initialized
/mnt/win_share/OburecGH/Lazarus/RecorderLnx/Tools/LinuxSetupManager/uLinuxSetupManagerProfile.pas(167,48) Warning: (4104) Implicit string type conversion from "AnsiString" to "UnicodeString"
/mnt/win_share/OburecGH/Lazarus/RecorderLnx/Tools/LinuxSetupManager/uLinuxSetupManagerProfile.pas(168,132) Warning: (4105) Implicit string type conversion with potential data loss from "UnicodeString" to "AnsiString"
/mnt/win_share/OburecGH/Lazarus/RecorderLnx/Tools/LinuxSetupManager/uLinuxSetupManagerProfile.pas(211,72) Warning: (4104) Implicit string type conversion from "AnsiString" to "UnicodeString"
/mnt/win_share/OburecGH/Lazarus/RecorderLnx/Tools/LinuxSetupManager/uLinuxSetupManagerProfile.pas(211,64) Warning: (4105) Implicit string type conversion with potential data loss from "UnicodeString" to "AnsiString"
/mnt/win_share/OburecGH/Lazarus/RecorderLnx/Tools/LinuxSetupManager/uLinuxSetupManagerProfile.pas(244,47) Warning: (4104) Implicit string type conversion from "AnsiString" to "UnicodeString"
/mnt/win_share/OburecGH/Lazarus/RecorderLnx/Tools/LinuxSetupManager/uLinuxSetupManagerProfile.pas(244,56) Warning: (4105) Implicit string type conversion with potential data loss from "UnicodeString" to "AnsiString"
/mnt/win_share/OburecGH/Lazarus/RecorderLnx/Tools/LinuxSetupManager/uLinuxSetupManagerProfile.pas(313,84) Warning: (4104) Implicit string type conversion from "AnsiString" to "UnicodeString"
/mnt/win_share/OburecGH/Lazarus/RecorderLnx/Tools/LinuxSetupManager/uLinuxSetupManagerProfile.pas(313,82) Warning: (4105) Implicit string type conversion with potential data loss from "UnicodeString" to "AnsiString"
/mnt/win_share/OburecGH/Lazarus/RecorderLnx/Tools/LinuxSetupManager/uLinuxSetupManagerProfile.pas(348,68) Warning: (4104) Implicit string type conversion from "AnsiString" to "UnicodeString"
/mnt/win_share/OburecGH/Lazarus/RecorderLnx/Tools/LinuxSetupManager/uLinuxSetupManagerProfile.pas(348,85) Warning: (4104) Implicit string type conversion from "AnsiString" to "UnicodeString"
/mnt/win_share/OburecGH/Lazarus/RecorderLnx/Tools/LinuxSetupManager/uLinuxSetupManagerProfile.pas(348,101) Warning: (4104) Implicit string type conversion from "AnsiString" to "UnicodeString"
/mnt/win_share/OburecGH/Lazarus/RecorderLnx/Tools/LinuxSetupManager/uLinuxSetupManagerProfile.pas(348,99) Warning: (4105) Implicit string type conversion with potential data loss from "UnicodeString" to "AnsiString"
/mnt/win_share/OburecGH/Lazarus/RecorderLnx/Tools/LinuxSetupManager/uLinuxSetupManagerProfile.pas(384,86) Warning: (4104) Implicit string type conversion from "AnsiString" to "UnicodeString"
/mnt/win_share/OburecGH/Lazarus/RecorderLnx/Tools/LinuxSetupManager/uLinuxSetupManagerProfile.pas(384,94) Warning: (4105) Implicit string type conversion with potential data loss from "UnicodeString" to "AnsiString"
/mnt/win_share/OburecGH/Lazarus/RecorderLnx/Tools/LinuxSetupManager/uLinuxSetupManagerProfile.pas(420,14) Warning: (4104) Implicit string type conversion from "AnsiString" to "UnicodeString"
/mnt/win_share/OburecGH/Lazarus/RecorderLnx/Tools/LinuxSetupManager/uLinuxSetupManagerProfile.pas(420,83) Warning: (4104) Implicit string type conversion from "AnsiString" to "UnicodeString"
/mnt/win_share/OburecGH/Lazarus/RecorderLnx/Tools/LinuxSetupManager/uLinuxSetupManagerProfile.pas(420,81) Warning: (4105) Implicit string type conversion with potential data loss from "UnicodeString" to "AnsiString"
/mnt/win_share/OburecGH/Lazarus/RecorderLnx/Tools/LinuxSetupManager/uLinuxSetupManagerProfile.pas(447,52) Warning: (4104) Implicit string type conversion from "AnsiString" to "UnicodeString"
/mnt/win_share/OburecGH/Lazarus/RecorderLnx/Tools/LinuxSetupManager/uLinuxSetupManagerProfile.pas(451,141) Warning: (4105) Implicit string type conversion with potential data loss from "UnicodeString" to "AnsiString"
/mnt/win_share/OburecGH/Lazarus/RecorderLnx/Tools/LinuxSetupManager/uLinuxSetupManagerProfile.pas(457,75) Warning: (4104) Implicit string type conversion from "AnsiString" to "UnicodeString"
/mnt/win_share/OburecGH/Lazarus/RecorderLnx/Tools/LinuxSetupManager/uLinuxSetupManagerProfile.pas(457,73) Warning: (4105) Implicit string type conversion with potential data loss from "UnicodeString" to "AnsiString"
(3104) Compiling uLinuxSetupManagerPrograms.pas
/mnt/win_share/OburecGH/Lazarus/RecorderLnx/Tools/LinuxSetupManager/uLinuxSetupManagerPrograms.pas(42,45) Hint: (5057) Local variable "lBuffer" does not seem to be initialized
/mnt/win_share/OburecGH/Lazarus/RecorderLnx/Tools/LinuxSetupManager/uLinuxSetupManagerPrograms.pas(69,28) Warning: (4104) Implicit string type conversion from "AnsiString" to "UnicodeString"
/mnt/win_share/OburecGH/Lazarus/RecorderLnx/Tools/LinuxSetupManager/uLinuxSetupManagerPrograms.pas(69,117) Warning: (4105) Implicit string type conversion with potential data loss from "UnicodeString" to "AnsiString"
/mnt/win_share/OburecGH/Lazarus/RecorderLnx/Tools/LinuxSetupManager/uLinuxSetupManagerPrograms.pas(97,77) Warning: (4104) Implicit string type conversion from "AnsiString" to "UnicodeString"
/mnt/win_share/OburecGH/Lazarus/RecorderLnx/Tools/LinuxSetupManager/uLinuxSetupManagerPrograms.pas(97,87) Warning: (4105) Implicit string type conversion with potential data loss from "UnicodeString" to "AnsiString"
/mnt/win_share/OburecGH/Lazarus/RecorderLnx/Tools/LinuxSetupManager/uLinuxSetupManagerPrograms.pas(124,41) Hint: (5057) Local variable "lStat" does not seem to be initialized
/mnt/win_share/OburecGH/Lazarus/RecorderLnx/Tools/LinuxSetupManager/uLinuxSetupManagerPrograms.pas(124,14) Note: (6058) Call to subroutine "function fpLstat(path:PChar;var Info:stat):LongInt;" marked as inline is not inlined
/mnt/win_share/OburecGH/Lazarus/RecorderLnx/Tools/LinuxSetupManager/uLinuxSetupManagerPrograms.pas(138,91) Warning: (4104) Implicit string type conversion from "AnsiString" to "UnicodeString"
/mnt/win_share/OburecGH/Lazarus/RecorderLnx/Tools/LinuxSetupManager/uLinuxSetupManagerPrograms.pas(138,96) Warning: (4105) Implicit string type conversion with potential data loss from "UnicodeString" to "AnsiString"
/mnt/win_share/OburecGH/Lazarus/RecorderLnx/Tools/LinuxSetupManager/uLinuxSetupManagerPrograms.pas(141,84) Warning: (4104) Implicit string type conversion from "AnsiString" to "UnicodeString"
/mnt/win_share/OburecGH/Lazarus/RecorderLnx/Tools/LinuxSetupManager/uLinuxSetupManagerPrograms.pas(141,89) Warning: (4105) Implicit string type conversion with potential data loss from "UnicodeString" to "AnsiString"
/mnt/win_share/OburecGH/Lazarus/RecorderLnx/Tools/LinuxSetupManager/uLinuxSetupManagerPrograms.pas(143,109) Warning: (4104) Implicit string type conversion from "AnsiString" to "UnicodeString"
/mnt/win_share/OburecGH/Lazarus/RecorderLnx/Tools/LinuxSetupManager/uLinuxSetupManagerPrograms.pas(143,114) Warning: (4105) Implicit string type conversion with potential data loss from "UnicodeString" to "AnsiString"
/mnt/win_share/OburecGH/Lazarus/RecorderLnx/Tools/LinuxSetupManager/uLinuxSetupManagerPrograms.pas(152,111) Warning: (4104) Implicit string type conversion from "AnsiString" to "UnicodeString"
/mnt/win_share/OburecGH/Lazarus/RecorderLnx/Tools/LinuxSetupManager/uLinuxSetupManagerPrograms.pas(152,116) Warning: (4105) Implicit string type conversion with potential data loss from "UnicodeString" to "AnsiString"
/mnt/win_share/OburecGH/Lazarus/RecorderLnx/Tools/LinuxSetupManager/uLinuxSetupManagerPrograms.pas(165,84) Warning: (4104) Implicit string type conversion from "AnsiString" to "UnicodeString"
/mnt/win_share/OburecGH/Lazarus/RecorderLnx/Tools/LinuxSetupManager/uLinuxSetupManagerPrograms.pas(165,89) Warning: (4105) Implicit string type conversion with potential data loss from "UnicodeString" to "AnsiString"
/mnt/win_share/OburecGH/Lazarus/RecorderLnx/Tools/LinuxSetupManager/uLinuxSetupManagerPrograms.pas(189,27) Warning: (4104) Implicit string type conversion from "AnsiString" to "UnicodeString"
/mnt/win_share/OburecGH/Lazarus/RecorderLnx/Tools/LinuxSetupManager/uLinuxSetupManagerPrograms.pas(190,20) Warning: (4104) Implicit string type conversion from "AnsiString" to "UnicodeString"
/mnt/win_share/OburecGH/Lazarus/RecorderLnx/Tools/LinuxSetupManager/uLinuxSetupManagerPrograms.pas(190,26) Warning: (4105) Implicit string type conversion with potential data loss from "UnicodeString" to "AnsiString"
/mnt/win_share/OburecGH/Lazarus/RecorderLnx/Tools/LinuxSetupManager/uLinuxSetupManagerPrograms.pas(276,90) Warning: (4104) Implicit string type conversion from "AnsiString" to "UnicodeString"
/mnt/win_share/OburecGH/Lazarus/RecorderLnx/Tools/LinuxSetupManager/uLinuxSetupManagerPrograms.pas(276,98) Warning: (4105) Implicit string type conversion with potential data loss from "UnicodeString" to "AnsiString"
/mnt/win_share/OburecGH/Lazarus/RecorderLnx/Tools/LinuxSetupManager/uLinuxSetupManagerPrograms.pas(283,86) Warning: (4104) Implicit string type conversion from "AnsiString" to "UnicodeString"
/mnt/win_share/OburecGH/Lazarus/RecorderLnx/Tools/LinuxSetupManager/uLinuxSetupManagerPrograms.pas(283,94) Warning: (4105) Implicit string type conversion with potential data loss from "UnicodeString" to "AnsiString"
/mnt/win_share/OburecGH/Lazarus/RecorderLnx/Tools/LinuxSetupManager/uLinuxSetupManagerPrograms.pas(327,46) Warning: (4104) Implicit string type conversion from "AnsiString" to "UnicodeString"
/mnt/win_share/OburecGH/Lazarus/RecorderLnx/Tools/LinuxSetupManager/uLinuxSetupManagerPrograms.pas(327,52) Warning: (4105) Implicit string type conversion with potential data loss from "UnicodeString" to "AnsiString"
/mnt/win_share/OburecGH/Lazarus/RecorderLnx/Tools/LinuxSetupManager/uLinuxSetupManagerPrograms.pas(335,16) Warning: (4104) Implicit string type conversion from "AnsiString" to "UnicodeString"
/mnt/win_share/OburecGH/Lazarus/RecorderLnx/Tools/LinuxSetupManager/uLinuxSetupManagerPrograms.pas(335,70) Warning: (4104) Implicit string type conversion from "AnsiString" to "UnicodeString"
/mnt/win_share/OburecGH/Lazarus/RecorderLnx/Tools/LinuxSetupManager/uLinuxSetupManagerPrograms.pas(335,76) Warning: (4105) Implicit string type conversion with potential data loss from "UnicodeString" to "AnsiString"
/mnt/win_share/OburecGH/Lazarus/RecorderLnx/Tools/LinuxSetupManager/uLinuxSetupManagerPrograms.pas(359,90) Warning: (4104) Implicit string type conversion from "AnsiString" to "UnicodeString"
/mnt/win_share/OburecGH/Lazarus/RecorderLnx/Tools/LinuxSetupManager/uLinuxSetupManagerPrograms.pas(359,95) Warning: (4105) Implicit string type conversion with potential data loss from "UnicodeString" to "AnsiString"
/mnt/win_share/OburecGH/Lazarus/RecorderLnx/Tools/LinuxSetupManager/uLinuxSetupManagerPrograms.pas(361,90) Warning: (4104) Implicit string type conversion from "AnsiString" to "UnicodeString"
/mnt/win_share/OburecGH/Lazarus/RecorderLnx/Tools/LinuxSetupManager/uLinuxSetupManagerPrograms.pas(361,95) Warning: (4105) Implicit string type conversion with potential data loss from "UnicodeString" to "AnsiString"
/mnt/win_share/OburecGH/Lazarus/RecorderLnx/Tools/LinuxSetupManager/uLinuxSetupManagerPrograms.pas(362,54) Warning: (4104) Implicit string type conversion from "AnsiString" to "UnicodeString"
/mnt/win_share/OburecGH/Lazarus/RecorderLnx/Tools/LinuxSetupManager/uLinuxSetupManagerPrograms.pas(362,60) Warning: (4105) Implicit string type conversion with potential data loss from "UnicodeString" to "AnsiString"
/mnt/win_share/OburecGH/Lazarus/RecorderLnx/Tools/LinuxSetupManager/uLinuxSetupManagerPrograms.pas(382,84) Warning: (4104) Implicit string type conversion from "AnsiString" to "UnicodeString"
/mnt/win_share/OburecGH/Lazarus/RecorderLnx/Tools/LinuxSetupManager/uLinuxSetupManagerPrograms.pas(382,87) Warning: (4105) Implicit string type conversion with potential data loss from "UnicodeString" to "AnsiString"
/mnt/win_share/OburecGH/Lazarus/RecorderLnx/Tools/LinuxSetupManager/uLinuxSetupManagerPrograms.pas(384,55) Warning: (4104) Implicit string type conversion from "AnsiString" to "UnicodeString"
/mnt/win_share/OburecGH/Lazarus/RecorderLnx/Tools/LinuxSetupManager/uLinuxSetupManagerPrograms.pas(384,52) Warning: (4105) Implicit string type conversion with potential data loss from "UnicodeString" to "AnsiString"
/mnt/win_share/OburecGH/Lazarus/RecorderLnx/Tools/LinuxSetupManager/uLinuxSetupManagerPrograms.pas(16,28) Hint: (5023) Unit "unixtype" not used in uLinuxSetupManagerPrograms
(3104) Compiling uLinuxSetupManagerLegacy.pas
/mnt/win_share/OburecGH/Lazarus/RecorderLnx/Tools/LinuxSetupManager/uLinuxSetupManagerLegacy.pas(45,38) Hint: (5057) Local variable "Buffer" does not seem to be initialized
/mnt/win_share/OburecGH/Lazarus/RecorderLnx/Tools/LinuxSetupManager/uLinuxSetupManagerLegacy.pas(208,50) Warning: (4104) Implicit string type conversion from "AnsiString" to "UnicodeString"
/mnt/win_share/OburecGH/Lazarus/RecorderLnx/Tools/LinuxSetupManager/uLinuxSetupManagerLegacy.pas(208,48) Warning: (4105) Implicit string type conversion with potential data loss from "UnicodeString" to "AnsiString"
/mnt/win_share/OburecGH/Lazarus/RecorderLnx/Tools/LinuxSetupManager/uLinuxSetupManagerLegacy.pas(263,94) Warning: (4104) Implicit string type conversion from "AnsiString" to "UnicodeString"
/mnt/win_share/OburecGH/Lazarus/RecorderLnx/Tools/LinuxSetupManager/uLinuxSetupManagerLegacy.pas(263,92) Warning: (4105) Implicit string type conversion with potential data loss from "UnicodeString" to "AnsiString"
/mnt/win_share/OburecGH/Lazarus/RecorderLnx/Tools/LinuxSetupManager/uLinuxSetupManagerLegacy.pas(496,91) Warning: (4104) Implicit string type conversion from "AnsiString" to "UnicodeString"
/mnt/win_share/OburecGH/Lazarus/RecorderLnx/Tools/LinuxSetupManager/uLinuxSetupManagerLegacy.pas(496,89) Warning: (4105) Implicit string type conversion with potential data loss from "UnicodeString" to "AnsiString"
/mnt/win_share/OburecGH/Lazarus/RecorderLnx/Tools/LinuxSetupManager/uLinuxSetupManagerLegacy.pas(501,87) Warning: (4104) Implicit string type conversion from "AnsiString" to "UnicodeString"
/mnt/win_share/OburecGH/Lazarus/RecorderLnx/Tools/LinuxSetupManager/uLinuxSetupManagerLegacy.pas(501,85) Warning: (4105) Implicit string type conversion with potential data loss from "UnicodeString" to "AnsiString"
/mnt/win_share/OburecGH/Lazarus/RecorderLnx/Tools/LinuxSetupManager/uLinuxSetupManagerLegacy.pas(506,20) Warning: (4104) Implicit string type conversion from "AnsiString" to "UnicodeString"
/mnt/win_share/OburecGH/Lazarus/RecorderLnx/Tools/LinuxSetupManager/uLinuxSetupManagerLegacy.pas(506,30) Warning: (4105) Implicit string type conversion with potential data loss from "UnicodeString" to "AnsiString"
/mnt/win_share/OburecGH/Lazarus/RecorderLnx/Tools/LinuxSetupManager/uLinuxSetupManagerLegacy.pas(514,20) Warning: (4104) Implicit string type conversion from "AnsiString" to "UnicodeString"
/mnt/win_share/OburecGH/Lazarus/RecorderLnx/Tools/LinuxSetupManager/uLinuxSetupManagerLegacy.pas(514,30) Warning: (4105) Implicit string type conversion with potential data loss from "UnicodeString" to "AnsiString"
/mnt/win_share/OburecGH/Lazarus/RecorderLnx/Tools/LinuxSetupManager/uLinuxSetupManagerLegacy.pas(516,20) Warning: (4104) Implicit string type conversion from "AnsiString" to "UnicodeString"
/mnt/win_share/OburecGH/Lazarus/RecorderLnx/Tools/LinuxSetupManager/uLinuxSetupManagerLegacy.pas(516,30) Warning: (4105) Implicit string type conversion with potential data loss from "UnicodeString" to "AnsiString"
/mnt/win_share/OburecGH/Lazarus/RecorderLnx/Tools/LinuxSetupManager/uLinuxSetupManagerLegacy.pas(545,20) Warning: (4104) Implicit string type conversion from "AnsiString" to "UnicodeString"
/mnt/win_share/OburecGH/Lazarus/RecorderLnx/Tools/LinuxSetupManager/uLinuxSetupManagerLegacy.pas(545,112) Warning: (4104) Implicit string type conversion from "AnsiString" to "UnicodeString"
/mnt/win_share/OburecGH/Lazarus/RecorderLnx/Tools/LinuxSetupManager/uLinuxSetupManagerLegacy.pas(545,110) Warning: (4105) Implicit string type conversion with potential data loss from "UnicodeString" to "AnsiString"
/mnt/win_share/OburecGH/Lazarus/RecorderLnx/Tools/LinuxSetupManager/uLinuxSetupManagerLegacy.pas(548,18) Warning: (4104) Implicit string type conversion from "AnsiString" to "UnicodeString"
/mnt/win_share/OburecGH/Lazarus/RecorderLnx/Tools/LinuxSetupManager/uLinuxSetupManagerLegacy.pas(548,28) Warning: (4105) Implicit string type conversion with potential data loss from "UnicodeString" to "AnsiString"
/mnt/win_share/OburecGH/Lazarus/RecorderLnx/Tools/LinuxSetupManager/uLinuxSetupManagerLegacy.pas(550,18) Warning: (4104) Implicit string type conversion from "AnsiString" to "UnicodeString"
/mnt/win_share/OburecGH/Lazarus/RecorderLnx/Tools/LinuxSetupManager/uLinuxSetupManagerLegacy.pas(550,28) Warning: (4105) Implicit string type conversion with potential data loss from "UnicodeString" to "AnsiString"
/mnt/win_share/OburecGH/Lazarus/RecorderLnx/Tools/LinuxSetupManager/uLinuxSetupManagerLegacy.pas(566,36) Warning: (4104) Implicit string type conversion from "AnsiString" to "UnicodeString"
/mnt/win_share/OburecGH/Lazarus/RecorderLnx/Tools/LinuxSetupManager/uLinuxSetupManagerLegacy.pas(566,34) Warning: (4105) Implicit string type conversion with potential data loss from "UnicodeString" to "AnsiString"
/mnt/win_share/OburecGH/Lazarus/RecorderLnx/Tools/LinuxSetupManager/uLinuxSetupManagerLegacy.pas(568,74) Warning: (4104) Implicit string type conversion from "AnsiString" to "UnicodeString"
/mnt/win_share/OburecGH/Lazarus/RecorderLnx/Tools/LinuxSetupManager/uLinuxSetupManagerLegacy.pas(568,72) Warning: (4105) Implicit string type conversion with potential data loss from "UnicodeString" to "AnsiString"
/mnt/win_share/OburecGH/Lazarus/RecorderLnx/Tools/LinuxSetupManager/uLinuxSetupManagerLegacy.pas(629,33) Warning: (4104) Implicit string type conversion from "AnsiString" to "UnicodeString"
/mnt/win_share/OburecGH/Lazarus/RecorderLnx/Tools/LinuxSetupManager/uLinuxSetupManagerLegacy.pas(629,31) Warning: (4105) Implicit string type conversion with potential data loss from "UnicodeString" to "AnsiString"
/mnt/win_share/OburecGH/Lazarus/RecorderLnx/Tools/LinuxSetupManager/uLinuxSetupManagerLegacy.pas(641,26) Warning: (4104) Implicit string type conversion from "AnsiString" to "UnicodeString"
/mnt/win_share/OburecGH/Lazarus/RecorderLnx/Tools/LinuxSetupManager/uLinuxSetupManagerLegacy.pas(641,33) Warning: (4105) Implicit string type conversion with potential data loss from "UnicodeString" to "AnsiString"
/mnt/win_share/OburecGH/Lazarus/RecorderLnx/Tools/LinuxSetupManager/uLinuxSetupManagerLegacy.pas(656,77) Warning: (4104) Implicit string type conversion from "AnsiString" to "UnicodeString"
/mnt/win_share/OburecGH/Lazarus/RecorderLnx/Tools/LinuxSetupManager/uLinuxSetupManagerLegacy.pas(656,75) Warning: (4105) Implicit string type conversion with potential data loss from "UnicodeString" to "AnsiString"
/mnt/win_share/OburecGH/Lazarus/RecorderLnx/Tools/LinuxSetupManager/uLinuxSetupManagerLegacy.pas(662,59) Warning: (4104) Implicit string type conversion from "AnsiString" to "UnicodeString"
/mnt/win_share/OburecGH/Lazarus/RecorderLnx/Tools/LinuxSetupManager/uLinuxSetupManagerLegacy.pas(662,57) Warning: (4105) Implicit string type conversion with potential data loss from "UnicodeString" to "AnsiString"
/mnt/win_share/OburecGH/Lazarus/RecorderLnx/Tools/LinuxSetupManager/uLinuxSetupManagerLegacy.pas(686,81) Warning: (4104) Implicit string type conversion from "AnsiString" to "UnicodeString"
/mnt/win_share/OburecGH/Lazarus/RecorderLnx/Tools/LinuxSetupManager/uLinuxSetupManagerLegacy.pas(686,79) Warning: (4105) Implicit string type conversion with potential data loss from "UnicodeString" to "AnsiString"
/mnt/win_share/OburecGH/Lazarus/RecorderLnx/Tools/LinuxSetupManager/uLinuxSetupManagerLegacy.pas(695,119) Warning: (4104) Implicit string type conversion from "AnsiString" to "UnicodeString"
/mnt/win_share/OburecGH/Lazarus/RecorderLnx/Tools/LinuxSetupManager/uLinuxSetupManagerLegacy.pas(695,117) Warning: (4105) Implicit string type conversion with potential data loss from "UnicodeString" to "AnsiString"
/mnt/win_share/OburecGH/Lazarus/RecorderLnx/Tools/LinuxSetupManager/uLinuxSetupManagerLegacy.pas(700,89) Warning: (4104) Implicit string type conversion from "AnsiString" to "UnicodeString"
/mnt/win_share/OburecGH/Lazarus/RecorderLnx/Tools/LinuxSetupManager/uLinuxSetupManagerLegacy.pas(700,87) Warning: (4105) Implicit string type conversion with potential data loss from "UnicodeString" to "AnsiString"
/mnt/win_share/OburecGH/Lazarus/RecorderLnx/Tools/LinuxSetupManager/uLinuxSetupManagerLegacy.pas(755,91) Warning: (4104) Implicit string type conversion from "AnsiString" to "UnicodeString"
/mnt/win_share/OburecGH/Lazarus/RecorderLnx/Tools/LinuxSetupManager/uLinuxSetupManagerLegacy.pas(755,89) Warning: (4105) Implicit string type conversion with potential data loss from "UnicodeString" to "AnsiString"
/mnt/win_share/OburecGH/Lazarus/RecorderLnx/Tools/LinuxSetupManager/uLinuxSetupManagerLegacy.pas(758,94) Warning: (4104) Implicit string type conversion from "AnsiString" to "UnicodeString"
/mnt/win_share/OburecGH/Lazarus/RecorderLnx/Tools/LinuxSetupManager/uLinuxSetupManagerLegacy.pas(758,92) Warning: (4105) Implicit string type conversion with potential data loss from "UnicodeString" to "AnsiString"
/mnt/win_share/OburecGH/Lazarus/RecorderLnx/Tools/LinuxSetupManager/uLinuxSetupManagerLegacy.pas(774,39) Warning: (4104) Implicit string type conversion from "AnsiString" to "UnicodeString"
/mnt/win_share/OburecGH/Lazarus/RecorderLnx/Tools/LinuxSetupManager/uLinuxSetupManagerLegacy.pas(774,44) Warning: (4105) Implicit string type conversion with potential data loss from "UnicodeString" to "AnsiString"
/mnt/win_share/OburecGH/Lazarus/RecorderLnx/Tools/LinuxSetupManager/uLinuxSetupManagerLegacy.pas(789,91) Warning: (4104) Implicit string type conversion from "AnsiString" to "UnicodeString"
/mnt/win_share/OburecGH/Lazarus/RecorderLnx/Tools/LinuxSetupManager/uLinuxSetupManagerLegacy.pas(789,89) Warning: (4105) Implicit string type conversion with potential data loss from "UnicodeString" to "AnsiString"
/mnt/win_share/OburecGH/Lazarus/RecorderLnx/Tools/LinuxSetupManager/uLinuxSetupManagerLegacy.pas(794,91) Warning: (4104) Implicit string type conversion from "AnsiString" to "UnicodeString"
/mnt/win_share/OburecGH/Lazarus/RecorderLnx/Tools/LinuxSetupManager/uLinuxSetupManagerLegacy.pas(794,89) Warning: (4105) Implicit string type conversion with potential data loss from "UnicodeString" to "AnsiString"
/mnt/win_share/OburecGH/Lazarus/RecorderLnx/Tools/LinuxSetupManager/uLinuxSetupManagerLegacy.pas(825,98) Warning: (4104) Implicit string type conversion from "AnsiString" to "UnicodeString"
/mnt/win_share/OburecGH/Lazarus/RecorderLnx/Tools/LinuxSetupManager/uLinuxSetupManagerLegacy.pas(825,96) Warning: (4105) Implicit string type conversion with potential data loss from "UnicodeString" to "AnsiString"
/mnt/win_share/OburecGH/Lazarus/RecorderLnx/Tools/LinuxSetupManager/uLinuxSetupManagerEmbedded.pas(45,23) Hint: (5091) Local variable "lArray" of a managed type does not seem to be initialized
/mnt/win_share/OburecGH/Lazarus/RecorderLnx/Tools/LinuxSetupManager/uLinuxSetupManagerEmbedded.pas(63,81) Warning: (4104) Implicit string type conversion from "AnsiString" to "UnicodeString"
/mnt/win_share/OburecGH/Lazarus/RecorderLnx/Tools/LinuxSetupManager/uLinuxSetupManagerEmbedded.pas(63,79) Warning: (4105) Implicit string type conversion with potential data loss from "UnicodeString" to "AnsiString"
(9022) Compiling resource /mnt/win_share/OburecGH/Lazarus/RecorderLnx/Tools/LinuxSetupManager/lib/x86_64-linux/LinuxSetupManager.or
(9015) Linking /mnt/win_share/OburecGH/Lazarus/RecorderLnx/Tools/LinuxSetupManager/lib/x86_64-linux/LinuxSetupManager
(1008) 6816 lines compiled, 3.1 sec
(1021) 355 warning(s) issued
(1022) 75 hint(s) issued
(1023) 2 note(s) issued
SetPrimaryConfigPath NewValue="/home/user/.lazarus_work" -> "/home/user/.lazarus_work"
Hint: (lazarus) Build Project: nothing to do.
Hint: (11030) Start of reading config file /etc/fpc.cfg
Hint: (11031) End of reading config file /etc/fpc.cfg
Free Pascal Compiler version 3.2.2+dfsg-20+b5 [2025/12/26] for x86_64
Copyright (c) 1993-2021 by Florian Klaempfl and others
(1002) Target OS: Linux for x86-64
(3104) Compiling LinuxSetupManagerCli.lpr
(3104) Compiling uLinuxSetupManagerCli.pas
/mnt/win_share/OburecGH/Lazarus/RecorderLnx/Tools/LinuxSetupManager/uLinuxSetupManagerCli.pas(68,23) Hint: (5091) Local variable "lArguments" of a managed type does not seem to be initialized
(3104) Compiling uLinuxSetupManagerEmbedded.pas
(3104) Compiling uLinuxSetupManagerNetwork.pas
/mnt/win_share/OburecGH/Lazarus/RecorderLnx/Tools/LinuxSetupManager/uLinuxSetupManagerNetwork.pas(157,60) Warning: (4104) Implicit string type conversion from "AnsiString" to "UnicodeString"
/mnt/win_share/OburecGH/Lazarus/RecorderLnx/Tools/LinuxSetupManager/uLinuxSetupManagerNetwork.pas(157,52) Warning: (4105) Implicit string type conversion with potential data loss from "UnicodeString" to "AnsiString"
/mnt/win_share/OburecGH/Lazarus/RecorderLnx/Tools/LinuxSetupManager/uLinuxSetupManagerNetwork.pas(202,36) Warning: (4104) Implicit string type conversion from "AnsiString" to "UnicodeString"
/mnt/win_share/OburecGH/Lazarus/RecorderLnx/Tools/LinuxSetupManager/uLinuxSetupManagerNetwork.pas(203,37) Warning: (4104) Implicit string type conversion from "AnsiString" to "UnicodeString"
/mnt/win_share/OburecGH/Lazarus/RecorderLnx/Tools/LinuxSetupManager/uLinuxSetupManagerNetwork.pas(203,52) Warning: (4105) Implicit string type conversion with potential data loss from "UnicodeString" to "AnsiString"
/mnt/win_share/OburecGH/Lazarus/RecorderLnx/Tools/LinuxSetupManager/uLinuxSetupManagerNetwork.pas(204,34) Warning: (4104) Implicit string type conversion from "AnsiString" to "UnicodeString"
/mnt/win_share/OburecGH/Lazarus/RecorderLnx/Tools/LinuxSetupManager/uLinuxSetupManagerNetwork.pas(204,62) Warning: (4105) Implicit string type conversion with potential data loss from "UnicodeString" to "AnsiString"
/mnt/win_share/OburecGH/Lazarus/RecorderLnx/Tools/LinuxSetupManager/uLinuxSetupManagerNetwork.pas(205,18) Warning: (4104) Implicit string type conversion from "AnsiString" to "UnicodeString"
/mnt/win_share/OburecGH/Lazarus/RecorderLnx/Tools/LinuxSetupManager/uLinuxSetupManagerNetwork.pas(205,51) Warning: (4104) Implicit string type conversion from "AnsiString" to "UnicodeString"
/mnt/win_share/OburecGH/Lazarus/RecorderLnx/Tools/LinuxSetupManager/uLinuxSetupManagerNetwork.pas(205,60) Warning: (4105) Implicit string type conversion with potential data loss from "UnicodeString" to "AnsiString"
/mnt/win_share/OburecGH/Lazarus/RecorderLnx/Tools/LinuxSetupManager/uLinuxSetupManagerNetwork.pas(206,43) Warning: (4104) Implicit string type conversion from "AnsiString" to "UnicodeString"
/mnt/win_share/OburecGH/Lazarus/RecorderLnx/Tools/LinuxSetupManager/uLinuxSetupManagerNetwork.pas(206,74) Warning: (4104) Implicit string type conversion from "AnsiString" to "UnicodeString"
/mnt/win_share/OburecGH/Lazarus/RecorderLnx/Tools/LinuxSetupManager/uLinuxSetupManagerNetwork.pas(206,83) Warning: (4105) Implicit string type conversion with potential data loss from "UnicodeString" to "AnsiString"
/mnt/win_share/OburecGH/Lazarus/RecorderLnx/Tools/LinuxSetupManager/uLinuxSetupManagerNetwork.pas(209,15) Warning: (4104) Implicit string type conversion from "AnsiString" to "UnicodeString"
/mnt/win_share/OburecGH/Lazarus/RecorderLnx/Tools/LinuxSetupManager/uLinuxSetupManagerNetwork.pas(209,52) Warning: (4104) Implicit string type conversion from "AnsiString" to "UnicodeString"
/mnt/win_share/OburecGH/Lazarus/RecorderLnx/Tools/LinuxSetupManager/uLinuxSetupManagerNetwork.pas(209,68) Warning: (4105) Implicit string type conversion with potential data loss from "UnicodeString" to "AnsiString"
/mnt/win_share/OburecGH/Lazarus/RecorderLnx/Tools/LinuxSetupManager/uLinuxSetupManagerNetwork.pas(210,13) Warning: (4104) Implicit string type conversion from "AnsiString" to "UnicodeString"
/mnt/win_share/OburecGH/Lazarus/RecorderLnx/Tools/LinuxSetupManager/uLinuxSetupManagerNetwork.pas(210,116) Warning: (4105) Implicit string type conversion with potential data loss from "UnicodeString" to "AnsiString"
/mnt/win_share/OburecGH/Lazarus/RecorderLnx/Tools/LinuxSetupManager/uLinuxSetupManagerNetwork.pas(221,75) Warning: (4104) Implicit string type conversion from "RawByteString" to "UnicodeString"
/mnt/win_share/OburecGH/Lazarus/RecorderLnx/Tools/LinuxSetupManager/uLinuxSetupManagerNetwork.pas(221,73) Warning: (4105) Implicit string type conversion with potential data loss from "UnicodeString" to "AnsiString"
/mnt/win_share/OburecGH/Lazarus/RecorderLnx/Tools/LinuxSetupManager/uLinuxSetupManagerNetwork.pas(224,76) Warning: (4104) Implicit string type conversion from "AnsiString" to "UnicodeString"
/mnt/win_share/OburecGH/Lazarus/RecorderLnx/Tools/LinuxSetupManager/uLinuxSetupManagerNetwork.pas(224,74) Warning: (4105) Implicit string type conversion with potential data loss from "UnicodeString" to "AnsiString"
/mnt/win_share/OburecGH/Lazarus/RecorderLnx/Tools/LinuxSetupManager/uLinuxSetupManagerNetwork.pas(227,90) Warning: (4104) Implicit string type conversion from "AnsiString" to "UnicodeString"
/mnt/win_share/OburecGH/Lazarus/RecorderLnx/Tools/LinuxSetupManager/uLinuxSetupManagerNetwork.pas(227,88) Warning: (4105) Implicit string type conversion with potential data loss from "UnicodeString" to "AnsiString"
/mnt/win_share/OburecGH/Lazarus/RecorderLnx/Tools/LinuxSetupManager/uLinuxSetupManagerNetwork.pas(230,77) Warning: (4104) Implicit string type conversion from "AnsiString" to "UnicodeString"
/mnt/win_share/OburecGH/Lazarus/RecorderLnx/Tools/LinuxSetupManager/uLinuxSetupManagerNetwork.pas(230,75) Warning: (4105) Implicit string type conversion with potential data loss from "UnicodeString" to "AnsiString"
/mnt/win_share/OburecGH/Lazarus/RecorderLnx/Tools/LinuxSetupManager/uLinuxSetupManagerNetwork.pas(229,15) Note: (6058) Call to subroutine "function FpWrite(fd:LongInt;const buf:<Formal type>;nbytes:QWord):Int64;" marked as inline is not inlined
/mnt/win_share/OburecGH/Lazarus/RecorderLnx/Tools/LinuxSetupManager/uLinuxSetupManagerNetwork.pas(285,44) Warning: (4104) Implicit string type conversion from "AnsiString" to "UnicodeString"
/mnt/win_share/OburecGH/Lazarus/RecorderLnx/Tools/LinuxSetupManager/uLinuxSetupManagerNetwork.pas(285,95) Warning: (4104) Implicit string type conversion from "AnsiString" to "UnicodeString"
/mnt/win_share/OburecGH/Lazarus/RecorderLnx/Tools/LinuxSetupManager/uLinuxSetupManagerNetwork.pas(285,93) Warning: (4105) Implicit string type conversion with potential data loss from "UnicodeString" to "AnsiString"
/mnt/win_share/OburecGH/Lazarus/RecorderLnx/Tools/LinuxSetupManager/uLinuxSetupManagerNetwork.pas(360,44) Warning: (4104) Implicit string type conversion from "AnsiString" to "UnicodeString"
/mnt/win_share/OburecGH/Lazarus/RecorderLnx/Tools/LinuxSetupManager/uLinuxSetupManagerNetwork.pas(360,95) Warning: (4104) Implicit string type conversion from "AnsiString" to "UnicodeString"
/mnt/win_share/OburecGH/Lazarus/RecorderLnx/Tools/LinuxSetupManager/uLinuxSetupManagerNetwork.pas(360,93) Warning: (4105) Implicit string type conversion with potential data loss from "UnicodeString" to "AnsiString"
/mnt/win_share/OburecGH/Lazarus/RecorderLnx/Tools/LinuxSetupManager/uLinuxSetupManagerNetwork.pas(450,41) Warning: (4104) Implicit string type conversion from "AnsiString" to "UnicodeString"
/mnt/win_share/OburecGH/Lazarus/RecorderLnx/Tools/LinuxSetupManager/uLinuxSetupManagerNetwork.pas(450,39) Warning: (4105) Implicit string type conversion with potential data loss from "UnicodeString" to "AnsiString"
/mnt/win_share/OburecGH/Lazarus/RecorderLnx/Tools/LinuxSetupManager/uLinuxSetupManagerNetwork.pas(451,66) Warning: (4104) Implicit string type conversion from "AnsiString" to "UnicodeString"
/mnt/win_share/OburecGH/Lazarus/RecorderLnx/Tools/LinuxSetupManager/uLinuxSetupManagerNetwork.pas(451,64) Warning: (4105) Implicit string type conversion with potential data loss from "UnicodeString" to "AnsiString"
/mnt/win_share/OburecGH/Lazarus/RecorderLnx/Tools/LinuxSetupManager/uLinuxSetupManagerNetwork.pas(471,69) Warning: (4104) Implicit string type conversion from "AnsiString" to "UnicodeString"
/mnt/win_share/OburecGH/Lazarus/RecorderLnx/Tools/LinuxSetupManager/uLinuxSetupManagerNetwork.pas(471,67) Warning: (4105) Implicit string type conversion with potential data loss from "UnicodeString" to "AnsiString"
/mnt/win_share/OburecGH/Lazarus/RecorderLnx/Tools/LinuxSetupManager/uLinuxSetupManagerNetwork.pas(485,79) Warning: (4104) Implicit string type conversion from "AnsiString" to "UnicodeString"
/mnt/win_share/OburecGH/Lazarus/RecorderLnx/Tools/LinuxSetupManager/uLinuxSetupManagerNetwork.pas(485,86) Warning: (4105) Implicit string type conversion with potential data loss from "UnicodeString" to "AnsiString"
/mnt/win_share/OburecGH/Lazarus/RecorderLnx/Tools/LinuxSetupManager/uLinuxSetupManagerNetwork.pas(537,106) Warning: (4104) Implicit string type conversion from "AnsiString" to "UnicodeString"
/mnt/win_share/OburecGH/Lazarus/RecorderLnx/Tools/LinuxSetupManager/uLinuxSetupManagerNetwork.pas(537,104) Warning: (4105) Implicit string type conversion with potential data loss from "UnicodeString" to "AnsiString"
/mnt/win_share/OburecGH/Lazarus/RecorderLnx/Tools/LinuxSetupManager/uLinuxSetupManagerNetwork.pas(539,50) Warning: (4104) Implicit string type conversion from "AnsiString" to "UnicodeString"
/mnt/win_share/OburecGH/Lazarus/RecorderLnx/Tools/LinuxSetupManager/uLinuxSetupManagerNetwork.pas(539,64) Warning: (4104) Implicit string type conversion from "AnsiString" to "UnicodeString"
/mnt/win_share/OburecGH/Lazarus/RecorderLnx/Tools/LinuxSetupManager/uLinuxSetupManagerNetwork.pas(539,70) Warning: (4105) Implicit string type conversion with potential data loss from "UnicodeString" to "AnsiString"
(3104) Compiling uLinuxSetupManagerAccess.pas
/mnt/win_share/OburecGH/Lazarus/RecorderLnx/Tools/LinuxSetupManager/uLinuxSetupManagerAccess.pas(55,47) Hint: (5057) Local variable "lBuffer" does not seem to be initialized
/mnt/win_share/OburecGH/Lazarus/RecorderLnx/Tools/LinuxSetupManager/uLinuxSetupManagerAccess.pas(121,83) Warning: (4104) Implicit string type conversion from "AnsiString" to "UnicodeString"
/mnt/win_share/OburecGH/Lazarus/RecorderLnx/Tools/LinuxSetupManager/uLinuxSetupManagerAccess.pas(121,88) Warning: (4105) Implicit string type conversion with potential data loss from "UnicodeString" to "AnsiString"
/mnt/win_share/OburecGH/Lazarus/RecorderLnx/Tools/LinuxSetupManager/uLinuxSetupManagerAccess.pas(136,61) Warning: (4104) Implicit string type conversion from "AnsiString" to "UnicodeString"
/mnt/win_share/OburecGH/Lazarus/RecorderLnx/Tools/LinuxSetupManager/uLinuxSetupManagerAccess.pas(136,70) Warning: (4105) Implicit string type conversion with potential data loss from "UnicodeString" to "AnsiString"
/mnt/win_share/OburecGH/Lazarus/RecorderLnx/Tools/LinuxSetupManager/uLinuxSetupManagerAccess.pas(169,84) Warning: (4104) Implicit string type conversion from "AnsiString" to "UnicodeString"
/mnt/win_share/OburecGH/Lazarus/RecorderLnx/Tools/LinuxSetupManager/uLinuxSetupManagerAccess.pas(169,93) Warning: (4105) Implicit string type conversion with potential data loss from "UnicodeString" to "AnsiString"
/mnt/win_share/OburecGH/Lazarus/RecorderLnx/Tools/LinuxSetupManager/uLinuxSetupManagerAccess.pas(173,16) Warning: (4104) Implicit string type conversion from "AnsiString" to "UnicodeString"
/mnt/win_share/OburecGH/Lazarus/RecorderLnx/Tools/LinuxSetupManager/uLinuxSetupManagerAccess.pas(173,34) Warning: (4105) Implicit string type conversion with potential data loss from "UnicodeString" to "AnsiString"
/mnt/win_share/OburecGH/Lazarus/RecorderLnx/Tools/LinuxSetupManager/uLinuxSetupManagerAccess.pas(177,16) Warning: (4104) Implicit string type conversion from "AnsiString" to "UnicodeString"
/mnt/win_share/OburecGH/Lazarus/RecorderLnx/Tools/LinuxSetupManager/uLinuxSetupManagerAccess.pas(177,35) Warning: (4105) Implicit string type conversion with potential data loss from "UnicodeString" to "AnsiString"
/mnt/win_share/OburecGH/Lazarus/RecorderLnx/Tools/LinuxSetupManager/uLinuxSetupManagerAccess.pas(206,96) Warning: (4104) Implicit string type conversion from "AnsiString" to "UnicodeString"
/mnt/win_share/OburecGH/Lazarus/RecorderLnx/Tools/LinuxSetupManager/uLinuxSetupManagerAccess.pas(206,107) Warning: (4105) Implicit string type conversion with potential data loss from "UnicodeString" to "AnsiString"
/mnt/win_share/OburecGH/Lazarus/RecorderLnx/Tools/LinuxSetupManager/uLinuxSetupManagerAccess.pas(229,38) Warning: (5044) Symbol "faSymLink" is not portable
/mnt/win_share/OburecGH/Lazarus/RecorderLnx/Tools/LinuxSetupManager/uLinuxSetupManagerAccess.pas(292,111) Warning: (4104) Implicit string type conversion from "AnsiString" to "UnicodeString"
/mnt/win_share/OburecGH/Lazarus/RecorderLnx/Tools/LinuxSetupManager/uLinuxSetupManagerAccess.pas(292,118) Warning: (4105) Implicit string type conversion with potential data loss from "UnicodeString" to "AnsiString"
/mnt/win_share/OburecGH/Lazarus/RecorderLnx/Tools/LinuxSetupManager/uLinuxSetupManagerAccess.pas(323,77) Warning: (4104) Implicit string type conversion from "AnsiString" to "UnicodeString"
/mnt/win_share/OburecGH/Lazarus/RecorderLnx/Tools/LinuxSetupManager/uLinuxSetupManagerAccess.pas(323,82) Warning: (4105) Implicit string type conversion with potential data loss from "UnicodeString" to "AnsiString"
/mnt/win_share/OburecGH/Lazarus/RecorderLnx/Tools/LinuxSetupManager/uLinuxSetupManagerAccess.pas(330,71) Warning: (4104) Implicit string type conversion from "AnsiString" to "UnicodeString"
/mnt/win_share/OburecGH/Lazarus/RecorderLnx/Tools/LinuxSetupManager/uLinuxSetupManagerAccess.pas(330,76) Warning: (4105) Implicit string type conversion with potential data loss from "UnicodeString" to "AnsiString"
/mnt/win_share/OburecGH/Lazarus/RecorderLnx/Tools/LinuxSetupManager/uLinuxSetupManagerAccess.pas(346,77) Warning: (4104) Implicit string type conversion from "AnsiString" to "UnicodeString"
/mnt/win_share/OburecGH/Lazarus/RecorderLnx/Tools/LinuxSetupManager/uLinuxSetupManagerAccess.pas(346,82) Warning: (4105) Implicit string type conversion with potential data loss from "UnicodeString" to "AnsiString"
/mnt/win_share/OburecGH/Lazarus/RecorderLnx/Tools/LinuxSetupManager/uLinuxSetupManagerAccess.pas(382,92) Warning: (4104) Implicit string type conversion from "AnsiString" to "UnicodeString"
/mnt/win_share/OburecGH/Lazarus/RecorderLnx/Tools/LinuxSetupManager/uLinuxSetupManagerAccess.pas(382,99) Warning: (4105) Implicit string type conversion with potential data loss from "UnicodeString" to "AnsiString"
(3104) Compiling uLinuxSetupManagerDisks.pas
/mnt/win_share/OburecGH/Lazarus/RecorderLnx/Tools/LinuxSetupManager/uLinuxSetupManagerDisks.pas(53,49) Hint: (5057) Local variable "lBuffer" does not seem to be initialized
/mnt/win_share/OburecGH/Lazarus/RecorderLnx/Tools/LinuxSetupManager/uLinuxSetupManagerDisks.pas(65,93) Warning: (4104) Implicit string type conversion from "AnsiString" to "UnicodeString"
/mnt/win_share/OburecGH/Lazarus/RecorderLnx/Tools/LinuxSetupManager/uLinuxSetupManagerDisks.pas(66,26) Warning: (4104) Implicit string type conversion from "AnsiString" to "UnicodeString"
/mnt/win_share/OburecGH/Lazarus/RecorderLnx/Tools/LinuxSetupManager/uLinuxSetupManagerDisks.pas(66,24) Warning: (4105) Implicit string type conversion with potential data loss from "UnicodeString" to "AnsiString"
/mnt/win_share/OburecGH/Lazarus/RecorderLnx/Tools/LinuxSetupManager/uLinuxSetupManagerDisks.pas(73,32) Warning: (4104) Implicit string type conversion from "AnsiString" to "UnicodeString"
/mnt/win_share/OburecGH/Lazarus/RecorderLnx/Tools/LinuxSetupManager/uLinuxSetupManagerDisks.pas(73,77) Warning: (4104) Implicit string type conversion from "AnsiString" to "UnicodeString"
/mnt/win_share/OburecGH/Lazarus/RecorderLnx/Tools/LinuxSetupManager/uLinuxSetupManagerDisks.pas(73,75) Warning: (4105) Implicit string type conversion with potential data loss from "UnicodeString" to "AnsiString"
/mnt/win_share/OburecGH/Lazarus/RecorderLnx/Tools/LinuxSetupManager/uLinuxSetupManagerDisks.pas(114,92) Warning: (4104) Implicit string type conversion from "AnsiString" to "UnicodeString"
/mnt/win_share/OburecGH/Lazarus/RecorderLnx/Tools/LinuxSetupManager/uLinuxSetupManagerDisks.pas(114,101) Warning: (4105) Implicit string type conversion with potential data loss from "UnicodeString" to "AnsiString"
/mnt/win_share/OburecGH/Lazarus/RecorderLnx/Tools/LinuxSetupManager/uLinuxSetupManagerDisks.pas(207,90) Warning: (4104) Implicit string type conversion from "AnsiString" to "UnicodeString"
/mnt/win_share/OburecGH/Lazarus/RecorderLnx/Tools/LinuxSetupManager/uLinuxSetupManagerDisks.pas(207,87) Warning: (4105) Implicit string type conversion with potential data loss from "UnicodeString" to "AnsiString"
/mnt/win_share/OburecGH/Lazarus/RecorderLnx/Tools/LinuxSetupManager/uLinuxSetupManagerDisks.pas(284,105) Warning: (4104) Implicit string type conversion from "AnsiString" to "UnicodeString"
/mnt/win_share/OburecGH/Lazarus/RecorderLnx/Tools/LinuxSetupManager/uLinuxSetupManagerDisks.pas(285,16) Warning: (4104) Implicit string type conversion from "AnsiString" to "UnicodeString"
/mnt/win_share/OburecGH/Lazarus/RecorderLnx/Tools/LinuxSetupManager/uLinuxSetupManagerDisks.pas(285,14) Warning: (4105) Implicit string type conversion with potential data loss from "UnicodeString" to "AnsiString"
/mnt/win_share/OburecGH/Lazarus/RecorderLnx/Tools/LinuxSetupManager/uLinuxSetupManagerDisks.pas(333,94) Warning: (4104) Implicit string type conversion from "AnsiString" to "UnicodeString"
/mnt/win_share/OburecGH/Lazarus/RecorderLnx/Tools/LinuxSetupManager/uLinuxSetupManagerDisks.pas(333,91) Warning: (4105) Implicit string type conversion with potential data loss from "UnicodeString" to "AnsiString"
/mnt/win_share/OburecGH/Lazarus/RecorderLnx/Tools/LinuxSetupManager/uLinuxSetupManagerDisks.pas(396,123) Warning: (4104) Implicit string type conversion from "AnsiString" to "UnicodeString"
/mnt/win_share/OburecGH/Lazarus/RecorderLnx/Tools/LinuxSetupManager/uLinuxSetupManagerDisks.pas(396,121) Warning: (4105) Implicit string type conversion with potential data loss from "UnicodeString" to "AnsiString"
/mnt/win_share/OburecGH/Lazarus/RecorderLnx/Tools/LinuxSetupManager/uLinuxSetupManagerDisks.pas(398,98) Warning: (4104) Implicit string type conversion from "AnsiString" to "UnicodeString"
/mnt/win_share/OburecGH/Lazarus/RecorderLnx/Tools/LinuxSetupManager/uLinuxSetupManagerDisks.pas(398,96) Warning: (4105) Implicit string type conversion with potential data loss from "UnicodeString" to "AnsiString"
/mnt/win_share/OburecGH/Lazarus/RecorderLnx/Tools/LinuxSetupManager/uLinuxSetupManagerDisks.pas(478,43) Warning: (4104) Implicit string type conversion from "AnsiString" to "UnicodeString"
/mnt/win_share/OburecGH/Lazarus/RecorderLnx/Tools/LinuxSetupManager/uLinuxSetupManagerDisks.pas(478,41) Warning: (4105) Implicit string type conversion with potential data loss from "UnicodeString" to "AnsiString"
/mnt/win_share/OburecGH/Lazarus/RecorderLnx/Tools/LinuxSetupManager/uLinuxSetupManagerDisks.pas(552,106) Warning: (4104) Implicit string type conversion from "AnsiString" to "UnicodeString"
/mnt/win_share/OburecGH/Lazarus/RecorderLnx/Tools/LinuxSetupManager/uLinuxSetupManagerDisks.pas(552,104) Warning: (4105) Implicit string type conversion with potential data loss from "UnicodeString" to "AnsiString"
/mnt/win_share/OburecGH/Lazarus/RecorderLnx/Tools/LinuxSetupManager/uLinuxSetupManagerDisks.pas(555,43) Warning: (4104) Implicit string type conversion from "AnsiString" to "UnicodeString"
/mnt/win_share/OburecGH/Lazarus/RecorderLnx/Tools/LinuxSetupManager/uLinuxSetupManagerDisks.pas(555,65) Warning: (4104) Implicit string type conversion from "AnsiString" to "UnicodeString"
/mnt/win_share/OburecGH/Lazarus/RecorderLnx/Tools/LinuxSetupManager/uLinuxSetupManagerDisks.pas(556,19) Warning: (4104) Implicit string type conversion from "AnsiString" to "UnicodeString"
/mnt/win_share/OburecGH/Lazarus/RecorderLnx/Tools/LinuxSetupManager/uLinuxSetupManagerDisks.pas(556,40) Warning: (4104) Implicit string type conversion from "AnsiString" to "UnicodeString"
/mnt/win_share/OburecGH/Lazarus/RecorderLnx/Tools/LinuxSetupManager/uLinuxSetupManagerDisks.pas(556,61) Warning: (4104) Implicit string type conversion from "AnsiString" to "UnicodeString"
/mnt/win_share/OburecGH/Lazarus/RecorderLnx/Tools/LinuxSetupManager/uLinuxSetupManagerDisks.pas(556,59) Warning: (4105) Implicit string type conversion with potential data loss from "UnicodeString" to "AnsiString"
/mnt/win_share/OburecGH/Lazarus/RecorderLnx/Tools/LinuxSetupManager/uLinuxSetupManagerDisks.pas(562,28) Warning: (4104) Implicit string type conversion from "AnsiString" to "UnicodeString"
/mnt/win_share/OburecGH/Lazarus/RecorderLnx/Tools/LinuxSetupManager/uLinuxSetupManagerDisks.pas(562,127) Warning: (4104) Implicit string type conversion from "AnsiString" to "UnicodeString"
/mnt/win_share/OburecGH/Lazarus/RecorderLnx/Tools/LinuxSetupManager/uLinuxSetupManagerDisks.pas(562,125) Warning: (4105) Implicit string type conversion with potential data loss from "UnicodeString" to "AnsiString"
/mnt/win_share/OburecGH/Lazarus/RecorderLnx/Tools/LinuxSetupManager/uLinuxSetupManagerDisks.pas(637,20) Warning: (4104) Implicit string type conversion from "AnsiString" to "UnicodeString"
/mnt/win_share/OburecGH/Lazarus/RecorderLnx/Tools/LinuxSetupManager/uLinuxSetupManagerDisks.pas(637,27) Warning: (4105) Implicit string type conversion with potential data loss from "UnicodeString" to "AnsiString"
/mnt/win_share/OburecGH/Lazarus/RecorderLnx/Tools/LinuxSetupManager/uLinuxSetupManagerDisks.pas(655,42) Warning: (4104) Implicit string type conversion from "AnsiString" to "UnicodeString"
/mnt/win_share/OburecGH/Lazarus/RecorderLnx/Tools/LinuxSetupManager/uLinuxSetupManagerDisks.pas(655,49) Warning: (4105) Implicit string type conversion with potential data loss from "UnicodeString" to "AnsiString"
/mnt/win_share/OburecGH/Lazarus/RecorderLnx/Tools/LinuxSetupManager/uLinuxSetupManagerDisks.pas(664,106) Warning: (4104) Implicit string type conversion from "AnsiString" to "UnicodeString"
/mnt/win_share/OburecGH/Lazarus/RecorderLnx/Tools/LinuxSetupManager/uLinuxSetupManagerDisks.pas(664,104) Warning: (4105) Implicit string type conversion with potential data loss from "UnicodeString" to "AnsiString"
/mnt/win_share/OburecGH/Lazarus/RecorderLnx/Tools/LinuxSetupManager/uLinuxSetupManagerDisks.pas(671,97) Warning: (4104) Implicit string type conversion from "AnsiString" to "UnicodeString"
/mnt/win_share/OburecGH/Lazarus/RecorderLnx/Tools/LinuxSetupManager/uLinuxSetupManagerDisks.pas(671,95) Warning: (4105) Implicit string type conversion with potential data loss from "UnicodeString" to "AnsiString"
/mnt/win_share/OburecGH/Lazarus/RecorderLnx/Tools/LinuxSetupManager/uLinuxSetupManagerDisks.pas(674,112) Warning: (4104) Implicit string type conversion from "AnsiString" to "UnicodeString"
/mnt/win_share/OburecGH/Lazarus/RecorderLnx/Tools/LinuxSetupManager/uLinuxSetupManagerDisks.pas(674,110) Warning: (4105) Implicit string type conversion with potential data loss from "UnicodeString" to "AnsiString"
/mnt/win_share/OburecGH/Lazarus/RecorderLnx/Tools/LinuxSetupManager/uLinuxSetupManagerDisks.pas(690,97) Warning: (4104) Implicit string type conversion from "AnsiString" to "UnicodeString"
/mnt/win_share/OburecGH/Lazarus/RecorderLnx/Tools/LinuxSetupManager/uLinuxSetupManagerDisks.pas(691,16) Warning: (4104) Implicit string type conversion from "AnsiString" to "UnicodeString"
/mnt/win_share/OburecGH/Lazarus/RecorderLnx/Tools/LinuxSetupManager/uLinuxSetupManagerDisks.pas(691,14) Warning: (4105) Implicit string type conversion with potential data loss from "UnicodeString" to "AnsiString"
/mnt/win_share/OburecGH/Lazarus/RecorderLnx/Tools/LinuxSetupManager/uLinuxSetupManagerDisks.pas(693,113) Warning: (4104) Implicit string type conversion from "AnsiString" to "UnicodeString"
/mnt/win_share/OburecGH/Lazarus/RecorderLnx/Tools/LinuxSetupManager/uLinuxSetupManagerDisks.pas(693,111) Warning: (4105) Implicit string type conversion with potential data loss from "UnicodeString" to "AnsiString"
/mnt/win_share/OburecGH/Lazarus/RecorderLnx/Tools/LinuxSetupManager/uLinuxSetupManagerDisks.pas(695,26) Warning: (4104) Implicit string type conversion from "AnsiString" to "UnicodeString"
/mnt/win_share/OburecGH/Lazarus/RecorderLnx/Tools/LinuxSetupManager/uLinuxSetupManagerDisks.pas(696,81) Warning: (4104) Implicit string type conversion from "AnsiString" to "UnicodeString"
/mnt/win_share/OburecGH/Lazarus/RecorderLnx/Tools/LinuxSetupManager/uLinuxSetupManagerDisks.pas(696,79) Warning: (4105) Implicit string type conversion with potential data loss from "UnicodeString" to "AnsiString"
/mnt/win_share/OburecGH/Lazarus/RecorderLnx/Tools/LinuxSetupManager/uLinuxSetupManagerDisks.pas(699,45) Warning: (4104) Implicit string type conversion from "AnsiString" to "UnicodeString"
/mnt/win_share/OburecGH/Lazarus/RecorderLnx/Tools/LinuxSetupManager/uLinuxSetupManagerDisks.pas(699,64) Warning: (4104) Implicit string type conversion from "AnsiString" to "UnicodeString"
/mnt/win_share/OburecGH/Lazarus/RecorderLnx/Tools/LinuxSetupManager/uLinuxSetupManagerDisks.pas(700,17) Warning: (4104) Implicit string type conversion from "AnsiString" to "UnicodeString"
/mnt/win_share/OburecGH/Lazarus/RecorderLnx/Tools/LinuxSetupManager/uLinuxSetupManagerDisks.pas(700,33) Warning: (4104) Implicit string type conversion from "AnsiString" to "UnicodeString"
/mnt/win_share/OburecGH/Lazarus/RecorderLnx/Tools/LinuxSetupManager/uLinuxSetupManagerDisks.pas(700,31) Warning: (4105) Implicit string type conversion with potential data loss from "UnicodeString" to "AnsiString"
/mnt/win_share/OburecGH/Lazarus/RecorderLnx/Tools/LinuxSetupManager/uLinuxSetupManagerDisks.pas(728,77) Warning: (4104) Implicit string type conversion from "AnsiString" to "UnicodeString"
/mnt/win_share/OburecGH/Lazarus/RecorderLnx/Tools/LinuxSetupManager/uLinuxSetupManagerDisks.pas(728,75) Warning: (4105) Implicit string type conversion with potential data loss from "UnicodeString" to "AnsiString"
/mnt/win_share/OburecGH/Lazarus/RecorderLnx/Tools/LinuxSetupManager/uLinuxSetupManagerDisks.pas(811,26) Warning: (4104) Implicit string type conversion from "AnsiString" to "UnicodeString"
/mnt/win_share/OburecGH/Lazarus/RecorderLnx/Tools/LinuxSetupManager/uLinuxSetupManagerDisks.pas(813,119) Warning: (4105) Implicit string type conversion with potential data loss from "UnicodeString" to "AnsiString"
/mnt/win_share/OburecGH/Lazarus/RecorderLnx/Tools/LinuxSetupManager/uLinuxSetupManagerDisks.pas(818,36) Warning: (4104) Implicit string type conversion from "AnsiString" to "UnicodeString"
/mnt/win_share/OburecGH/Lazarus/RecorderLnx/Tools/LinuxSetupManager/uLinuxSetupManagerDisks.pas(819,134) Warning: (4105) Implicit string type conversion with potential data loss from "UnicodeString" to "AnsiString"
(3104) Compiling uLinuxSetupManagerSsh.pas
/mnt/win_share/OburecGH/Lazarus/RecorderLnx/Tools/LinuxSetupManager/uLinuxSetupManagerSsh.pas(38,47) Hint: (5057) Local variable "lBuffer" does not seem to be initialized
/mnt/win_share/OburecGH/Lazarus/RecorderLnx/Tools/LinuxSetupManager/uLinuxSetupManagerSsh.pas(165,100) Warning: (4104) Implicit string type conversion from "AnsiString" to "UnicodeString"
/mnt/win_share/OburecGH/Lazarus/RecorderLnx/Tools/LinuxSetupManager/uLinuxSetupManagerSsh.pas(165,98) Warning: (4105) Implicit string type conversion with potential data loss from "UnicodeString" to "AnsiString"
/mnt/win_share/OburecGH/Lazarus/RecorderLnx/Tools/LinuxSetupManager/uLinuxSetupManagerSsh.pas(166,77) Warning: (4104) Implicit string type conversion from "AnsiString" to "UnicodeString"
/mnt/win_share/OburecGH/Lazarus/RecorderLnx/Tools/LinuxSetupManager/uLinuxSetupManagerSsh.pas(166,75) Warning: (4105) Implicit string type conversion with potential data loss from "UnicodeString" to "AnsiString"
/mnt/win_share/OburecGH/Lazarus/RecorderLnx/Tools/LinuxSetupManager/uLinuxSetupManagerSsh.pas(232,64) Warning: (4104) Implicit string type conversion from "AnsiString" to "UnicodeString"
/mnt/win_share/OburecGH/Lazarus/RecorderLnx/Tools/LinuxSetupManager/uLinuxSetupManagerSsh.pas(232,62) Warning: (4105) Implicit string type conversion with potential data loss from "UnicodeString" to "AnsiString"
(3104) Compiling uLinuxSetupManagerProfile.pas
/mnt/win_share/OburecGH/Lazarus/RecorderLnx/Tools/LinuxSetupManager/uLinuxSetupManagerProfile.pas(39,47) Hint: (5057) Local variable "lBuffer" does not seem to be initialized
/mnt/win_share/OburecGH/Lazarus/RecorderLnx/Tools/LinuxSetupManager/uLinuxSetupManagerProfile.pas(167,48) Warning: (4104) Implicit string type conversion from "AnsiString" to "UnicodeString"
/mnt/win_share/OburecGH/Lazarus/RecorderLnx/Tools/LinuxSetupManager/uLinuxSetupManagerProfile.pas(168,132) Warning: (4105) Implicit string type conversion with potential data loss from "UnicodeString" to "AnsiString"
/mnt/win_share/OburecGH/Lazarus/RecorderLnx/Tools/LinuxSetupManager/uLinuxSetupManagerProfile.pas(211,72) Warning: (4104) Implicit string type conversion from "AnsiString" to "UnicodeString"
/mnt/win_share/OburecGH/Lazarus/RecorderLnx/Tools/LinuxSetupManager/uLinuxSetupManagerProfile.pas(211,64) Warning: (4105) Implicit string type conversion with potential data loss from "UnicodeString" to "AnsiString"
/mnt/win_share/OburecGH/Lazarus/RecorderLnx/Tools/LinuxSetupManager/uLinuxSetupManagerProfile.pas(244,47) Warning: (4104) Implicit string type conversion from "AnsiString" to "UnicodeString"
/mnt/win_share/OburecGH/Lazarus/RecorderLnx/Tools/LinuxSetupManager/uLinuxSetupManagerProfile.pas(244,56) Warning: (4105) Implicit string type conversion with potential data loss from "UnicodeString" to "AnsiString"
/mnt/win_share/OburecGH/Lazarus/RecorderLnx/Tools/LinuxSetupManager/uLinuxSetupManagerProfile.pas(313,84) Warning: (4104) Implicit string type conversion from "AnsiString" to "UnicodeString"
/mnt/win_share/OburecGH/Lazarus/RecorderLnx/Tools/LinuxSetupManager/uLinuxSetupManagerProfile.pas(313,82) Warning: (4105) Implicit string type conversion with potential data loss from "UnicodeString" to "AnsiString"
/mnt/win_share/OburecGH/Lazarus/RecorderLnx/Tools/LinuxSetupManager/uLinuxSetupManagerProfile.pas(348,68) Warning: (4104) Implicit string type conversion from "AnsiString" to "UnicodeString"
/mnt/win_share/OburecGH/Lazarus/RecorderLnx/Tools/LinuxSetupManager/uLinuxSetupManagerProfile.pas(348,85) Warning: (4104) Implicit string type conversion from "AnsiString" to "UnicodeString"
/mnt/win_share/OburecGH/Lazarus/RecorderLnx/Tools/LinuxSetupManager/uLinuxSetupManagerProfile.pas(348,101) Warning: (4104) Implicit string type conversion from "AnsiString" to "UnicodeString"
/mnt/win_share/OburecGH/Lazarus/RecorderLnx/Tools/LinuxSetupManager/uLinuxSetupManagerProfile.pas(348,99) Warning: (4105) Implicit string type conversion with potential data loss from "UnicodeString" to "AnsiString"
/mnt/win_share/OburecGH/Lazarus/RecorderLnx/Tools/LinuxSetupManager/uLinuxSetupManagerProfile.pas(384,86) Warning: (4104) Implicit string type conversion from "AnsiString" to "UnicodeString"
/mnt/win_share/OburecGH/Lazarus/RecorderLnx/Tools/LinuxSetupManager/uLinuxSetupManagerProfile.pas(384,94) Warning: (4105) Implicit string type conversion with potential data loss from "UnicodeString" to "AnsiString"
/mnt/win_share/OburecGH/Lazarus/RecorderLnx/Tools/LinuxSetupManager/uLinuxSetupManagerProfile.pas(420,14) Warning: (4104) Implicit string type conversion from "AnsiString" to "UnicodeString"
/mnt/win_share/OburecGH/Lazarus/RecorderLnx/Tools/LinuxSetupManager/uLinuxSetupManagerProfile.pas(420,83) Warning: (4104) Implicit string type conversion from "AnsiString" to "UnicodeString"
/mnt/win_share/OburecGH/Lazarus/RecorderLnx/Tools/LinuxSetupManager/uLinuxSetupManagerProfile.pas(420,81) Warning: (4105) Implicit string type conversion with potential data loss from "UnicodeString" to "AnsiString"
/mnt/win_share/OburecGH/Lazarus/RecorderLnx/Tools/LinuxSetupManager/uLinuxSetupManagerProfile.pas(447,52) Warning: (4104) Implicit string type conversion from "AnsiString" to "UnicodeString"
/mnt/win_share/OburecGH/Lazarus/RecorderLnx/Tools/LinuxSetupManager/uLinuxSetupManagerProfile.pas(451,141) Warning: (4105) Implicit string type conversion with potential data loss from "UnicodeString" to "AnsiString"
/mnt/win_share/OburecGH/Lazarus/RecorderLnx/Tools/LinuxSetupManager/uLinuxSetupManagerProfile.pas(457,75) Warning: (4104) Implicit string type conversion from "AnsiString" to "UnicodeString"
/mnt/win_share/OburecGH/Lazarus/RecorderLnx/Tools/LinuxSetupManager/uLinuxSetupManagerProfile.pas(457,73) Warning: (4105) Implicit string type conversion with potential data loss from "UnicodeString" to "AnsiString"
(3104) Compiling uLinuxSetupManagerPrograms.pas
/mnt/win_share/OburecGH/Lazarus/RecorderLnx/Tools/LinuxSetupManager/uLinuxSetupManagerPrograms.pas(42,45) Hint: (5057) Local variable "lBuffer" does not seem to be initialized
/mnt/win_share/OburecGH/Lazarus/RecorderLnx/Tools/LinuxSetupManager/uLinuxSetupManagerPrograms.pas(69,28) Warning: (4104) Implicit string type conversion from "AnsiString" to "UnicodeString"
/mnt/win_share/OburecGH/Lazarus/RecorderLnx/Tools/LinuxSetupManager/uLinuxSetupManagerPrograms.pas(69,117) Warning: (4105) Implicit string type conversion with potential data loss from "UnicodeString" to "AnsiString"
/mnt/win_share/OburecGH/Lazarus/RecorderLnx/Tools/LinuxSetupManager/uLinuxSetupManagerPrograms.pas(97,77) Warning: (4104) Implicit string type conversion from "AnsiString" to "UnicodeString"
/mnt/win_share/OburecGH/Lazarus/RecorderLnx/Tools/LinuxSetupManager/uLinuxSetupManagerPrograms.pas(97,87) Warning: (4105) Implicit string type conversion with potential data loss from "UnicodeString" to "AnsiString"
/mnt/win_share/OburecGH/Lazarus/RecorderLnx/Tools/LinuxSetupManager/uLinuxSetupManagerPrograms.pas(124,41) Hint: (5057) Local variable "lStat" does not seem to be initialized
/mnt/win_share/OburecGH/Lazarus/RecorderLnx/Tools/LinuxSetupManager/uLinuxSetupManagerPrograms.pas(124,14) Note: (6058) Call to subroutine "function fpLstat(path:PChar;var Info:stat):LongInt;" marked as inline is not inlined
/mnt/win_share/OburecGH/Lazarus/RecorderLnx/Tools/LinuxSetupManager/uLinuxSetupManagerPrograms.pas(138,91) Warning: (4104) Implicit string type conversion from "AnsiString" to "UnicodeString"
/mnt/win_share/OburecGH/Lazarus/RecorderLnx/Tools/LinuxSetupManager/uLinuxSetupManagerPrograms.pas(138,96) Warning: (4105) Implicit string type conversion with potential data loss from "UnicodeString" to "AnsiString"
/mnt/win_share/OburecGH/Lazarus/RecorderLnx/Tools/LinuxSetupManager/uLinuxSetupManagerPrograms.pas(141,84) Warning: (4104) Implicit string type conversion from "AnsiString" to "UnicodeString"
/mnt/win_share/OburecGH/Lazarus/RecorderLnx/Tools/LinuxSetupManager/uLinuxSetupManagerPrograms.pas(141,89) Warning: (4105) Implicit string type conversion with potential data loss from "UnicodeString" to "AnsiString"
/mnt/win_share/OburecGH/Lazarus/RecorderLnx/Tools/LinuxSetupManager/uLinuxSetupManagerPrograms.pas(143,109) Warning: (4104) Implicit string type conversion from "AnsiString" to "UnicodeString"
/mnt/win_share/OburecGH/Lazarus/RecorderLnx/Tools/LinuxSetupManager/uLinuxSetupManagerPrograms.pas(143,114) Warning: (4105) Implicit string type conversion with potential data loss from "UnicodeString" to "AnsiString"
/mnt/win_share/OburecGH/Lazarus/RecorderLnx/Tools/LinuxSetupManager/uLinuxSetupManagerPrograms.pas(152,111) Warning: (4104) Implicit string type conversion from "AnsiString" to "UnicodeString"
/mnt/win_share/OburecGH/Lazarus/RecorderLnx/Tools/LinuxSetupManager/uLinuxSetupManagerPrograms.pas(152,116) Warning: (4105) Implicit string type conversion with potential data loss from "UnicodeString" to "AnsiString"
/mnt/win_share/OburecGH/Lazarus/RecorderLnx/Tools/LinuxSetupManager/uLinuxSetupManagerPrograms.pas(165,84) Warning: (4104) Implicit string type conversion from "AnsiString" to "UnicodeString"
/mnt/win_share/OburecGH/Lazarus/RecorderLnx/Tools/LinuxSetupManager/uLinuxSetupManagerPrograms.pas(165,89) Warning: (4105) Implicit string type conversion with potential data loss from "UnicodeString" to "AnsiString"
/mnt/win_share/OburecGH/Lazarus/RecorderLnx/Tools/LinuxSetupManager/uLinuxSetupManagerPrograms.pas(189,27) Warning: (4104) Implicit string type conversion from "AnsiString" to "UnicodeString"
/mnt/win_share/OburecGH/Lazarus/RecorderLnx/Tools/LinuxSetupManager/uLinuxSetupManagerPrograms.pas(190,20) Warning: (4104) Implicit string type conversion from "AnsiString" to "UnicodeString"
/mnt/win_share/OburecGH/Lazarus/RecorderLnx/Tools/LinuxSetupManager/uLinuxSetupManagerPrograms.pas(190,26) Warning: (4105) Implicit string type conversion with potential data loss from "UnicodeString" to "AnsiString"
/mnt/win_share/OburecGH/Lazarus/RecorderLnx/Tools/LinuxSetupManager/uLinuxSetupManagerPrograms.pas(276,90) Warning: (4104) Implicit string type conversion from "AnsiString" to "UnicodeString"
/mnt/win_share/OburecGH/Lazarus/RecorderLnx/Tools/LinuxSetupManager/uLinuxSetupManagerPrograms.pas(276,98) Warning: (4105) Implicit string type conversion with potential data loss from "UnicodeString" to "AnsiString"
/mnt/win_share/OburecGH/Lazarus/RecorderLnx/Tools/LinuxSetupManager/uLinuxSetupManagerPrograms.pas(283,86) Warning: (4104) Implicit string type conversion from "AnsiString" to "UnicodeString"
/mnt/win_share/OburecGH/Lazarus/RecorderLnx/Tools/LinuxSetupManager/uLinuxSetupManagerPrograms.pas(283,94) Warning: (4105) Implicit string type conversion with potential data loss from "UnicodeString" to "AnsiString"
/mnt/win_share/OburecGH/Lazarus/RecorderLnx/Tools/LinuxSetupManager/uLinuxSetupManagerPrograms.pas(327,46) Warning: (4104) Implicit string type conversion from "AnsiString" to "UnicodeString"
/mnt/win_share/OburecGH/Lazarus/RecorderLnx/Tools/LinuxSetupManager/uLinuxSetupManagerPrograms.pas(327,52) Warning: (4105) Implicit string type conversion with potential data loss from "UnicodeString" to "AnsiString"
/mnt/win_share/OburecGH/Lazarus/RecorderLnx/Tools/LinuxSetupManager/uLinuxSetupManagerPrograms.pas(335,16) Warning: (4104) Implicit string type conversion from "AnsiString" to "UnicodeString"
/mnt/win_share/OburecGH/Lazarus/RecorderLnx/Tools/LinuxSetupManager/uLinuxSetupManagerPrograms.pas(335,70) Warning: (4104) Implicit string type conversion from "AnsiString" to "UnicodeString"
/mnt/win_share/OburecGH/Lazarus/RecorderLnx/Tools/LinuxSetupManager/uLinuxSetupManagerPrograms.pas(335,76) Warning: (4105) Implicit string type conversion with potential data loss from "UnicodeString" to "AnsiString"
/mnt/win_share/OburecGH/Lazarus/RecorderLnx/Tools/LinuxSetupManager/uLinuxSetupManagerPrograms.pas(359,90) Warning: (4104) Implicit string type conversion from "AnsiString" to "UnicodeString"
/mnt/win_share/OburecGH/Lazarus/RecorderLnx/Tools/LinuxSetupManager/uLinuxSetupManagerPrograms.pas(359,95) Warning: (4105) Implicit string type conversion with potential data loss from "UnicodeString" to "AnsiString"
/mnt/win_share/OburecGH/Lazarus/RecorderLnx/Tools/LinuxSetupManager/uLinuxSetupManagerPrograms.pas(361,90) Warning: (4104) Implicit string type conversion from "AnsiString" to "UnicodeString"
/mnt/win_share/OburecGH/Lazarus/RecorderLnx/Tools/LinuxSetupManager/uLinuxSetupManagerPrograms.pas(361,95) Warning: (4105) Implicit string type conversion with potential data loss from "UnicodeString" to "AnsiString"
/mnt/win_share/OburecGH/Lazarus/RecorderLnx/Tools/LinuxSetupManager/uLinuxSetupManagerPrograms.pas(362,54) Warning: (4104) Implicit string type conversion from "AnsiString" to "UnicodeString"
/mnt/win_share/OburecGH/Lazarus/RecorderLnx/Tools/LinuxSetupManager/uLinuxSetupManagerPrograms.pas(362,60) Warning: (4105) Implicit string type conversion with potential data loss from "UnicodeString" to "AnsiString"
/mnt/win_share/OburecGH/Lazarus/RecorderLnx/Tools/LinuxSetupManager/uLinuxSetupManagerPrograms.pas(382,84) Warning: (4104) Implicit string type conversion from "AnsiString" to "UnicodeString"
/mnt/win_share/OburecGH/Lazarus/RecorderLnx/Tools/LinuxSetupManager/uLinuxSetupManagerPrograms.pas(382,87) Warning: (4105) Implicit string type conversion with potential data loss from "UnicodeString" to "AnsiString"
/mnt/win_share/OburecGH/Lazarus/RecorderLnx/Tools/LinuxSetupManager/uLinuxSetupManagerPrograms.pas(384,55) Warning: (4104) Implicit string type conversion from "AnsiString" to "UnicodeString"
/mnt/win_share/OburecGH/Lazarus/RecorderLnx/Tools/LinuxSetupManager/uLinuxSetupManagerPrograms.pas(384,52) Warning: (4105) Implicit string type conversion with potential data loss from "UnicodeString" to "AnsiString"
/mnt/win_share/OburecGH/Lazarus/RecorderLnx/Tools/LinuxSetupManager/uLinuxSetupManagerPrograms.pas(16,28) Hint: (5023) Unit "unixtype" not used in uLinuxSetupManagerPrograms
(3104) Compiling uLinuxSetupManagerLegacy.pas
/mnt/win_share/OburecGH/Lazarus/RecorderLnx/Tools/LinuxSetupManager/uLinuxSetupManagerLegacy.pas(45,38) Hint: (5057) Local variable "Buffer" does not seem to be initialized
/mnt/win_share/OburecGH/Lazarus/RecorderLnx/Tools/LinuxSetupManager/uLinuxSetupManagerLegacy.pas(208,50) Warning: (4104) Implicit string type conversion from "AnsiString" to "UnicodeString"
/mnt/win_share/OburecGH/Lazarus/RecorderLnx/Tools/LinuxSetupManager/uLinuxSetupManagerLegacy.pas(208,48) Warning: (4105) Implicit string type conversion with potential data loss from "UnicodeString" to "AnsiString"
/mnt/win_share/OburecGH/Lazarus/RecorderLnx/Tools/LinuxSetupManager/uLinuxSetupManagerLegacy.pas(263,94) Warning: (4104) Implicit string type conversion from "AnsiString" to "UnicodeString"
/mnt/win_share/OburecGH/Lazarus/RecorderLnx/Tools/LinuxSetupManager/uLinuxSetupManagerLegacy.pas(263,92) Warning: (4105) Implicit string type conversion with potential data loss from "UnicodeString" to "AnsiString"
/mnt/win_share/OburecGH/Lazarus/RecorderLnx/Tools/LinuxSetupManager/uLinuxSetupManagerLegacy.pas(496,91) Warning: (4104) Implicit string type conversion from "AnsiString" to "UnicodeString"
/mnt/win_share/OburecGH/Lazarus/RecorderLnx/Tools/LinuxSetupManager/uLinuxSetupManagerLegacy.pas(496,89) Warning: (4105) Implicit string type conversion with potential data loss from "UnicodeString" to "AnsiString"
/mnt/win_share/OburecGH/Lazarus/RecorderLnx/Tools/LinuxSetupManager/uLinuxSetupManagerLegacy.pas(501,87) Warning: (4104) Implicit string type conversion from "AnsiString" to "UnicodeString"
/mnt/win_share/OburecGH/Lazarus/RecorderLnx/Tools/LinuxSetupManager/uLinuxSetupManagerLegacy.pas(501,85) Warning: (4105) Implicit string type conversion with potential data loss from "UnicodeString" to "AnsiString"
/mnt/win_share/OburecGH/Lazarus/RecorderLnx/Tools/LinuxSetupManager/uLinuxSetupManagerLegacy.pas(506,20) Warning: (4104) Implicit string type conversion from "AnsiString" to "UnicodeString"
/mnt/win_share/OburecGH/Lazarus/RecorderLnx/Tools/LinuxSetupManager/uLinuxSetupManagerLegacy.pas(506,30) Warning: (4105) Implicit string type conversion with potential data loss from "UnicodeString" to "AnsiString"
/mnt/win_share/OburecGH/Lazarus/RecorderLnx/Tools/LinuxSetupManager/uLinuxSetupManagerLegacy.pas(514,20) Warning: (4104) Implicit string type conversion from "AnsiString" to "UnicodeString"
/mnt/win_share/OburecGH/Lazarus/RecorderLnx/Tools/LinuxSetupManager/uLinuxSetupManagerLegacy.pas(514,30) Warning: (4105) Implicit string type conversion with potential data loss from "UnicodeString" to "AnsiString"
/mnt/win_share/OburecGH/Lazarus/RecorderLnx/Tools/LinuxSetupManager/uLinuxSetupManagerLegacy.pas(516,20) Warning: (4104) Implicit string type conversion from "AnsiString" to "UnicodeString"
/mnt/win_share/OburecGH/Lazarus/RecorderLnx/Tools/LinuxSetupManager/uLinuxSetupManagerLegacy.pas(516,30) Warning: (4105) Implicit string type conversion with potential data loss from "UnicodeString" to "AnsiString"
/mnt/win_share/OburecGH/Lazarus/RecorderLnx/Tools/LinuxSetupManager/uLinuxSetupManagerLegacy.pas(545,20) Warning: (4104) Implicit string type conversion from "AnsiString" to "UnicodeString"
/mnt/win_share/OburecGH/Lazarus/RecorderLnx/Tools/LinuxSetupManager/uLinuxSetupManagerLegacy.pas(545,112) Warning: (4104) Implicit string type conversion from "AnsiString" to "UnicodeString"
/mnt/win_share/OburecGH/Lazarus/RecorderLnx/Tools/LinuxSetupManager/uLinuxSetupManagerLegacy.pas(545,110) Warning: (4105) Implicit string type conversion with potential data loss from "UnicodeString" to "AnsiString"
/mnt/win_share/OburecGH/Lazarus/RecorderLnx/Tools/LinuxSetupManager/uLinuxSetupManagerLegacy.pas(548,18) Warning: (4104) Implicit string type conversion from "AnsiString" to "UnicodeString"
/mnt/win_share/OburecGH/Lazarus/RecorderLnx/Tools/LinuxSetupManager/uLinuxSetupManagerLegacy.pas(548,28) Warning: (4105) Implicit string type conversion with potential data loss from "UnicodeString" to "AnsiString"
/mnt/win_share/OburecGH/Lazarus/RecorderLnx/Tools/LinuxSetupManager/uLinuxSetupManagerLegacy.pas(550,18) Warning: (4104) Implicit string type conversion from "AnsiString" to "UnicodeString"
/mnt/win_share/OburecGH/Lazarus/RecorderLnx/Tools/LinuxSetupManager/uLinuxSetupManagerLegacy.pas(550,28) Warning: (4105) Implicit string type conversion with potential data loss from "UnicodeString" to "AnsiString"
/mnt/win_share/OburecGH/Lazarus/RecorderLnx/Tools/LinuxSetupManager/uLinuxSetupManagerLegacy.pas(566,36) Warning: (4104) Implicit string type conversion from "AnsiString" to "UnicodeString"
/mnt/win_share/OburecGH/Lazarus/RecorderLnx/Tools/LinuxSetupManager/uLinuxSetupManagerLegacy.pas(566,34) Warning: (4105) Implicit string type conversion with potential data loss from "UnicodeString" to "AnsiString"
/mnt/win_share/OburecGH/Lazarus/RecorderLnx/Tools/LinuxSetupManager/uLinuxSetupManagerLegacy.pas(568,74) Warning: (4104) Implicit string type conversion from "AnsiString" to "UnicodeString"
/mnt/win_share/OburecGH/Lazarus/RecorderLnx/Tools/LinuxSetupManager/uLinuxSetupManagerLegacy.pas(568,72) Warning: (4105) Implicit string type conversion with potential data loss from "UnicodeString" to "AnsiString"
/mnt/win_share/OburecGH/Lazarus/RecorderLnx/Tools/LinuxSetupManager/uLinuxSetupManagerLegacy.pas(629,33) Warning: (4104) Implicit string type conversion from "AnsiString" to "UnicodeString"
/mnt/win_share/OburecGH/Lazarus/RecorderLnx/Tools/LinuxSetupManager/uLinuxSetupManagerLegacy.pas(629,31) Warning: (4105) Implicit string type conversion with potential data loss from "UnicodeString" to "AnsiString"
/mnt/win_share/OburecGH/Lazarus/RecorderLnx/Tools/LinuxSetupManager/uLinuxSetupManagerLegacy.pas(641,26) Warning: (4104) Implicit string type conversion from "AnsiString" to "UnicodeString"
/mnt/win_share/OburecGH/Lazarus/RecorderLnx/Tools/LinuxSetupManager/uLinuxSetupManagerLegacy.pas(641,33) Warning: (4105) Implicit string type conversion with potential data loss from "UnicodeString" to "AnsiString"
/mnt/win_share/OburecGH/Lazarus/RecorderLnx/Tools/LinuxSetupManager/uLinuxSetupManagerLegacy.pas(656,77) Warning: (4104) Implicit string type conversion from "AnsiString" to "UnicodeString"
/mnt/win_share/OburecGH/Lazarus/RecorderLnx/Tools/LinuxSetupManager/uLinuxSetupManagerLegacy.pas(656,75) Warning: (4105) Implicit string type conversion with potential data loss from "UnicodeString" to "AnsiString"
/mnt/win_share/OburecGH/Lazarus/RecorderLnx/Tools/LinuxSetupManager/uLinuxSetupManagerLegacy.pas(662,59) Warning: (4104) Implicit string type conversion from "AnsiString" to "UnicodeString"
/mnt/win_share/OburecGH/Lazarus/RecorderLnx/Tools/LinuxSetupManager/uLinuxSetupManagerLegacy.pas(662,57) Warning: (4105) Implicit string type conversion with potential data loss from "UnicodeString" to "AnsiString"
/mnt/win_share/OburecGH/Lazarus/RecorderLnx/Tools/LinuxSetupManager/uLinuxSetupManagerLegacy.pas(686,81) Warning: (4104) Implicit string type conversion from "AnsiString" to "UnicodeString"
/mnt/win_share/OburecGH/Lazarus/RecorderLnx/Tools/LinuxSetupManager/uLinuxSetupManagerLegacy.pas(686,79) Warning: (4105) Implicit string type conversion with potential data loss from "UnicodeString" to "AnsiString"
/mnt/win_share/OburecGH/Lazarus/RecorderLnx/Tools/LinuxSetupManager/uLinuxSetupManagerLegacy.pas(695,119) Warning: (4104) Implicit string type conversion from "AnsiString" to "UnicodeString"
/mnt/win_share/OburecGH/Lazarus/RecorderLnx/Tools/LinuxSetupManager/uLinuxSetupManagerLegacy.pas(695,117) Warning: (4105) Implicit string type conversion with potential data loss from "UnicodeString" to "AnsiString"
/mnt/win_share/OburecGH/Lazarus/RecorderLnx/Tools/LinuxSetupManager/uLinuxSetupManagerLegacy.pas(700,89) Warning: (4104) Implicit string type conversion from "AnsiString" to "UnicodeString"
/mnt/win_share/OburecGH/Lazarus/RecorderLnx/Tools/LinuxSetupManager/uLinuxSetupManagerLegacy.pas(700,87) Warning: (4105) Implicit string type conversion with potential data loss from "UnicodeString" to "AnsiString"
/mnt/win_share/OburecGH/Lazarus/RecorderLnx/Tools/LinuxSetupManager/uLinuxSetupManagerLegacy.pas(755,91) Warning: (4104) Implicit string type conversion from "AnsiString" to "UnicodeString"
/mnt/win_share/OburecGH/Lazarus/RecorderLnx/Tools/LinuxSetupManager/uLinuxSetupManagerLegacy.pas(755,89) Warning: (4105) Implicit string type conversion with potential data loss from "UnicodeString" to "AnsiString"
/mnt/win_share/OburecGH/Lazarus/RecorderLnx/Tools/LinuxSetupManager/uLinuxSetupManagerLegacy.pas(758,94) Warning: (4104) Implicit string type conversion from "AnsiString" to "UnicodeString"
/mnt/win_share/OburecGH/Lazarus/RecorderLnx/Tools/LinuxSetupManager/uLinuxSetupManagerLegacy.pas(758,92) Warning: (4105) Implicit string type conversion with potential data loss from "UnicodeString" to "AnsiString"
/mnt/win_share/OburecGH/Lazarus/RecorderLnx/Tools/LinuxSetupManager/uLinuxSetupManagerLegacy.pas(774,39) Warning: (4104) Implicit string type conversion from "AnsiString" to "UnicodeString"
/mnt/win_share/OburecGH/Lazarus/RecorderLnx/Tools/LinuxSetupManager/uLinuxSetupManagerLegacy.pas(774,44) Warning: (4105) Implicit string type conversion with potential data loss from "UnicodeString" to "AnsiString"
/mnt/win_share/OburecGH/Lazarus/RecorderLnx/Tools/LinuxSetupManager/uLinuxSetupManagerLegacy.pas(789,91) Warning: (4104) Implicit string type conversion from "AnsiString" to "UnicodeString"
/mnt/win_share/OburecGH/Lazarus/RecorderLnx/Tools/LinuxSetupManager/uLinuxSetupManagerLegacy.pas(789,89) Warning: (4105) Implicit string type conversion with potential data loss from "UnicodeString" to "AnsiString"
/mnt/win_share/OburecGH/Lazarus/RecorderLnx/Tools/LinuxSetupManager/uLinuxSetupManagerLegacy.pas(794,91) Warning: (4104) Implicit string type conversion from "AnsiString" to "UnicodeString"
/mnt/win_share/OburecGH/Lazarus/RecorderLnx/Tools/LinuxSetupManager/uLinuxSetupManagerLegacy.pas(794,89) Warning: (4105) Implicit string type conversion with potential data loss from "UnicodeString" to "AnsiString"
/mnt/win_share/OburecGH/Lazarus/RecorderLnx/Tools/LinuxSetupManager/uLinuxSetupManagerLegacy.pas(825,98) Warning: (4104) Implicit string type conversion from "AnsiString" to "UnicodeString"
/mnt/win_share/OburecGH/Lazarus/RecorderLnx/Tools/LinuxSetupManager/uLinuxSetupManagerLegacy.pas(825,96) Warning: (4105) Implicit string type conversion with potential data loss from "UnicodeString" to "AnsiString"
/mnt/win_share/OburecGH/Lazarus/RecorderLnx/Tools/LinuxSetupManager/uLinuxSetupManagerEmbedded.pas(45,23) Hint: (5091) Local variable "lArray" of a managed type does not seem to be initialized
/mnt/win_share/OburecGH/Lazarus/RecorderLnx/Tools/LinuxSetupManager/uLinuxSetupManagerEmbedded.pas(63,81) Warning: (4104) Implicit string type conversion from "AnsiString" to "UnicodeString"
/mnt/win_share/OburecGH/Lazarus/RecorderLnx/Tools/LinuxSetupManager/uLinuxSetupManagerEmbedded.pas(63,79) Warning: (4105) Implicit string type conversion with potential data loss from "UnicodeString" to "AnsiString"
(9015) Linking /mnt/win_share/OburecGH/Lazarus/RecorderLnx/Tools/LinuxSetupManager/lib/x86_64-linux/LinuxSetupManagerCli
(1008) 4159 lines compiled, 0.7 sec
(1021) 245 warning(s) issued
(1022) 12 hint(s) issued
(1023) 2 note(s) issued
