# MIC-185 192.168.9.155:4000; packets=1803
# idx  relative    delta direction flags      seq        ack        payload wire
     1      0.000    0.000 PC->DEV SYN        2982717287          0       0    66
     2      1.627    1.627 DEV->PC ACK|SYN    3241298432 2982717288       0    64
     3      1.691    0.064 PC->DEV ACK        2982717288 3241298433       0    54
     4     26.210   24.519 PC->DEV ACK|FIN    2982717288 3241298433       0    54
     5     81.656   55.446 PC->DEV SYN        3879186663          0       0    66
     6    335.672  254.016 PC->DEV ACK|FIN    2982717288 3241298433       0    54
     7    943.194  607.522 PC->DEV ACK|FIN    2982717288 3241298433       0    54
     8   1085.524  142.330 PC->DEV SYN        3879186663          0       0    66
     9   2148.532 1063.008 PC->DEV ACK|FIN    2982717288 3241298433       0    54
    10   4548.918 2400.386 PC->DEV ACK|FIN    2982717288 3241298433       0    54
    11   6038.717 1489.799 DEV->PC ACK|SYN    3241426432 3879186664       0    64
    12   6038.720    0.003 DEV->PC ACK|RST    3241426433 3879186664       0    64
    13   9238.740 3200.020 DEV->PC ACK|FIN    3241298433 2982717289       0    64
    14   9238.954    0.214 PC->DEV ACK        2982717289 3241298434       0    54
    15  10403.807 1164.853 PC->DEV SYN          65039363          0       0    66
    16  10404.138    0.331 DEV->PC ACK|SYN    3248082432   65039364       0    64
    17  10404.187    0.049 PC->DEV ACK          65039364 3248082433       0    54
    18  11436.636 1032.449 PC->DEV ACK|PSH      65039364 3248082433      40    94
    19  11436.987    0.351 DEV->PC ACK        3248082433   65039404       0    64
    20  11438.374    1.387 DEV->PC ACK|PSH    3248082433   65039404     100   154
    21  11461.097   22.723 PC->DEV ACK|PSH      65039404 3248082533      44    98
    22  11461.388    0.291 DEV->PC ACK        3248082533   65039448       0    64
    23  11462.559    1.171 DEV->PC ACK|PSH    3248082533   65039448      36    90
    24  11462.856    0.297 PC->DEV ACK|PSH      65039448 3248082569       0  4066
    25  11465.658    2.802 DEV->PC ACK        3248082569   65043460       0    64
    26  11470.794    5.136 DEV->PC ACK|PSH    3248082569   65043460      32    86
    27  11471.478    0.684 PC->DEV ACK|PSH      65043460 3248082601      32    86
    28  11471.792    0.314 DEV->PC ACK        3248082601   65043492       0    64
    29  11473.073    1.281 DEV->PC ACK|PSH    3248082601   65043492      32    86
    30  11473.324    0.251 PC->DEV ACK|PSH      65043492 3248082633      28    82
    31  11473.537    0.213 DEV->PC ACK        3248082633   65043520       0    64
    32  11474.968    1.431 DEV->PC ACK|PSH    3248082633   65043520      32    86
    33  11517.014   42.046 PC->DEV ACK          65043520 3248082665       0    54
    34  13687.957 2170.943 PC->DEV ACK|PSH      65043520 3248082665      40    94
    35  13688.233    0.276 DEV->PC ACK        3248082665   65043560       0    64
    36  13689.457    1.224 DEV->PC ACK|PSH    3248082665   65043560     100   154
    37  13744.060   54.603 PC->DEV ACK          65043560 3248082765       0    54
    38  18697.481 4953.421 PC->DEV ACK          65043559 3248082765       1    55
    39  18697.707    0.226 DEV->PC ACK        3248082765   65043560       0    64
    40  18712.574   14.867 PC->DEV ACK|PSH      65043560 3248082765      40    94
    41  18712.765    0.191 DEV->PC ACK        3248082765   65043600       0    64
    42  18713.998    1.233 DEV->PC ACK|PSH    3248082765   65043600     100   154
    43  18760.449   46.451 PC->DEV ACK          65043600 3248082865       0    54
    44  23721.500 4961.051 PC->DEV ACK          65043599 3248082865       1    55
    45  23721.753    0.253 DEV->PC ACK        3248082865   65043600       0    64
    46  25269.884 1548.131 PC->DEV ACK|FIN      65043600 3248082865       0    54
    47  25270.186    0.302 DEV->PC ACK        3248082865   65043601       0    64
    48  25270.512    0.326 DEV->PC ACK|FIN    3248082865   65043601       0    64
    49  25270.537    0.025 PC->DEV ACK          65043601 3248082866       0    54
    50  26397.460 1126.923 PC->DEV SYN        1688716900          0       0    66
    51  26397.781    0.321 DEV->PC ACK|SYN    3258386432 1688716901       0    64
    52  26397.826    0.045 PC->DEV ACK        1688716901 3258386433       0    54
    53  27434.041 1036.215 PC->DEV ACK|PSH    1688716901 3258386433      40    94
    54  27434.295    0.254 DEV->PC ACK        3258386433 1688716941       0    64
    55  27435.619    1.324 DEV->PC ACK|PSH    3258386433 1688716941     100   154
    56  27463.088   27.469 PC->DEV ACK|PSH    1688716941 3258386533      44    98
    57  27463.378    0.290 DEV->PC ACK        3258386533 1688716985       0    64
    58  27464.617    1.239 DEV->PC ACK|PSH    3258386533 1688716985      36    90
    59  27464.909    0.292 PC->DEV ACK|PSH    1688716985 3258386569       0  4066
    60  27467.634    2.725 DEV->PC ACK        3258386569 1688720997       0    64
    61  27472.679    5.045 DEV->PC ACK|PSH    3258386569 1688720997      32    86
    62  27473.298    0.619 PC->DEV ACK|PSH    1688720997 3258386601      32    86
    63  27473.629    0.331 DEV->PC ACK        3258386601 1688721029       0    64
    64  27474.959    1.330 DEV->PC ACK|PSH    3258386601 1688721029      32    86
    65  27475.339    0.380 PC->DEV ACK|PSH    1688721029 3258386633      28    82
    66  27475.631    0.292 DEV->PC ACK        3258386633 1688721057       0    64
    67  27477.062    1.431 DEV->PC ACK|PSH    3258386633 1688721057      32    86
    68  27526.323   49.261 PC->DEV ACK        1688721057 3258386665       0    54
    69  32176.784 4650.461 PC->DEV ACK|FIN    1688721057 3258386665       0    54
    70  32177.015    0.231 DEV->PC ACK        3258386665 1688721058       0    64
    71  32177.334    0.319 DEV->PC ACK|FIN    3258386665 1688721058       0    64
    72  32177.359    0.025 PC->DEV ACK        1688721058 3258386666       0    54
    73  34972.753 2795.394 PC->DEV SYN        2164019711          0       0    66
    74  34973.110    0.357 DEV->PC ACK|SYN    3263954432 2164019712       0    64
    75  34973.145    0.035 PC->DEV ACK        2164019712 3263954433       0    54
    76  36002.903 1029.758 PC->DEV ACK|PSH    2164019712 3263954433      40    94
    77  36003.162    0.259 DEV->PC ACK        3263954433 2164019752       0    64
    78  36004.540    1.378 DEV->PC ACK|PSH    3263954433 2164019752     100   154
    79  36028.152   23.612 PC->DEV ACK|PSH    2164019752 3263954533      44    98
    80  36028.352    0.200 DEV->PC ACK        3263954533 2164019796       0    64
    81  36029.527    1.175 DEV->PC ACK|PSH    3263954533 2164019796      36    90
    82  36031.501    1.974 PC->DEV ACK|PSH    2164019796 3263954569       0  4066
    83  36034.188    2.687 DEV->PC ACK        3263954569 2164023808       0    64
    84  36039.187    4.999 DEV->PC ACK|PSH    3263954569 2164023808      32    86
    85  36039.878    0.691 PC->DEV ACK|PSH    2164023808 3263954601      32    86
    86  36040.160    0.282 DEV->PC ACK        3263954601 2164023840       0    64
    87  36041.368    1.208 DEV->PC ACK|PSH    3263954601 2164023840      32    86
    88  36041.697    0.329 PC->DEV ACK|PSH    2164023840 3263954633      28    82
    89  36041.890    0.193 DEV->PC ACK        3263954633 2164023868       0    64
    90  36043.281    1.391 DEV->PC ACK|PSH    3263954633 2164023868      32    86
    91  36096.760   53.479 PC->DEV ACK        2164023868 3263954665       0    54
    92  40331.113 4234.353 PC->DEV ACK|PSH    2164023868 3263954665      40    94
    93  40331.410    0.297 DEV->PC ACK        3263954665 2164023908       0    64
    94  40332.776    1.366 DEV->PC ACK|PSH    3263954665 2164023908     100   154
    95  40342.592    9.816 PC->DEV ACK|PSH    2164023908 3263954765      40    94
    96  40342.783    0.191 DEV->PC ACK        3263954765 2164023948       0    64
    97  40343.976    1.193 DEV->PC ACK|PSH    3263954765 2164023948     100   154
    98  40391.500   47.524 PC->DEV ACK        2164023948 3263954865       0    54
    99  41477.665 1086.165 PC->DEV ACK|PSH    2164023948 3263954865      28    82
   100  41477.823    0.158 DEV->PC ACK        3263954865 2164023976       0    64
   101  41479.369    1.546 DEV->PC ACK|PSH    3263954865 2164023976     116   170
   102  41534.711   55.342 PC->DEV ACK        2164023976 3263954981       0    54
   103  41629.195   94.484 DEV->PC ACK        3263954981 2164023976    1460  1514
   104  41629.315    0.120 DEV->PC ACK        3263956441 2164023976    1460  1514
   105  41629.321    0.006 PC->DEV ACK        2164023976 3263957901       0    54
   106  41629.375    0.054 DEV->PC ACK|PSH    3263957901 2164023976    1220  1274
   107  41673.729   44.354 PC->DEV ACK        2164023976 3263959121       0    54
   108  41779.146  105.417 DEV->PC ACK        3263959121 2164023976    1460  1514
   109  41779.312    0.166 DEV->PC ACK        3263960581 2164023976    1460  1514
   110  41779.313    0.001 DEV->PC ACK|PSH    3263962041 2164023976    1220  1274
   111  41779.397    0.084 PC->DEV ACK        2164023976 3263963261       0    54
   112  41929.044  149.647 DEV->PC ACK        3263963261 2164023976    1460  1514
   113  41929.127    0.083 DEV->PC ACK        3263964721 2164023976    1460  1514
   114  41929.134    0.007 PC->DEV ACK        2164023976 3263966181       0    54
   115  41929.257    0.123 DEV->PC ACK|PSH    3263966181 2164023976    1220  1274
   116  41984.351   55.094 PC->DEV ACK        2164023976 3263967401       0    54
   117  42070.221   85.870 DEV->PC ACK|PSH    3263967401 2164023976      84   138
   118  42079.033    8.812 DEV->PC ACK        3263967485 2164023976    1460  1514
   119  42079.039    0.006 PC->DEV ACK        2164023976 3263968945       0    54
   120  42079.120    0.081 DEV->PC ACK        3263968945 2164023976    1460  1514
   121  42079.254    0.134 DEV->PC ACK|PSH    3263970405 2164023976    1220  1274
   122  42079.258    0.004 PC->DEV ACK        2164023976 3263971625       0    54
   123  42229.062  149.804 DEV->PC ACK        3263971625 2164023976    1460  1514
   124  42229.183    0.121 DEV->PC ACK        3263973085 2164023976    1460  1514
   125  42229.189    0.006 PC->DEV ACK        2164023976 3263974545       0    54
   126  42229.243    0.054 DEV->PC ACK|PSH    3263974545 2164023976    1220  1274
   127  42279.351   50.108 PC->DEV ACK        2164023976 3263975765       0    54
   128  42379.054   99.703 DEV->PC ACK        3263975765 2164023976    1460  1514
   129  42379.176    0.122 DEV->PC ACK        3263977225 2164023976    1460  1514
   130  42379.179    0.003 PC->DEV ACK        2164023976 3263978685       0    54
   131  42379.272    0.093 DEV->PC ACK|PSH    3263978685 2164023976    1220  1274
   132  42419.192   39.920 PC->DEV ACK        2164023976 3263979905       0    54
   133  42478.837   59.645 DEV->PC ACK|PSH    3263979905 2164023976      84   138
   134  42526.670   47.833 PC->DEV ACK        2164023976 3263979989       0    54
   135  42529.048    2.378 DEV->PC ACK        3263979989 2164023976    1460  1514
   136  42529.131    0.083 DEV->PC ACK        3263981449 2164023976    1460  1514
   137  42529.154    0.023 PC->DEV ACK        2164023976 3263982909       0    54
   138  42529.323    0.169 DEV->PC ACK|PSH    3263982909 2164023976    1220  1274
   139  42573.338   44.015 PC->DEV ACK        2164023976 3263984129       0    54
   140  42679.104  105.766 DEV->PC ACK        3263984129 2164023976    1460  1514
   141  42679.166    0.062 DEV->PC ACK        3263985589 2164023976    1460  1514
   142  42679.176    0.010 PC->DEV ACK        2164023976 3263987049       0    54
   143  42679.295    0.119 DEV->PC ACK|PSH    3263987049 2164023976    1220  1274
   144  42729.245   49.950 PC->DEV ACK        2164023976 3263988269       0    54
   145  42829.043   99.798 DEV->PC ACK        3263988269 2164023976    1460  1514
   146  42829.165    0.122 DEV->PC ACK        3263989729 2164023976    1460  1514
   147  42829.171    0.006 PC->DEV ACK        2164023976 3263991189       0    54
   148  42829.225    0.054 DEV->PC ACK|PSH    3263991189 2164023976    1220  1274
   149  42882.497   53.272 PC->DEV ACK        2164023976 3263992409       0    54
   150  42979.005   96.508 DEV->PC ACK        3263992409 2164023976    1460  1514
   151  42979.146    0.141 DEV->PC ACK        3263993869 2164023976    1460  1514
   152  42979.155    0.009 PC->DEV ACK        2164023976 3263995329       0    54
   153  42979.206    0.051 DEV->PC ACK|PSH    3263995329 2164023976    1220  1274
   154  43020.989   41.783 PC->DEV ACK        2164023976 3263996549       0    54
   155  43070.320   49.331 DEV->PC ACK|PSH    3263996549 2164023976      84   138
   156  43115.514   45.194 PC->DEV ACK        2164023976 3263996633       0    54
   157  43129.013   13.499 DEV->PC ACK        3263996633 2164023976    1460  1514
   158  43129.138    0.125 DEV->PC ACK        3263998093 2164023976    1460  1514
   159  43129.144    0.006 PC->DEV ACK        2164023976 3263999553       0    54
   160  43129.198    0.054 DEV->PC ACK|PSH    3263999553 2164023976    1220  1274
   161  43178.835   49.637 PC->DEV ACK        2164023976 3264000773       0    54
   162  43279.055  100.220 DEV->PC ACK        3264000773 2164023976    1460  1514
   163  43279.177    0.122 DEV->PC ACK        3264002233 2164023976    1460  1514
   164  43279.185    0.008 PC->DEV ACK        2164023976 3264003693       0    54
   165  43279.238    0.053 DEV->PC ACK|PSH    3264003693 2164023976    1220  1274
   166  43321.334   42.096 PC->DEV ACK        2164023976 3264004913       0    54
   167  43429.153  107.819 DEV->PC ACK        3264004913 2164023976    1460  1514
   168  43429.206    0.053 DEV->PC ACK        3264006373 2164023976    1460  1514
   169  43429.221    0.015 PC->DEV ACK        2164023976 3264007833       0    54
   170  43429.271    0.050 DEV->PC ACK|PSH    3264007833 2164023976    1220  1274
   171  43477.441   48.170 PC->DEV ACK        2164023976 3264009053       0    54
   172  43478.858    1.417 DEV->PC ACK|PSH    3264009053 2164023976      84   138
   173  43523.664   44.806 PC->DEV ACK        2164023976 3264009137       0    54
   174  43579.059   55.395 DEV->PC ACK        3264009137 2164023976    1460  1514
   175  43579.111    0.052 DEV->PC ACK        3264010597 2164023976    1460  1514
   176  43579.123    0.012 PC->DEV ACK        2164023976 3264012057       0    54
   177  43579.243    0.120 DEV->PC ACK|PSH    3264012057 2164023976    1220  1274
   178  43632.549   53.306 PC->DEV ACK        2164023976 3264013277       0    54
   179  43729.041   96.492 DEV->PC ACK        3264013277 2164023976    1460  1514
   180  43729.113    0.072 DEV->PC ACK        3264014737 2164023976    1460  1514
   181  43729.117    0.004 PC->DEV ACK        2164023976 3264016197       0    54
   182  43729.218    0.101 DEV->PC ACK|PSH    3264016197 2164023976    1220  1274
   183  43771.874   42.656 PC->DEV ACK        2164023976 3264017417       0    54
   184  43879.112  107.238 DEV->PC ACK        3264017417 2164023976    1460  1514
   185  43879.273    0.161 DEV->PC ACK        3264018877 2164023976    1460  1514
   186  43879.274    0.001 DEV->PC ACK|PSH    3264020337 2164023976    1220  1274
   187  43879.332    0.058 PC->DEV ACK        2164023976 3264021557       0    54
   188  44029.020  149.688 DEV->PC ACK        3264021557 2164023976    1460  1514
   189  44029.140    0.120 DEV->PC ACK        3264023017 2164023976    1460  1514
   190  44029.150    0.010 PC->DEV ACK        2164023976 3264024477       0    54
   191  44029.199    0.049 DEV->PC ACK|PSH    3264024477 2164023976    1220  1274
   192  44071.375   42.176 DEV->PC ACK|PSH    3264025697 2164023976      84   138
   193  44071.411    0.036 PC->DEV ACK        2164023976 3264025781       0    54
   194  44178.997  107.586 DEV->PC ACK        3264025781 2164023976    1460  1514
   195  44179.115    0.118 DEV->PC ACK        3264027241 2164023976    1460  1514
   196  44179.119    0.004 PC->DEV ACK        2164023976 3264028701       0    54
   197  44179.213    0.094 DEV->PC ACK|PSH    3264028701 2164023976    1220  1274
   198  44223.382   44.169 PC->DEV ACK        2164023976 3264029921       0    54
   199  44329.124  105.742 DEV->PC ACK        3264029921 2164023976    1460  1514
   200  44329.205    0.081 DEV->PC ACK        3264031381 2164023976    1460  1514
   201  44329.205    0.000 DEV->PC ACK|PSH    3264032841 2164023976    1220  1274
   202  44329.215    0.010 PC->DEV ACK        2164023976 3264034061       0    54
   203  44479.231  150.016 DEV->PC ACK        3264034061 2164023976    1460  1514
   204  44479.233    0.002 DEV->PC ACK        3264035521 2164023976    1460  1514
   205  44479.326    0.093 PC->DEV ACK        2164023976 3264036981       0    54
   206  44479.410    0.084 DEV->PC ACK|PSH    3264036981 2164023976    1304  1358
   207  44532.749   53.339 PC->DEV ACK        2164023976 3264038285       0    54
   208  44628.990   96.241 DEV->PC ACK        3264038285 2164023976    1460  1514
   209  44629.075    0.085 DEV->PC ACK        3264039745 2164023976    1460  1514
   210  44629.084    0.009 PC->DEV ACK        2164023976 3264041205       0    54
   211  44629.205    0.121 DEV->PC ACK|PSH    3264041205 2164023976    1220  1274
   212  44671.085   41.880 PC->DEV ACK        2164023976 3264042425       0    54
   213  44779.002  107.917 DEV->PC ACK        3264042425 2164023976    1460  1514
   214  44779.123    0.121 DEV->PC ACK        3264043885 2164023976    1460  1514
   215  44779.127    0.004 PC->DEV ACK        2164023976 3264045345       0    54
   216  44779.220    0.093 DEV->PC ACK|PSH    3264045345 2164023976    1220  1274
   217  44826.110   46.890 PC->DEV ACK        2164023976 3264046565       0    54
   218  44928.999  102.889 DEV->PC ACK        3264046565 2164023976    1460  1514
   219  44929.080    0.081 DEV->PC ACK        3264048025 2164023976    1460  1514
   220  44929.097    0.017 PC->DEV ACK        2164023976 3264049485       0    54
   221  44929.211    0.114 DEV->PC ACK|PSH    3264049485 2164023976    1220  1274
   222  44980.156   50.945 PC->DEV ACK        2164023976 3264050705       0    54
   223  45070.669   90.513 DEV->PC ACK|PSH    3264050705 2164023976      84   138
   224  45078.988    8.319 DEV->PC ACK        3264050789 2164023976    1460  1514
   225  45079.009    0.021 PC->DEV ACK        2164023976 3264052249       0    54
   226  45079.174    0.165 DEV->PC ACK        3264052249 2164023976    1460  1514
   227  45079.174    0.000 DEV->PC ACK|PSH    3264053709 2164023976    1220  1274
   228  45079.185    0.011 PC->DEV ACK        2164023976 3264054929       0    54
   229  45229.009  149.824 DEV->PC ACK        3264054929 2164023976    1460  1514
   230  45229.134    0.125 DEV->PC ACK        3264056389 2164023976    1460  1514
   231  45229.139    0.005 PC->DEV ACK        2164023976 3264057849       0    54
   232  45229.230    0.091 DEV->PC ACK|PSH    3264057849 2164023976    1220  1274
   233  45272.166   42.936 PC->DEV ACK        2164023976 3264059069       0    54
   234  45378.993  106.827 DEV->PC ACK        3264059069 2164023976    1460  1514
   235  45379.070    0.077 DEV->PC ACK        3264060529 2164023976    1460  1514
   236  45379.076    0.006 PC->DEV ACK        2164023976 3264061989       0    54
   237  45379.199    0.123 DEV->PC ACK|PSH    3264061989 2164023976    1220  1274
   238  45427.203   48.004 PC->DEV ACK        2164023976 3264063209       0    54
   239  45478.840   51.637 DEV->PC ACK|PSH    3264063209 2164023976      84   138
   240  45529.075   50.235 DEV->PC ACK        3264063293 2164023976    1460  1514
   241  45529.077    0.002 DEV->PC ACK        3264064753 2164023976    1460  1514
   242  45529.158    0.081 PC->DEV ACK        2164023976 3264066213       0    54
   243  45529.226    0.068 DEV->PC ACK|PSH    3264066213 2164023976    1220  1274
   244  45529.256    0.030 PC->DEV ACK        2164023976 3264067433       0    54
   245  45679.186  149.930 DEV->PC ACK        3264067433 2164023976    1460  1514
   246  45679.188    0.002 DEV->PC ACK        3264068893 2164023976    1460  1514
   247  45679.273    0.085 PC->DEV ACK        2164023976 3264070353       0    54
   248  45679.359    0.086 DEV->PC ACK|PSH    3264070353 2164023976    1220  1274
   249  45720.316   40.957 PC->DEV ACK        2164023976 3264071573       0    54
   250  45829.154  108.838 DEV->PC ACK        3264071573 2164023976    1460  1514
   251  45829.155    0.001 DEV->PC ACK        3264073033 2164023976    1460  1514
   252  45829.173    0.018 PC->DEV ACK        2164023976 3264074493       0    54
   253  45829.216    0.043 DEV->PC ACK|PSH    3264074493 2164023976    1220  1274
   254  45875.370   46.154 PC->DEV ACK        2164023976 3264075713       0    54
   255  45978.997  103.627 DEV->PC ACK        3264075713 2164023976    1460  1514
   256  45979.059    0.062 DEV->PC ACK        3264077173 2164023976    1460  1514
   257  45979.066    0.007 PC->DEV ACK        2164023976 3264078633       0    54
   258  45979.189    0.123 DEV->PC ACK|PSH    3264078633 2164023976    1220  1274
   259  46030.891   51.702 PC->DEV ACK        2164023976 3264079853       0    54
   260  46070.699   39.808 DEV->PC ACK|PSH    3264079853 2164023976      84   138
   261  46123.550   52.851 PC->DEV ACK        2164023976 3264079937       0    54
   262  46128.985    5.435 DEV->PC ACK        3264079937 2164023976    1460  1514
   263  46129.065    0.080 DEV->PC ACK        3264081397 2164023976    1460  1514
   264  46129.092    0.027 PC->DEV ACK        2164023976 3264082857       0    54
   265  46129.154    0.062 DEV->PC ACK|PSH    3264082857 2164023976    1220  1274
   266  46170.165   41.011 PC->DEV ACK        2164023976 3264084077       0    54
   267  46279.106  108.941 DEV->PC ACK        3264084077 2164023976    1460  1514
   268  46279.245    0.139 DEV->PC ACK        3264085537 2164023976    1460  1514
   269  46279.246    0.001 DEV->PC ACK|PSH    3264086997 2164023976    1220  1274
   270  46279.292    0.046 PC->DEV ACK        2164023976 3264088217       0    54
   271  46428.978  149.686 DEV->PC ACK        3264088217 2164023976    1460  1514
   272  46429.096    0.118 DEV->PC ACK        3264089677 2164023976    1460  1514
   273  46429.100    0.004 PC->DEV ACK        2164023976 3264091137       0    54
   274  46429.194    0.094 DEV->PC ACK|PSH    3264091137 2164023976    1220  1274
   275  46478.773   49.579 DEV->PC ACK|PSH    3264092357 2164023976      84   138
   276  46478.778    0.005 PC->DEV ACK        2164023976 3264092441       0    54
   277  46578.953  100.175 DEV->PC ACK        3264092441 2164023976    1460  1514
   278  46579.075    0.122 DEV->PC ACK        3264093901 2164023976    1460  1514
   279  46579.078    0.003 PC->DEV ACK        2164023976 3264095361       0    54
   280  46579.170    0.092 DEV->PC ACK|PSH    3264095361 2164023976    1220  1274
   281  46621.196   42.026 PC->DEV ACK        2164023976 3264096581       0    54
   282  46729.042  107.846 DEV->PC ACK        3264096581 2164023976    1460  1514
   283  46729.186    0.144 DEV->PC ACK        3264098041 2164023976    1460  1514
   284  46729.188    0.002 DEV->PC ACK|PSH    3264099501 2164023976    1220  1274
   285  46729.234    0.046 PC->DEV ACK        2164023976 3264100721       0    54
   286  46878.976  149.742 DEV->PC ACK        3264100721 2164023976    1460  1514
   287  46879.097    0.121 DEV->PC ACK        3264102181 2164023976    1460  1514
   288  46879.108    0.011 PC->DEV ACK        2164023976 3264103641       0    54
   289  46879.158    0.050 DEV->PC ACK|PSH    3264103641 2164023976    1220  1274
   290  46930.800   51.642 PC->DEV ACK        2164023976 3264104861       0    54
   291  47029.075   98.275 DEV->PC ACK        3264104861 2164023976    1460  1514
   292  47029.170    0.095 DEV->PC ACK        3264106321 2164023976    1460  1514
   293  47029.171    0.001 DEV->PC ACK|PSH    3264107781 2164023976    1220  1274
   294  47029.180    0.009 PC->DEV ACK        2164023976 3264109001       0    54
   295  47071.771   42.591 DEV->PC ACK|PSH    3264109001 2164023976      84   138
   296  47071.915    0.144 PC->DEV ACK        2164023976 3264109085       0    54
   297  47178.952  107.037 DEV->PC ACK        3264109085 2164023976    1460  1514
   298  47179.074    0.122 DEV->PC ACK        3264110545 2164023976    1460  1514
   299  47179.082    0.008 PC->DEV ACK        2164023976 3264112005       0    54
   300  47179.134    0.052 DEV->PC ACK|PSH    3264112005 2164023976    1220  1274
   301  47222.497   43.363 PC->DEV ACK        2164023976 3264113225       0    54
   302  47329.137  106.640 DEV->PC ACK        3264113225 2164023976    1460  1514
   303  47329.139    0.002 DEV->PC ACK        3264114685 2164023976    1460  1514
   304  47329.223    0.084 PC->DEV ACK        2164023976 3264116145       0    54
   305  47329.317    0.094 DEV->PC ACK|PSH    3264116145 2164023976    1220  1274
   306  47376.712   47.395 PC->DEV ACK        2164023976 3264117365       0    54
   307  47479.026  102.314 DEV->PC ACK        3264117365 2164023976    1460  1514
   308  47479.145    0.119 DEV->PC ACK        3264118825 2164023976    1460  1514
   309  47479.150    0.005 PC->DEV ACK        2164023976 3264120285       0    54
   310  47479.242    0.092 DEV->PC ACK|PSH    3264120285 2164023976    1220  1274
   311  47479.242    0.000 DEV->PC ACK|PSH    3264121505 2164023976      84   138
   312  47479.248    0.006 PC->DEV ACK        2164023976 3264121589       0    54
   313  47628.955  149.707 DEV->PC ACK        3264121589 2164023976    1460  1514
   314  47629.034    0.079 DEV->PC ACK        3264123049 2164023976    1460  1514
   315  47629.038    0.004 PC->DEV ACK        2164023976 3264124509       0    54
   316  47629.140    0.102 DEV->PC ACK|PSH    3264124509 2164023976    1220  1274
   317  47675.368   46.228 PC->DEV ACK        2164023976 3264125729       0    54
   318  47779.110  103.742 DEV->PC ACK        3264125729 2164023976    1460  1514
   319  47779.113    0.003 DEV->PC ACK        3264127189 2164023976    1460  1514
   320  47779.154    0.041 PC->DEV ACK        2164023976 3264128649       0    54
   321  47779.170    0.016 DEV->PC ACK|PSH    3264128649 2164023976    1220  1274
   322  47828.321   49.151 PC->DEV ACK        2164023976 3264129869       0    54
   323  47929.134  100.813 DEV->PC ACK        3264129869 2164023976    1460  1514
   324  47929.136    0.002 DEV->PC ACK        3264131329 2164023976    1460  1514
   325  47929.223    0.087 PC->DEV ACK        2164023976 3264132789       0    54
   326  47929.299    0.076 DEV->PC ACK|PSH    3264132789 2164023976    1220  1274
   327  47983.038   53.739 PC->DEV ACK        2164023976 3264134009       0    54
   328  48071.946   88.908 DEV->PC ACK|PSH    3264134009 2164023976      84   138
   329  48079.004    7.058 DEV->PC ACK        3264134093 2164023976    1460  1514
   330  48079.078    0.074 PC->DEV ACK        2164023976 3264135553       0    54
   331  48079.164    0.086 DEV->PC ACK        3264135553 2164023976    1460  1514
   332  48079.165    0.001 DEV->PC ACK|PSH    3264137013 2164023976    1220  1274
   333  48079.198    0.033 PC->DEV ACK        2164023976 3264138233       0    54
   334  48228.959  149.761 DEV->PC ACK        3264138233 2164023976    1460  1514
   335  48229.079    0.120 DEV->PC ACK        3264139693 2164023976    1460  1514
   336  48229.084    0.005 PC->DEV ACK        2164023976 3264141153       0    54
   337  48229.140    0.056 DEV->PC ACK|PSH    3264141153 2164023976    1220  1274
   338  48276.705   47.565 PC->DEV ACK        2164023976 3264142373       0    54
   339  48378.945  102.240 DEV->PC ACK        3264142373 2164023976    1460  1514
   340  48379.075    0.130 DEV->PC ACK        3264143833 2164023976    1460  1514
   341  48379.099    0.024 PC->DEV ACK        2164023976 3264145293       0    54
   342  48379.151    0.052 DEV->PC ACK|PSH    3264145293 2164023976    1220  1274
   343  48433.035   53.884 PC->DEV ACK        2164023976 3264146513       0    54
   344  48478.830   45.795 DEV->PC ACK|PSH    3264146513 2164023976      84   138
   345  48527.184   48.354 PC->DEV ACK        2164023976 3264146597       0    54
   346  48528.982    1.798 DEV->PC ACK        3264146597 2164023976    1460  1514
   347  48529.110    0.128 DEV->PC ACK        3264148057 2164023976    1460  1514
   348  48529.111    0.001 DEV->PC ACK|PSH    3264149517 2164023976    1220  1274
   349  48529.158    0.047 PC->DEV ACK        2164023976 3264150737       0    54
   350  48678.961  149.803 DEV->PC ACK        3264150737 2164023976    1460  1514
   351  48679.047    0.086 DEV->PC ACK        3264152197 2164023976    1460  1514
   352  48679.062    0.015 PC->DEV ACK        2164023976 3264153657       0    54
   353  48679.215    0.153 DEV->PC ACK|PSH    3264153657 2164023976    1220  1274
   354  48727.797   48.582 PC->DEV ACK        2164023976 3264154877       0    54
   355  48828.913  101.116 DEV->PC ACK        3264154877 2164023976    1460  1514
   356  48829.039    0.126 DEV->PC ACK        3264156337 2164023976    1460  1514
   357  48829.043    0.004 PC->DEV ACK        2164023976 3264157797       0    54
   358  48829.132    0.089 DEV->PC ACK|PSH    3264157797 2164023976    1220  1274
   359  48884.197   55.065 PC->DEV ACK        2164023976 3264159017       0    54
   360  48978.925   94.728 DEV->PC ACK        3264159017 2164023976    1460  1514
   361  48979.008    0.083 DEV->PC ACK        3264160477 2164023976    1460  1514
   362  48979.017    0.009 PC->DEV ACK        2164023976 3264161937       0    54
   363  48979.138    0.121 DEV->PC ACK|PSH    3264161937 2164023976    1220  1274
   364  49022.621   43.483 PC->DEV ACK        2164023976 3264163157       0    54
   365  49072.065   49.444 DEV->PC ACK|PSH    3264163157 2164023976      84   138
   366  49115.488   43.423 PC->DEV ACK        2164023976 3264163241       0    54
   367  49129.042   13.554 DEV->PC ACK        3264163241 2164023976    1460  1514
   368  49129.045    0.003 DEV->PC ACK        3264164701 2164023976    1460  1514
   369  49129.142    0.097 PC->DEV ACK        2164023976 3264166161       0    54
   370  49129.213    0.071 DEV->PC ACK|PSH    3264166161 2164023976    1220  1274
   371  49177.837   48.624 PC->DEV ACK        2164023976 3264167381       0    54
   372  49278.947  101.110 DEV->PC ACK        3264167381 2164023976    1460  1514
   373  49279.033    0.086 DEV->PC ACK        3264168841 2164023976    1460  1514
   374  49279.051    0.018 PC->DEV ACK        2164023976 3264170301       0    54
   375  49279.117    0.066 DEV->PC ACK|PSH    3264170301 2164023976    1220  1274
   376  49331.653   52.536 PC->DEV ACK        2164023976 3264171521       0    54
   377  49428.916   97.263 DEV->PC ACK        3264171521 2164023976    1460  1514
   378  49429.036    0.120 DEV->PC ACK        3264172981 2164023976    1460  1514
   379  49429.041    0.005 PC->DEV ACK        2164023976 3264174441       0    54
   380  49429.136    0.095 DEV->PC ACK|PSH    3264174441 2164023976    1220  1274
   381  49471.922   42.786 PC->DEV ACK        2164023976 3264175661       0    54
   382  49478.787    6.865 DEV->PC ACK|PSH    3264175661 2164023976      84   138
   383  49532.939   54.152 PC->DEV ACK        2164023976 3264175745       0    54
   384  49578.981   46.042 DEV->PC ACK        3264175745 2164023976    1460  1514
   385  49579.041    0.060 DEV->PC ACK        3264177205 2164023976    1460  1514
   386  49579.057    0.016 PC->DEV ACK        2164023976 3264178665       0    54
   387  49579.103    0.046 DEV->PC ACK|PSH    3264178665 2164023976    1220  1274
   388  49627.126   48.023 PC->DEV ACK        2164023976 3264179885       0    54
   389  49729.055  101.929 DEV->PC ACK        3264179885 2164023976    1460  1514
   390  49729.055    0.000 DEV->PC ACK        3264181345 2164023976    1460  1514
   391  49729.076    0.021 PC->DEV ACK        2164023976 3264182805       0    54
   392  49729.130    0.054 DEV->PC ACK|PSH    3264182805 2164023976    1220  1274
   393  49782.497   53.367 PC->DEV ACK        2164023976 3264184025       0    54
   394  49878.946   96.449 DEV->PC ACK        3264184025 2164023976    1460  1514
   395  49879.026    0.080 DEV->PC ACK        3264185485 2164023976    1460  1514
   396  49879.045    0.019 PC->DEV ACK        2164023976 3264186945       0    54
   397  49879.153    0.108 DEV->PC ACK|PSH    3264186945 2164023976    1220  1274
   398  49921.564   42.411 PC->DEV ACK        2164023976 3264188165       0    54
   399  50028.899  107.335 DEV->PC ACK        3264188165 2164023976    1460  1514
   400  50029.022    0.123 DEV->PC ACK        3264189625 2164023976    1460  1514
   401  50029.030    0.008 PC->DEV ACK        2164023976 3264191085       0    54
   402  50029.081    0.051 DEV->PC ACK|PSH    3264191085 2164023976    1220  1274
   403  50071.189   42.108 DEV->PC ACK|PSH    3264192305 2164023976      84   138
   404  50071.289    0.100 PC->DEV ACK        2164023976 3264192389       0    54
   405  50179.016  107.727 DEV->PC ACK        3264192389 2164023976    1460  1514
   406  50179.016    0.000 DEV->PC ACK        3264193849 2164023976    1460  1514
   407  50179.091    0.075 PC->DEV ACK        2164023976 3264195309       0    54
   408  50179.109    0.018 DEV->PC ACK|PSH    3264195309 2164023976    1220  1274
   409  50230.516   51.407 PC->DEV ACK        2164023976 3264196529       0    54
   410  50328.989   98.473 DEV->PC ACK        3264196529 2164023976    1460  1514
   411  50329.137    0.148 DEV->PC ACK        3264197989 2164023976    1460  1514
   412  50329.139    0.002 DEV->PC ACK|PSH    3264199449 2164023976    1220  1274
   413  50329.188    0.049 PC->DEV ACK        2164023976 3264200669       0    54
   414  50479.006  149.818 DEV->PC ACK        3264200669 2164023976    1460  1514
   415  50479.167    0.161 DEV->PC ACK        3264202129 2164023976    1460  1514
   416  50479.168    0.001 DEV->PC ACK|PSH    3264203589 2164023976    1220  1274
   417  50479.170    0.002 DEV->PC ACK|PSH    3264204809 2164023976      84   138
   418  50479.231    0.061 PC->DEV ACK        2164023976 3264204893       0    54
   419  50628.886  149.655 DEV->PC ACK        3264204893 2164023976    1460  1514
   420  50628.979    0.093 DEV->PC ACK        3264206353 2164023976    1460  1514
   421  50628.987    0.008 PC->DEV ACK        2164023976 3264207813       0    54
   422  50629.097    0.110 DEV->PC ACK|PSH    3264207813 2164023976    1220  1274
   423  50682.672   53.575 PC->DEV ACK        2164023976 3264209033       0    54
   424  50778.950   96.278 DEV->PC ACK        3264209033 2164023976    1460  1514
   425  50779.022    0.072 DEV->PC ACK        3264210493 2164023976    1460  1514
   426  50779.031    0.009 PC->DEV ACK        2164023976 3264211953       0    54
   427  50779.133    0.102 DEV->PC ACK|PSH    3264211953 2164023976    1220  1274
   428  50821.931   42.798 PC->DEV ACK        2164023976 3264213173       0    54
   429  50928.886  106.955 DEV->PC ACK        3264213173 2164023976    1460  1514
   430  50929.009    0.123 DEV->PC ACK        3264214633 2164023976    1460  1514
   431  50929.014    0.005 PC->DEV ACK        2164023976 3264216093       0    54
   432  50929.105    0.091 DEV->PC ACK|PSH    3264216093 2164023976    1220  1274
   433  50979.228   50.123 PC->DEV ACK        2164023976 3264217313       0    54
   434  51072.308   93.080 DEV->PC ACK|PSH    3264217313 2164023976      84   138
   435  51078.868    6.560 DEV->PC ACK        3264217397 2164023976    1460  1514
   436  51078.878    0.010 PC->DEV ACK        2164023976 3264218857       0    54
   437  51079.034    0.156 DEV->PC ACK        3264218857 2164023976    1460  1514
   438  51079.063    0.029 DEV->PC ACK|PSH    3264220317 2164023976    1220  1274
   439  51079.070    0.007 PC->DEV ACK        2164023976 3264221537       0    54
   440  51228.898  149.828 DEV->PC ACK        3264221537 2164023976    1460  1514
   441  51229.021    0.123 DEV->PC ACK        3264222997 2164023976    1460  1514
   442  51229.030    0.009 PC->DEV ACK        2164023976 3264224457       0    54
   443  51229.081    0.051 DEV->PC ACK|PSH    3264224457 2164023976    1220  1274
   444  51273.455   44.374 PC->DEV ACK        2164023976 3264225677       0    54
   445  51378.880  105.425 DEV->PC ACK        3264225677 2164023976    1460  1514
   446  51378.972    0.092 DEV->PC ACK        3264227137 2164023976    1460  1514
   447  51378.990    0.018 PC->DEV ACK        2164023976 3264228597       0    54
   448  51379.051    0.061 DEV->PC ACK|PSH    3264228597 2164023976    1220  1274
   449  51428.350   49.299 PC->DEV ACK        2164023976 3264229817       0    54
   450  51478.791   50.441 DEV->PC ACK|PSH    3264229817 2164023976      84   138
   451  51520.165   41.374 PC->DEV ACK        2164023976 3264229901       0    54
   452  51528.870    8.705 DEV->PC ACK        3264229901 2164023976    1460  1514
   453  51528.953    0.083 DEV->PC ACK        3264231361 2164023976    1460  1514
   454  51528.972    0.019 PC->DEV ACK        2164023976 3264232821       0    54
   455  51529.139    0.167 DEV->PC ACK|PSH    3264232821 2164023976    1220  1274
   456  51582.816   53.677 PC->DEV ACK        2164023976 3264234041       0    54
   457  51678.890   96.074 DEV->PC ACK        3264234041 2164023976    1460  1514
   458  51679.012    0.122 DEV->PC ACK        3264235501 2164023976    1460  1514
   459  51679.016    0.004 PC->DEV ACK        2164023976 3264236961       0    54
   460  51679.106    0.090 DEV->PC ACK|PSH    3264236961 2164023976    1220  1274
   461  51722.620   43.514 PC->DEV ACK        2164023976 3264238181       0    54
   462  51828.846  106.226 DEV->PC ACK        3264238181 2164023976    1460  1514
   463  51828.971    0.125 DEV->PC ACK        3264239641 2164023976    1460  1514
   464  51828.976    0.005 PC->DEV ACK        2164023976 3264241101       0    54
   465  51829.067    0.091 DEV->PC ACK|PSH    3264241101 2164023976    1220  1274
   466  51875.755   46.688 PC->DEV ACK        2164023976 3264242321       0    54
   467  51978.864  103.109 DEV->PC ACK        3264242321 2164023976    1460  1514
   468  51978.987    0.123 DEV->PC ACK        3264243781 2164023976    1460  1514
   469  51978.992    0.005 PC->DEV ACK        2164023976 3264245241       0    54
   470  51979.047    0.055 DEV->PC ACK|PSH    3264245241 2164023976    1220  1274
   471  52031.815   52.768 PC->DEV ACK        2164023976 3264246461       0    54
   472  52072.433   40.618 DEV->PC ACK|PSH    3264246461 2164023976      84   138
   473  52125.991   53.558 PC->DEV ACK        2164023976 3264246545       0    54
   474  52128.881    2.890 DEV->PC ACK        3264246545 2164023976    1460  1514
   475  52129.004    0.123 DEV->PC ACK        3264248005 2164023976    1460  1514
   476  52129.008    0.004 PC->DEV ACK        2164023976 3264249465       0    54
   477  52129.102    0.094 DEV->PC ACK|PSH    3264249465 2164023976    1220  1274
   478  52172.342   43.240 PC->DEV ACK        2164023976 3264250685       0    54
   479  52278.984  106.642 DEV->PC ACK        3264250685 2164023976    1460  1514
   480  52279.087    0.103 DEV->PC ACK        3264252145 2164023976    1460  1514
   481  52279.088    0.001 DEV->PC ACK|PSH    3264253605 2164023976    1220  1274
   482  52279.101    0.013 PC->DEV ACK        2164023976 3264254825       0    54
   483  52428.859  149.758 DEV->PC ACK        3264254825 2164023976    1460  1514
   484  52428.982    0.123 DEV->PC ACK        3264256285 2164023976    1460  1514
   485  52428.986    0.004 PC->DEV ACK        2164023976 3264257745       0    54
   486  52429.077    0.091 DEV->PC ACK|PSH    3264257745 2164023976    1220  1274
   487  52478.780   49.703 DEV->PC ACK|PSH    3264258965 2164023976      84   138
   488  52478.790    0.010 PC->DEV ACK        2164023976 3264259049       0    54
   489  52578.897  100.107 DEV->PC ACK        3264259049 2164023976    1460  1514
   490  52578.942    0.045 DEV->PC ACK        3264260509 2164023976    1460  1514
   491  52578.946    0.004 PC->DEV ACK        2164023976 3264261969       0    54
   492  52579.042    0.096 DEV->PC ACK|PSH    3264261969 2164023976    1220  1274
   493  52621.474   42.432 PC->DEV ACK        2164023976 3264263189       0    54
   494  52728.958  107.484 DEV->PC ACK        3264263189 2164023976    1460  1514
   495  52729.116    0.158 DEV->PC ACK        3264264649 2164023976    1460  1514
   496  52729.117    0.001 DEV->PC ACK|PSH    3264266109 2164023976    1220  1274
   497  52729.172    0.055 PC->DEV ACK        2164023976 3264267329       0    54
   498  52878.880  149.708 DEV->PC ACK        3264267329 2164023976    1460  1514
   499  52878.964    0.084 DEV->PC ACK        3264268789 2164023976    1460  1514
   500  52878.969    0.005 PC->DEV ACK        2164023976 3264270249       0    54
   501  52879.067    0.098 DEV->PC ACK|PSH    3264270249 2164023976    1220  1274
   502  52933.316   54.249 PC->DEV ACK        2164023976 3264271469       0    54
   503  53028.862   95.546 DEV->PC ACK        3264271469 2164023976    1460  1514
   504  53028.982    0.120 DEV->PC ACK        3264272929 2164023976    1460  1514
   505  53028.986    0.004 PC->DEV ACK        2164023976 3264274389       0    54
   506  53029.079    0.093 DEV->PC ACK|PSH    3264274389 2164023976    1220  1274
   507  53071.619   42.540 DEV->PC ACK|PSH    3264275609 2164023976      84   138
   508  53071.683    0.064 PC->DEV ACK        2164023976 3264275693       0    54
   509  53178.862  107.179 DEV->PC ACK        3264275693 2164023976    1460  1514
   510  53178.987    0.125 DEV->PC ACK        3264277153 2164023976    1460  1514
   511  53178.995    0.008 PC->DEV ACK        2164023976 3264278613       0    54
   512  53179.047    0.052 DEV->PC ACK|PSH    3264278613 2164023976    1220  1274
   513  53227.858   48.811 PC->DEV ACK        2164023976 3264279833       0    54
   514  53328.878  101.020 DEV->PC ACK        3264279833 2164023976    1460  1514
   515  53328.960    0.082 DEV->PC ACK        3264281293 2164023976    1460  1514
   516  53328.976    0.016 PC->DEV ACK        2164023976 3264282753       0    54
   517  53329.088    0.112 DEV->PC ACK|PSH    3264282753 2164023976    1220  1274
   518  53381.914   52.826 PC->DEV ACK        2164023976 3264283973       0    54
   519  53478.848   96.934 DEV->PC ACK        3264283973 2164023976    1460  1514
   520  53478.963    0.115 DEV->PC ACK        3264285433 2164023976    1460  1514
   521  53478.998    0.035 PC->DEV ACK        2164023976 3264286893       0    54
   522  53479.061    0.063 DEV->PC ACK|PSH    3264286893 2164023976    1220  1274
   523  53479.062    0.001 DEV->PC ACK|PSH    3264288113 2164023976      84   138
   524  53479.089    0.027 PC->DEV ACK        2164023976 3264288197       0    54
   525  53628.825  149.736 DEV->PC ACK        3264288197 2164023976    1460  1514
   526  53628.946    0.121 DEV->PC ACK        3264289657 2164023976    1460  1514
   527  53628.950    0.004 PC->DEV ACK        2164023976 3264291117       0    54
   528  53629.042    0.092 DEV->PC ACK|PSH    3264291117 2164023976    1220  1274
   529  53676.969   47.927 PC->DEV ACK        2164023976 3264292337       0    54
   530  53778.854  101.885 DEV->PC ACK        3264292337 2164023976    1460  1514
   531  53778.974    0.120 DEV->PC ACK        3264293797 2164023976    1460  1514
   532  53778.978    0.004 PC->DEV ACK        2164023976 3264295257       0    54
   533  53779.070    0.092 DEV->PC ACK|PSH    3264295257 2164023976    1220  1274
   534  53832.628   53.558 PC->DEV ACK        2164023976 3264296477       0    54
   535  53928.841   96.213 DEV->PC ACK        3264296477 2164023976    1460  1514
   536  53928.952    0.111 DEV->PC ACK        3264297937 2164023976    1460  1514
   537  53928.982    0.030 PC->DEV ACK        2164023976 3264299397       0    54
   538  53929.046    0.064 DEV->PC ACK|PSH    3264299397 2164023976    1220  1274
   539  53971.116   42.070 PC->DEV ACK        2164023976 3264300617       0    54
   540  54071.770  100.654 DEV->PC ACK|PSH    3264300617 2164023976      84   138
   541  54078.796    7.026 DEV->PC ACK        3264300701 2164023976    1460  1514
   542  54078.804    0.008 PC->DEV ACK        2164023976 3264302161       0    54
   543  54078.883    0.079 DEV->PC ACK        3264302161 2164023976    1460  1514
   544  54079.013    0.130 DEV->PC ACK|PSH    3264303621 2164023976    1220  1274
   545  54079.023    0.010 PC->DEV ACK        2164023976 3264304841       0    54
   546  54228.842  149.819 DEV->PC ACK        3264304841 2164023976    1460  1514
   547  54228.965    0.123 DEV->PC ACK        3264306301 2164023976    1460  1514
   548  54228.970    0.005 PC->DEV ACK        2164023976 3264307761       0    54
   549  54229.025    0.055 DEV->PC ACK|PSH    3264307761 2164023976    1220  1274
   550  54279.546   50.521 PC->DEV ACK        2164023976 3264308981       0    54
   551  54378.852   99.306 DEV->PC ACK        3264308981 2164023976    1460  1514
   552  54378.972    0.120 DEV->PC ACK        3264310441 2164023976    1460  1514
   553  54378.980    0.008 PC->DEV ACK        2164023976 3264311901       0    54
   554  54379.032    0.052 DEV->PC ACK|PSH    3264311901 2164023976    1220  1274
   555  54419.490   40.458 PC->DEV ACK        2164023976 3264313121       0    54
   556  54478.899   59.409 DEV->PC ACK|PSH    3264313121 2164023976      84   138
   557  54527.256   48.357 PC->DEV ACK        2164023976 3264313205       0    54
   558  54528.821    1.565 DEV->PC ACK        3264313205 2164023976    1460  1514
   559  54528.942    0.121 DEV->PC ACK        3264314665 2164023976    1460  1514
   560  54528.954    0.012 PC->DEV ACK        2164023976 3264316125       0    54
   561  54529.002    0.048 DEV->PC ACK|PSH    3264316125 2164023976    1220  1274
   562  54574.684   45.682 PC->DEV ACK        2164023976 3264317345       0    54
   563  54678.987  104.303 DEV->PC ACK        3264317345 2164023976    1460  1514
   564  54678.989    0.002 DEV->PC ACK        3264318805 2164023976    1460  1514
   565  54679.072    0.083 PC->DEV ACK        2164023976 3264320265       0    54
   566  54679.157    0.085 DEV->PC ACK|PSH    3264320265 2164023976    1220  1274
   567  54729.847   50.690 PC->DEV ACK        2164023976 3264321485       0    54
   568  54828.808   98.961 DEV->PC ACK        3264321485 2164023976    1460  1514
   569  54828.926    0.118 DEV->PC ACK        3264322945 2164023976    1460  1514
   570  54828.930    0.004 PC->DEV ACK        2164023976 3264324405       0    54
   571  54829.022    0.092 DEV->PC ACK|PSH    3264324405 2164023976    1220  1274
   572  54870.196   41.174 PC->DEV ACK        2164023976 3264325625       0    54
   573  54978.819  108.623 DEV->PC ACK        3264325625 2164023976    1460  1514
   574  54978.899    0.080 DEV->PC ACK        3264327085 2164023976    1460  1514
   575  54978.910    0.011 PC->DEV ACK        2164023976 3264328545       0    54
   576  54979.025    0.115 DEV->PC ACK|PSH    3264328545 2164023976    1220  1274
   577  55025.624   46.599 PC->DEV ACK        2164023976 3264329765       0    54
   578  55071.879   46.255 DEV->PC ACK|PSH    3264329765 2164023976      84   138
   579  55118.974   47.095 PC->DEV ACK        2164023976 3264329849       0    54
   580  55128.934    9.960 DEV->PC ACK        3264329849 2164023976    1460  1514
   581  55128.978    0.044 DEV->PC ACK        3264331309 2164023976    1460  1514
   582  55128.999    0.021 PC->DEV ACK        2164023976 3264332769       0    54
   583  55129.031    0.032 DEV->PC ACK|PSH    3264332769 2164023976    1220  1274
   584  55180.268   51.237 PC->DEV ACK        2164023976 3264333989       0    54
   585  55278.955   98.687 DEV->PC ACK        3264333989 2164023976    1460  1514
   586  55279.058    0.103 DEV->PC ACK        3264335449 2164023976    1460  1514
   587  55279.059    0.001 DEV->PC ACK|PSH    3264336909 2164023976    1220  1274
   588  55279.068    0.009 PC->DEV ACK        2164023976 3264338129       0    54
   589  55428.829  149.761 DEV->PC ACK        3264338129 2164023976    1460  1514
   590  55428.918    0.089 DEV->PC ACK        3264339589 2164023976    1460  1514
   591  55428.934    0.016 PC->DEV ACK        2164023976 3264341049       0    54
   592  55429.086    0.152 DEV->PC ACK|PSH    3264341049 2164023976    1220  1274
   593  55472.214   43.128 PC->DEV ACK        2164023976 3264342269       0    54
   594  55478.803    6.589 DEV->PC ACK|PSH    3264342269 2164023976      84   138
   595  55534.067   55.264 PC->DEV ACK        2164023976 3264342353       0    54
   596  55578.815   44.748 DEV->PC ACK        3264342353 2164023976    1460  1514
   597  55578.939    0.124 DEV->PC ACK        3264343813 2164023976    1460  1514
   598  55578.947    0.008 PC->DEV ACK        2164023976 3264345273       0    54
   599  55578.999    0.052 DEV->PC ACK|PSH    3264345273 2164023976    1220  1274
   600  55627.280   48.281 PC->DEV ACK        2164023976 3264346493       0    54
   601  55728.815  101.535 DEV->PC ACK        3264346493 2164023976    1460  1514
   602  55728.935    0.120 DEV->PC ACK        3264347953 2164023976    1460  1514
   603  55728.939    0.004 PC->DEV ACK        2164023976 3264349413       0    54
   604  55729.033    0.094 DEV->PC ACK|PSH    3264349413 2164023976    1220  1274
   605  55782.315   53.282 PC->DEV ACK        2164023976 3264350633       0    54
   606  55878.805   96.490 DEV->PC ACK        3264350633 2164023976    1460  1514
   607  55878.886    0.081 DEV->PC ACK        3264352093 2164023976    1460  1514
   608  55878.901    0.015 PC->DEV ACK        2164023976 3264353553       0    54
   609  55879.018    0.117 DEV->PC ACK|PSH    3264353553 2164023976    1220  1274
   610  55921.318   42.300 PC->DEV ACK        2164023976 3264354773       0    54
   611  56028.790  107.472 DEV->PC ACK        3264354773 2164023976    1460  1514
   612  56028.902    0.112 DEV->PC ACK        3264356233 2164023976    1460  1514
   613  56028.908    0.006 PC->DEV ACK        2164023976 3264357693       0    54
   614  56028.963    0.055 DEV->PC ACK|PSH    3264357693 2164023976    1220  1274
   615  56072.966   44.003 DEV->PC ACK|PSH    3264358913 2164023976      84   138
   616  56073.006    0.040 PC->DEV ACK        2164023976 3264358997       0    54
   617  56178.821  105.815 DEV->PC ACK        3264358997 2164023976    1460  1514
   618  56178.886    0.065 DEV->PC ACK        3264360457 2164023976    1460  1514
   619  56178.893    0.007 PC->DEV ACK        2164023976 3264361917       0    54
   620  56178.992    0.099 DEV->PC ACK|PSH    3264361917 2164023976    1220  1274
   621  56231.430   52.438 PC->DEV ACK        2164023976 3264363137       0    54
   622  56328.847   97.417 DEV->PC ACK        3264363137 2164023976    1460  1514
   623  56328.907    0.060 DEV->PC ACK        3264364597 2164023976    1460  1514
   624  56328.913    0.006 PC->DEV ACK        2164023976 3264366057       0    54
   625  56329.033    0.120 DEV->PC ACK|PSH    3264366057 2164023976    1220  1274
   626  56369.309   40.276 PC->DEV ACK        2164023976 3264367277       0    54
   627  56478.787  109.478 DEV->PC ACK        3264367277 2164023976    1460  1514
   628  56478.868    0.081 DEV->PC ACK        3264368737 2164023976    1460  1514
   629  56478.881    0.013 PC->DEV ACK        2164023976 3264370197       0    54
   630  56479.002    0.121 DEV->PC ACK|PSH    3264370197 2164023976    1220  1274
   631  56479.003    0.001 DEV->PC ACK|PSH    3264371417 2164023976      84   138
   632  56479.021    0.018 PC->DEV ACK        2164023976 3264371501       0    54
   633  56628.885  149.864 DEV->PC ACK        3264371501 2164023976    1460  1514
   634  56628.929    0.044 DEV->PC ACK        3264372961 2164023976    1460  1514
   635  56628.938    0.009 PC->DEV ACK        2164023976 3264374421       0    54
   636  56629.102    0.164 DEV->PC ACK|PSH    3264374421 2164023976    1220  1274
   637  56678.475   49.373 PC->DEV ACK        2164023976 3264375641       0    54
   638  56778.812  100.337 DEV->PC ACK        3264375641 2164023976    1460  1514
   639  56778.932    0.120 DEV->PC ACK        3264377101 2164023976    1460  1514
   640  56778.936    0.004 PC->DEV ACK        2164023976 3264378561       0    54
   641  56779.029    0.093 DEV->PC ACK|PSH    3264378561 2164023976    1220  1274
   642  56833.560   54.531 PC->DEV ACK        2164023976 3264379781       0    54
   643  56928.814   95.254 DEV->PC ACK        3264379781 2164023976    1460  1514
   644  56928.895    0.081 DEV->PC ACK        3264381241 2164023976    1460  1514
   645  56928.912    0.017 PC->DEV ACK        2164023976 3264382701       0    54
   646  56929.045    0.133 DEV->PC ACK|PSH    3264382701 2164023976    1220  1274
   647  56973.390   44.345 PC->DEV ACK        2164023976 3264383921       0    54
   648  57073.036   99.646 DEV->PC ACK|PSH    3264383921 2164023976      84   138
   649  57078.767    5.731 DEV->PC ACK        3264384005 2164023976    1460  1514
   650  57078.776    0.009 PC->DEV ACK        2164023976 3264385465       0    54
   651  57078.932    0.156 DEV->PC ACK        3264385465 2164023976    1460  1514
   652  57078.954    0.022 DEV->PC ACK|PSH    3264386925 2164023976    1220  1274
   653  57078.962    0.008 PC->DEV ACK        2164023976 3264388145       0    54
   654  57228.774  149.812 DEV->PC ACK        3264388145 2164023976    1460  1514
   655  57228.898    0.124 DEV->PC ACK        3264389605 2164023976    1460  1514
   656  57228.902    0.004 PC->DEV ACK        2164023976 3264391065       0    54
   657  57228.993    0.091 DEV->PC ACK|PSH    3264391065 2164023976    1220  1274
   658  57281.647   52.654 PC->DEV ACK        2164023976 3264392285       0    54
   659  57378.803   97.156 DEV->PC ACK        3264392285 2164023976    1460  1514
   660  57378.885    0.082 DEV->PC ACK        3264393745 2164023976    1460  1514
   661  57378.893    0.008 PC->DEV ACK        2164023976 3264395205       0    54
   662  57378.989    0.096 DEV->PC ACK|PSH    3264395205 2164023976    1220  1274
   663  57421.168   42.179 PC->DEV ACK        2164023976 3264396425       0    54
   664  57478.874   57.706 DEV->PC ACK|PSH    3264396425 2164023976      84   138
   665  57528.861   49.987 DEV->PC ACK        3264396509 2164023976    1460  1514
   666  57528.914    0.053 PC->DEV ACK        2164023976 3264396509       0    54
   667  57528.991    0.077 DEV->PC ACK        3264397969 2164023976    1460  1514
   668  57528.993    0.002 DEV->PC ACK|PSH    3264399429 2164023976    1220  1274
   669  57529.039    0.046 PC->DEV ACK        2164023976 3264400649       0    54
   670  57678.791  149.752 DEV->PC ACK        3264400649 2164023976    1460  1514
   671  57678.913    0.122 DEV->PC ACK        3264402109 2164023976    1460  1514
   672  57678.930    0.017 PC->DEV ACK        2164023976 3264403569       0    54
   673  57678.973    0.043 DEV->PC ACK|PSH    3264403569 2164023976    1220  1274
   674  57729.521   50.548 PC->DEV ACK        2164023976 3264404789       0    54
   675  57828.773   99.252 DEV->PC ACK        3264404789 2164023976    1460  1514
   676  57828.870    0.097 DEV->PC ACK        3264406249 2164023976    1460  1514
   677  57828.886    0.016 PC->DEV ACK        2164023976 3264407709       0    54
   678  57829.035    0.149 DEV->PC ACK|PSH    3264407709 2164023976    1220  1274
   679  57883.106   54.071 PC->DEV ACK        2164023976 3264408929       0    54
   680  57978.808   95.702 DEV->PC ACK        3264408929 2164023976    1460  1514
   681  57978.877    0.069 DEV->PC ACK        3264410389 2164023976    1460  1514
   682  57978.885    0.008 PC->DEV ACK        2164023976 3264411849       0    54
   683  57978.983    0.098 DEV->PC ACK|PSH    3264411849 2164023976    1220  1274
   684  58021.245   42.262 PC->DEV ACK        2164023976 3264413069       0    54
   685  58072.225   50.980 DEV->PC ACK|PSH    3264413069 2164023976      84   138
   686  58113.176   40.951 PC->DEV ACK        2164023976 3264413153       0    54
   687  58128.837   15.661 DEV->PC ACK        3264413153 2164023976    1460  1514
   688  58128.966    0.129 DEV->PC ACK        3264414613 2164023976    1460  1514
   689  58128.967    0.001 DEV->PC ACK|PSH    3264416073 2164023976    1220  1274
   690  58129.012    0.045 PC->DEV ACK        2164023976 3264417293       0    54
   691  58278.769  149.757 DEV->PC ACK        3264417293 2164023976    1460  1514
   692  58278.848    0.079 DEV->PC ACK        3264418753 2164023976    1460  1514
   693  58278.864    0.016 PC->DEV ACK        2164023976 3264420213       0    54
   694  58278.981    0.117 DEV->PC ACK|PSH    3264420213 2164023976    1220  1274
   695  58330.743   51.762 PC->DEV ACK        2164023976 3264421433       0    54
   696  58428.807   98.064 DEV->PC ACK        3264421433 2164023976    1460  1514
   697  58428.871    0.064 DEV->PC ACK        3264422893 2164023976    1460  1514
   698  58428.887    0.016 PC->DEV ACK        2164023976 3264424353       0    54
   699  58428.944    0.057 DEV->PC ACK|PSH    3264424353 2164023976    1220  1274
   700  58469.504   40.560 PC->DEV ACK        2164023976 3264425573       0    54
   701  58478.875    9.371 DEV->PC ACK|PSH    3264425573 2164023976      84   138
   702  58531.296   52.421 PC->DEV ACK        2164023976 3264425657       0    54
   703  58578.750   47.454 DEV->PC ACK        3264425657 2164023976    1460  1514
   704  58578.865    0.115 DEV->PC ACK        3264427117 2164023976    1460  1514
   705  58578.872    0.007 PC->DEV ACK        2164023976 3264428577       0    54
   706  58578.965    0.093 DEV->PC ACK|PSH    3264428577 2164023976    1220  1274
   707  58624.559   45.594 PC->DEV ACK        2164023976 3264429797       0    54
   708  58728.761  104.202 DEV->PC ACK        3264429797 2164023976    1460  1514
   709  58728.876    0.115 DEV->PC ACK        3264431257 2164023976    1460  1514
   710  58728.880    0.004 PC->DEV ACK        2164023976 3264432717       0    54
   711  58729.003    0.123 DEV->PC ACK|PSH    3264432717 2164023976    1220  1274
   712  58779.250   50.247 PC->DEV ACK        2164023976 3264433937       0    54
   713  58878.766   99.516 DEV->PC ACK        3264433937 2164023976    1460  1514
   714  58878.884    0.118 DEV->PC ACK        3264435397 2164023976    1460  1514
   715  58878.911    0.027 PC->DEV ACK        2164023976 3264436857       0    54
   716  58878.974    0.063 DEV->PC ACK|PSH    3264436857 2164023976    1220  1274
   717  58919.428   40.454 PC->DEV ACK        2164023976 3264438077       0    54
   718  59028.741  109.313 DEV->PC ACK        3264438077 2164023976    1460  1514
   719  59028.861    0.120 DEV->PC ACK        3264439537 2164023976    1460  1514
   720  59028.868    0.007 PC->DEV ACK        2164023976 3264440997       0    54
   721  59028.939    0.071 DEV->PC ACK|PSH    3264440997 2164023976    1220  1274
   722  59073.187   44.248 DEV->PC ACK|PSH    3264442217 2164023976      84   138
   723  59073.291    0.104 PC->DEV ACK        2164023976 3264442301       0    54
   724  59178.779  105.488 DEV->PC ACK        3264442301 2164023976    1460  1514
   725  59178.847    0.068 DEV->PC ACK        3264443761 2164023976    1460  1514
   726  59178.855    0.008 PC->DEV ACK        2164023976 3264445221       0    54
   727  59178.977    0.122 DEV->PC ACK|PSH    3264445221 2164023976    1220  1274
   728  59229.863   50.886 PC->DEV ACK        2164023976 3264446441       0    54
   729  59328.774   98.911 DEV->PC ACK        3264446441 2164023976    1460  1514
   730  59328.895    0.121 DEV->PC ACK        3264447901 2164023976    1460  1514
   731  59328.903    0.008 PC->DEV ACK        2164023976 3264449361       0    54
   732  59328.959    0.056 DEV->PC ACK|PSH    3264449361 2164023976    1220  1274
   733  59383.946   54.987 PC->DEV ACK        2164023976 3264450581       0    54
   734  59478.848   94.902 DEV->PC ACK        3264450581 2164023976    1460  1514
   735  59478.969    0.121 DEV->PC ACK        3264452041 2164023976    1460  1514
   736  59478.970    0.001 DEV->PC ACK|PSH    3264453501 2164023976    1220  1274
   737  59478.971    0.001 DEV->PC ACK|PSH    3264454721 2164023976      84   138
   738  59479.019    0.048 PC->DEV ACK        2164023976 3264454805       0    54
   739  59628.750  149.731 DEV->PC ACK        3264454805 2164023976    1460  1514
   740  59628.816    0.066 DEV->PC ACK        3264456265 2164023976    1460  1514
   741  59628.823    0.007 PC->DEV ACK        2164023976 3264457725       0    54
   742  59628.927    0.104 DEV->PC ACK|PSH    3264457725 2164023976    1220  1274
   743  59680.054   51.127 PC->DEV ACK        2164023976 3264458945       0    54
   744  59778.785   98.731 DEV->PC ACK        3264458945 2164023976    1460  1514
   745  59778.853    0.068 DEV->PC ACK        3264460405 2164023976    1460  1514
   746  59778.860    0.007 PC->DEV ACK        2164023976 3264461865       0    54
   747  59778.996    0.136 DEV->PC ACK|PSH    3264461865 2164023976    1220  1274
   748  59819.120   40.124 PC->DEV ACK        2164023976 3264463085       0    54
   749  59928.846  109.726 DEV->PC ACK        3264463085 2164023976    1460  1514
   750  59928.982    0.136 DEV->PC ACK        3264464545 2164023976    1460  1514
   751  59928.984    0.002 DEV->PC ACK|PSH    3264466005 2164023976    1220  1274
   752  59929.037    0.053 PC->DEV ACK        2164023976 3264467225       0    54
   753  60073.320  144.283 DEV->PC ACK|PSH    3264467225 2164023976      84   138
   754  60078.709    5.389 DEV->PC ACK        3264467309 2164023976    1460  1514
   755  60078.721    0.012 PC->DEV ACK        2164023976 3264468769       0    54
   756  60078.878    0.157 DEV->PC ACK        3264468769 2164023976    1460  1514
   757  60078.900    0.022 DEV->PC ACK|PSH    3264470229 2164023976    1220  1274
   758  60078.911    0.011 PC->DEV ACK        2164023976 3264471449       0    54
   759  60228.874  149.963 DEV->PC ACK        3264471449 2164023976    1460  1514
   760  60228.909    0.035 DEV->PC ACK        3264472909 2164023976    1460  1514
   761  60228.917    0.008 PC->DEV ACK        2164023976 3264474369       0    54
   762  60229.126    0.209 DEV->PC ACK|PSH    3264474369 2164023976    1220  1274
   763  60284.253   55.127 PC->DEV ACK        2164023976 3264475589       0    54
   764  60378.772   94.519 DEV->PC ACK        3264475589 2164023976    1460  1514
   765  60378.838    0.066 DEV->PC ACK        3264477049 2164023976    1460  1514
   766  60378.846    0.008 PC->DEV ACK        2164023976 3264478509       0    54
   767  60378.949    0.103 DEV->PC ACK|PSH    3264478509 2164023976    1220  1274
   768  60423.192   44.243 PC->DEV ACK        2164023976 3264479729       0    54
   769  60478.808   55.616 DEV->PC ACK|PSH    3264479729 2164023976      84   138
   770  60528.697   49.889 DEV->PC ACK        3264479813 2164023976    1460  1514
   771  60528.714    0.017 PC->DEV ACK        2164023976 3264481273       0    54
   772  60528.773    0.059 DEV->PC ACK        3264481273 2164023976    1460  1514
   773  60528.906    0.133 DEV->PC ACK|PSH    3264482733 2164023976    1220  1274
   774  60528.921    0.015 PC->DEV ACK        2164023976 3264483953       0    54
   775  60678.780  149.859 DEV->PC ACK        3264483953 2164023976    1460  1514
   776  60678.894    0.114 DEV->PC ACK        3264485413 2164023976    1460  1514
   777  60678.895    0.001 DEV->PC ACK|PSH    3264486873 2164023976    1220  1274
   778  60678.941    0.046 PC->DEV ACK        2164023976 3264488093       0    54
   779  60828.767  149.826 DEV->PC ACK        3264488093 2164023976    1460  1514
   780  60828.814    0.047 DEV->PC ACK        3264489553 2164023976    1460  1514
   781  60828.826    0.012 PC->DEV ACK        2164023976 3264491013       0    54
   782  60828.928    0.102 DEV->PC ACK|PSH    3264491013 2164023976    1220  1274
   783  60872.084   43.156 PC->DEV ACK        2164023976 3264492233       0    54
   784  60978.722  106.638 DEV->PC ACK        3264492233 2164023976    1460  1514
   785  60978.841    0.119 DEV->PC ACK        3264493693 2164023976    1460  1514
   786  60978.848    0.007 PC->DEV ACK        2164023976 3264495153       0    54
   787  60978.901    0.053 DEV->PC ACK|PSH    3264495153 2164023976    1220  1274
   788  61025.934   47.033 PC->DEV ACK        2164023976 3264496373       0    54
   789  61073.512   47.578 DEV->PC ACK|PSH    3264496373 2164023976      84   138
   790  61118.930   45.418 PC->DEV ACK        2164023976 3264496457       0    54
   791  61128.735    9.805 DEV->PC ACK        3264496457 2164023976    1460  1514
   792  61128.806    0.071 DEV->PC ACK        3264497917 2164023976    1460  1514
   793  61128.813    0.007 PC->DEV ACK        2164023976 3264499377       0    54
   794  61128.893    0.080 DEV->PC ACK|PSH    3264499377 2164023976    1220  1274
   795  61181.341   52.448 PC->DEV ACK        2164023976 3264500597       0    54
   796  61278.857   97.516 DEV->PC ACK        3264500597 2164023976    1460  1514
   797  61278.860    0.003 DEV->PC ACK        3264502057 2164023976    1460  1514
   798  61278.953    0.093 PC->DEV ACK        2164023976 3264503517       0    54
   799  61279.038    0.085 DEV->PC ACK|PSH    3264503517 2164023976    1220  1274
   800  61320.665   41.627 PC->DEV ACK        2164023976 3264504737       0    54
   801  61428.697  108.032 DEV->PC ACK        3264504737 2164023976    1460  1514
   802  61428.811    0.114 DEV->PC ACK        3264506197 2164023976    1460  1514
   803  61428.817    0.006 PC->DEV ACK        2164023976 3264507657       0    54
   804  61428.874    0.057 DEV->PC ACK|PSH    3264507657 2164023976    1220  1274
   805  61477.731   48.857 PC->DEV ACK        2164023976 3264508877       0    54
   806  61478.818    1.087 DEV->PC ACK|PSH    3264508877 2164023976      84   138
   807  61524.440   45.622 PC->DEV ACK        2164023976 3264508961       0    54
   808  61578.692   54.252 DEV->PC ACK        3264508961 2164023976    1460  1514
   809  61578.812    0.120 DEV->PC ACK        3264510421 2164023976    1460  1514
   810  61578.816    0.004 PC->DEV ACK        2164023976 3264511881       0    54
   811  61578.908    0.092 DEV->PC ACK|PSH    3264511881 2164023976    1220  1274
   812  61633.742   54.834 PC->DEV ACK        2164023976 3264513101       0    54
   813  61728.723   94.981 DEV->PC ACK        3264513101 2164023976    1460  1514
   814  61728.805    0.082 DEV->PC ACK        3264514561 2164023976    1460  1514
   815  61728.822    0.017 PC->DEV ACK        2164023976 3264516021       0    54
   816  61728.939    0.117 DEV->PC ACK|PSH    3264516021 2164023976    1220  1274
   817  61771.523   42.584 PC->DEV ACK        2164023976 3264517241       0    54
   818  61878.685  107.162 DEV->PC ACK        3264517241 2164023976    1460  1514
   819  61878.785    0.100 DEV->PC ACK        3264518701 2164023976    1460  1514
   820  61878.804    0.019 PC->DEV ACK        2164023976 3264520161       0    54
   821  61878.863    0.059 DEV->PC ACK|PSH    3264520161 2164023976    1220  1274
   822  61925.738   46.875 PC->DEV ACK        2164023976 3264521381       0    54
   823  62028.658  102.920 DEV->PC ACK        3264521381 2164023976    1460  1514
   824  62028.777    0.119 DEV->PC ACK        3264522841 2164023976    1460  1514
   825  62028.783    0.006 PC->DEV ACK        2164023976 3264524301       0    54
   826  62028.837    0.054 DEV->PC ACK|PSH    3264524301 2164023976    1220  1274
   827  62072.706   43.869 DEV->PC ACK|PSH    3264525521 2164023976      84   138
   828  62072.849    0.143 PC->DEV ACK        2164023976 3264525605       0    54
   829  62178.735  105.886 DEV->PC ACK        3264525605 2164023976    1460  1514
   830  62178.801    0.066 DEV->PC ACK        3264527065 2164023976    1460  1514
   831  62178.808    0.007 PC->DEV ACK        2164023976 3264528525       0    54
   832  62178.954    0.146 DEV->PC ACK|PSH    3264528525 2164023976    1220  1274
   833  62221.181   42.227 PC->DEV ACK        2164023976 3264529745       0    54
   834  62328.706  107.525 DEV->PC ACK        3264529745 2164023976    1460  1514
   835  62328.829    0.123 DEV->PC ACK        3264531205 2164023976    1460  1514
   836  62328.832    0.003 PC->DEV ACK        2164023976 3264532665       0    54
   837  62328.924    0.092 DEV->PC ACK|PSH    3264532665 2164023976    1220  1274
   838  62376.079   47.155 PC->DEV ACK        2164023976 3264533885       0    54
   839  62478.697  102.618 DEV->PC ACK        3264533885 2164023976    1460  1514
   840  62478.787    0.090 DEV->PC ACK        3264535345 2164023976    1460  1514
   841  62478.807    0.020 PC->DEV ACK        2164023976 3264536805       0    54
   842  62478.873    0.066 DEV->PC ACK|PSH    3264536805 2164023976    1220  1274
   843  62478.874    0.001 DEV->PC ACK|PSH    3264538025 2164023976      84   138
   844  62478.899    0.025 PC->DEV ACK        2164023976 3264538109       0    54
   845  62628.714  149.815 DEV->PC ACK        3264538109 2164023976    1460  1514
   846  62628.780    0.066 DEV->PC ACK        3264539569 2164023976    1460  1514
   847  62628.787    0.007 PC->DEV ACK        2164023976 3264541029       0    54
   848  62628.911    0.124 DEV->PC ACK|PSH    3264541029 2164023976    1220  1274
   849  62669.244   40.333 PC->DEV ACK        2164023976 3264542249       0    54
   850  62778.786  109.542 DEV->PC ACK        3264542249 2164023976    1460  1514
   851  62778.899    0.113 DEV->PC ACK        3264543709 2164023976    1460  1514
   852  62778.900    0.001 DEV->PC ACK|PSH    3264545169 2164023976    1220  1274
   853  62778.933    0.033 PC->DEV ACK        2164023976 3264546389       0    54
   854  62928.787  149.854 DEV->PC ACK        3264546389 2164023976    1460  1514
   855  62928.790    0.003 DEV->PC ACK        3264547849 2164023976    1460  1514
   856  62928.871    0.081 PC->DEV ACK        2164023976 3264549309       0    54
   857  62928.926    0.055 DEV->PC ACK|PSH    3264549309 2164023976    1220  1274
   858  62977.481   48.555 PC->DEV ACK        2164023976 3264550529       0    54
   859  63073.750   96.269 DEV->PC ACK|PSH    3264550529 2164023976      84   138
   860  63078.661    4.911 DEV->PC ACK        3264550613 2164023976    1460  1514
   861  63078.673    0.012 PC->DEV ACK        2164023976 3264552073       0    54
   862  63078.758    0.085 DEV->PC ACK        3264552073 2164023976    1460  1514
   863  63078.820    0.062 DEV->PC ACK|PSH    3264553533 2164023976    1220  1274
   864  63078.830    0.010 PC->DEV ACK        2164023976 3264554753       0    54
   865  63228.675  149.845 DEV->PC ACK        3264554753 2164023976    1460  1514
   866  63228.793    0.118 DEV->PC ACK        3264556213 2164023976    1460  1514
   867  63228.801    0.008 PC->DEV ACK        2164023976 3264557673       0    54
   868  63228.855    0.054 DEV->PC ACK|PSH    3264557673 2164023976    1220  1274
   869  63273.356   44.501 PC->DEV ACK        2164023976 3264558893       0    54
   870  63378.669  105.313 DEV->PC ACK        3264558893 2164023976    1460  1514
   871  63378.745    0.076 DEV->PC ACK        3264560353 2164023976    1460  1514
   872  63378.753    0.008 PC->DEV ACK        2164023976 3264561813       0    54
   873  63378.872    0.119 DEV->PC ACK|PSH    3264561813 2164023976    1220  1274
   874  63429.052   50.180 PC->DEV ACK        2164023976 3264563033       0    54
   875  63478.806   49.754 DEV->PC ACK|PSH    3264563033 2164023976      84   138
   876  63521.220   42.414 PC->DEV ACK        2164023976 3264563117       0    54
   877  63528.643    7.423 DEV->PC ACK        3264563117 2164023976    1460  1514
   878  63528.724    0.081 DEV->PC ACK        3264564577 2164023976    1460  1514
   879  63528.740    0.016 PC->DEV ACK        2164023976 3264566037       0    54
   880  63528.856    0.116 DEV->PC ACK|PSH    3264566037 2164023976    1220  1274
   881  63583.241   54.385 PC->DEV ACK        2164023976 3264567257       0    54
   882  63678.707   95.466 DEV->PC ACK        3264567257 2164023976    1460  1514
   883  63678.773    0.066 DEV->PC ACK        3264568717 2164023976    1460  1514
   884  63678.781    0.008 PC->DEV ACK        2164023976 3264570177       0    54
   885  63678.877    0.096 DEV->PC ACK|PSH    3264570177 2164023976    1220  1274
   886  63723.341   44.464 PC->DEV ACK        2164023976 3264571397       0    54
   887  63828.688  105.347 DEV->PC ACK        3264571397 2164023976    1460  1514
   888  63828.755    0.067 DEV->PC ACK        3264572857 2164023976    1460  1514
   889  63828.765    0.010 PC->DEV ACK        2164023976 3264574317       0    54
   890  63828.892    0.127 DEV->PC ACK|PSH    3264574317 2164023976    1220  1274
   891  63879.000   50.108 PC->DEV ACK        2164023976 3264575537       0    54
   892  63978.714   99.714 DEV->PC ACK        3264575537 2164023976    1460  1514
   893  63978.781    0.067 DEV->PC ACK        3264576997 2164023976    1460  1514
   894  63978.789    0.008 PC->DEV ACK        2164023976 3264578457       0    54
   895  63978.938    0.149 DEV->PC ACK|PSH    3264578457 2164023976    1220  1274
   896  64032.504   53.566 PC->DEV ACK        2164023976 3264579677       0    54
   897  64073.785   41.281 DEV->PC ACK|PSH    3264579677 2164023976      84   138
   898  64125.472   51.687 PC->DEV ACK        2164023976 3264579761       0    54
   899  64128.674    3.202 DEV->PC ACK        3264579761 2164023976    1460  1514
   900  64128.788    0.114 DEV->PC ACK        3264581221 2164023976    1460  1514
   901  64128.819    0.031 PC->DEV ACK        2164023976 3264582681       0    54
   902  64128.878    0.059 DEV->PC ACK|PSH    3264582681 2164023976    1220  1274
   903  64171.544   42.666 PC->DEV ACK        2164023976 3264583901       0    54
   904  64278.755  107.211 DEV->PC ACK        3264583901 2164023976    1460  1514
   905  64278.777    0.022 DEV->PC ACK        3264585361 2164023976    1460  1514
   906  64278.785    0.008 PC->DEV ACK        2164023976 3264586821       0    54
   907  64279.048    0.263 DEV->PC ACK|PSH    3264586821 2164023976    1220  1274
   908  64326.806   47.758 PC->DEV ACK        2164023976 3264588041       0    54
   909  64428.635  101.829 DEV->PC ACK        3264588041 2164023976    1460  1514
   910  64428.799    0.164 DEV->PC ACK        3264589501 2164023976    1460  1514
   911  64428.806    0.007 PC->DEV ACK        2164023976 3264590961       0    54
   912  64428.821    0.015 DEV->PC ACK|PSH    3264590961 2164023976    1220  1274
   913  64478.944   50.123 DEV->PC ACK|PSH    3264592181 2164023976      84   138
   914  64478.959    0.015 PC->DEV ACK        2164023976 3264592265       0    54
   915  64578.676   99.717 DEV->PC ACK        3264592265 2164023976    1460  1514
   916  64578.740    0.064 DEV->PC ACK        3264593725 2164023976    1460  1514
   917  64578.748    0.008 PC->DEV ACK        2164023976 3264595185       0    54
   918  64578.886    0.138 DEV->PC ACK|PSH    3264595185 2164023976    1220  1274
   919  64620.354   41.468 PC->DEV ACK        2164023976 3264596405       0    54
   920  64728.708  108.354 DEV->PC ACK        3264596405 2164023976    1460  1514
   921  64728.768    0.060 DEV->PC ACK        3264597865 2164023976    1460  1514
   922  64728.774    0.006 PC->DEV ACK        2164023976 3264599325       0    54
   923  64728.831    0.057 DEV->PC ACK|PSH    3264599325 2164023976    1220  1274
   924  64775.437   46.606 PC->DEV ACK        2164023976 3264600545       0    54
   925  64878.681  103.244 DEV->PC ACK        3264600545 2164023976    1460  1514
   926  64878.746    0.065 DEV->PC ACK        3264602005 2164023976    1460  1514
   927  64878.754    0.008 PC->DEV ACK        2164023976 3264603465       0    54
   928  64878.904    0.150 DEV->PC ACK|PSH    3264603465 2164023976    1220  1274
   929  64931.391   52.487 PC->DEV ACK        2164023976 3264604685       0    54
   930  65028.673   97.282 DEV->PC ACK        3264604685 2164023976    1460  1514
   931  65028.738    0.065 DEV->PC ACK        3264606145 2164023976    1460  1514
   932  65028.746    0.008 PC->DEV ACK        2164023976 3264607605       0    54
   933  65028.872    0.126 DEV->PC ACK|PSH    3264607605 2164023976    1220  1274
   934  65071.453   42.581 PC->DEV ACK        2164023976 3264608825       0    54
   935  65073.984    2.531 DEV->PC ACK|PSH    3264608825 2164023976      84   138
   936  65118.203   44.219 PC->DEV ACK        2164023976 3264608909       0    54
   937  65178.693   60.490 DEV->PC ACK        3264608909 2164023976    1460  1514
   938  65178.758    0.065 DEV->PC ACK        3264610369 2164023976    1460  1514
   939  65178.772    0.014 PC->DEV ACK        2164023976 3264611829       0    54
   940  65178.881    0.109 DEV->PC ACK|PSH    3264611829 2164023976    1220  1274
   941  65227.482   48.601 PC->DEV ACK        2164023976 3264613049       0    54
   942  65328.798  101.316 DEV->PC ACK        3264613049 2164023976    1460  1514
   943  65328.800    0.002 DEV->PC ACK        3264614509 2164023976    1460  1514
   944  65328.884    0.084 PC->DEV ACK        2164023976 3264615969       0    54
   945  65328.947    0.063 DEV->PC ACK|PSH    3264615969 2164023976    1220  1274
   946  65382.369   53.422 PC->DEV ACK        2164023976 3264617189       0    54
   947  65478.620   96.251 DEV->PC ACK        3264617189 2164023976    1460  1514
   948  65478.741    0.121 DEV->PC ACK        3264618649 2164023976    1460  1514
   949  65478.745    0.004 PC->DEV ACK        2164023976 3264620109       0    54
   950  65478.836    0.091 DEV->PC ACK|PSH    3264620109 2164023976    1220  1274
   951  65478.836    0.000 DEV->PC ACK|PSH    3264621329 2164023976      84   138
   952  65478.842    0.006 PC->DEV ACK        2164023976 3264621413       0    54
   953  65628.675  149.833 DEV->PC ACK        3264621413 2164023976    1460  1514
   954  65628.727    0.052 DEV->PC ACK        3264622873 2164023976    1460  1514
   955  65628.738    0.011 PC->DEV ACK        2164023976 3264624333       0    54
   956  65628.787    0.049 DEV->PC ACK|PSH    3264624333 2164023976    1220  1274
   957  65675.351   46.564 PC->DEV ACK        2164023976 3264625553       0    54
   958  65778.701  103.350 DEV->PC ACK        3264625553 2164023976    1460  1514
   959  65778.798    0.097 DEV->PC ACK        3264627013 2164023976    1460  1514
   960  65778.831    0.033 PC->DEV ACK        2164023976 3264628473       0    54
   961  65778.897    0.066 DEV->PC ACK|PSH    3264628473 2164023976    1220  1274
   962  65832.024   53.127 PC->DEV ACK        2164023976 3264629693       0    54
   963  65928.620   96.596 DEV->PC ACK        3264629693 2164023976    1460  1514
   964  65928.740    0.120 DEV->PC ACK        3264631153 2164023976    1460  1514
   965  65928.755    0.015 PC->DEV ACK        2164023976 3264632613       0    54
   966  65928.803    0.048 DEV->PC ACK|PSH    3264632613 2164023976    1220  1274
   967  65972.331   43.528 PC->DEV ACK        2164023976 3264633833       0    54
   968  66073.145  100.814 DEV->PC ACK|PSH    3264633833 2164023976      84   138
   969  66078.586    5.441 DEV->PC ACK        3264633917 2164023976    1460  1514
   970  66078.595    0.009 PC->DEV ACK        2164023976 3264635377       0    54
   971  66078.720    0.125 DEV->PC ACK        3264635377 2164023976    1460  1514
   972  66078.806    0.086 DEV->PC ACK|PSH    3264636837 2164023976    1220  1274
   973  66078.809    0.003 PC->DEV ACK        2164023976 3264638057       0    54
   974  66228.701  149.892 DEV->PC ACK        3264638057 2164023976    1460  1514
   975  66228.768    0.067 DEV->PC ACK        3264639517 2164023976    1460  1514
   976  66228.783    0.015 PC->DEV ACK        2164023976 3264640977       0    54
   977  66228.838    0.055 DEV->PC ACK|PSH    3264640977 2164023976    1220  1274
   978  66284.796   55.958 PC->DEV ACK        2164023976 3264642197       0    54
   979  66378.728   93.932 DEV->PC ACK        3264642197 2164023976    1460  1514
   980  66378.869    0.141 DEV->PC ACK        3264643657 2164023976    1460  1514
   981  66378.870    0.001 DEV->PC ACK|PSH    3264645117 2164023976    1220  1274
   982  66378.918    0.048 PC->DEV ACK        2164023976 3264646337       0    54
   983  66478.819   99.901 DEV->PC ACK|PSH    3264646337 2164023976      84   138
   984  66528.589   49.770 DEV->PC ACK        3264646421 2164023976    1460  1514
   985  66528.599    0.010 PC->DEV ACK        2164023976 3264647881       0    54
   986  66528.696    0.097 DEV->PC ACK        3264647881 2164023976    1460  1514
   987  66528.806    0.110 DEV->PC ACK|PSH    3264649341 2164023976    1220  1274
   988  66528.813    0.007 PC->DEV ACK        2164023976 3264650561       0    54
   989  66678.680  149.867 DEV->PC ACK        3264650561 2164023976    1460  1514
   990  66678.746    0.066 DEV->PC ACK        3264652021 2164023976    1460  1514
   991  66678.754    0.008 PC->DEV ACK        2164023976 3264653481       0    54
   992  66678.845    0.091 DEV->PC ACK|PSH    3264653481 2164023976    1220  1274
   993  66733.723   54.878 PC->DEV ACK        2164023976 3264654701       0    54
   994  66828.606   94.883 DEV->PC ACK        3264654701 2164023976    1460  1514
   995  66828.726    0.120 DEV->PC ACK        3264656161 2164023976    1460  1514
   996  66828.735    0.009 PC->DEV ACK        2164023976 3264657621       0    54
   997  66828.786    0.051 DEV->PC ACK|PSH    3264657621 2164023976    1220  1274
   998  66871.866   43.080 PC->DEV ACK        2164023976 3264658841       0    54
   999  66978.680  106.814 DEV->PC ACK        3264658841 2164023976    1460  1514
  1000  66978.730    0.050 DEV->PC ACK        3264660301 2164023976    1460  1514
  1001  66978.738    0.008 PC->DEV ACK        2164023976 3264661761       0    54
  1002  66978.835    0.097 DEV->PC ACK|PSH    3264661761 2164023976    1220  1274
  1003  67027.934   49.099 PC->DEV ACK        2164023976 3264662981       0    54
  1004  67073.309   45.375 DEV->PC ACK|PSH    3264662981 2164023976      84   138
  1005  67121.772   48.463 PC->DEV ACK        2164023976 3264663065       0    54
  1006  67128.600    6.828 DEV->PC ACK        3264663065 2164023976    1460  1514
  1007  67128.724    0.124 DEV->PC ACK        3264664525 2164023976    1460  1514
  1008  67128.729    0.005 PC->DEV ACK        2164023976 3264665985       0    54
  1009  67128.783    0.054 DEV->PC ACK|PSH    3264665985 2164023976    1220  1274
  1010  67184.056   55.273 PC->DEV ACK        2164023976 3264667205       0    54
  1011  67278.677   94.621 DEV->PC ACK        3264667205 2164023976    1460  1514
  1012  67278.756    0.079 DEV->PC ACK        3264668665 2164023976    1460  1514
  1013  67278.777    0.021 PC->DEV ACK        2164023976 3264670125       0    54
  1014  67278.839    0.062 DEV->PC ACK|PSH    3264670125 2164023976    1220  1274
  1015  67322.875   44.036 PC->DEV ACK        2164023976 3264671345       0    54
  1016  67428.615  105.740 DEV->PC ACK        3264671345 2164023976    1460  1514
  1017  67428.733    0.118 DEV->PC ACK        3264672805 2164023976    1460  1514
  1018  67428.741    0.008 PC->DEV ACK        2164023976 3264674265       0    54
  1019  67428.793    0.052 DEV->PC ACK|PSH    3264674265 2164023976    1220  1274
  1020  67478.761   49.968 PC->DEV ACK        2164023976 3264675485       0    54
  1021  67478.824    0.063 DEV->PC ACK|PSH    3264675485 2164023976      84   138
  1022  67525.292   46.468 PC->DEV ACK        2164023976 3264675569       0    54
  1023  67578.582   53.290 DEV->PC ACK        3264675569 2164023976    1460  1514
  1024  67578.704    0.122 DEV->PC ACK        3264677029 2164023976    1460  1514
  1025  67578.709    0.005 PC->DEV ACK        2164023976 3264678489       0    54
  1026  67578.763    0.054 DEV->PC ACK|PSH    3264678489 2164023976    1220  1274
  1027  67632.558   53.795 PC->DEV ACK        2164023976 3264679709       0    54
  1028  67728.774   96.216 DEV->PC ACK        3264679709 2164023976    1460  1514
  1029  67728.775    0.001 DEV->PC ACK        3264681169 2164023976    1460  1514
  1030  67728.791    0.016 PC->DEV ACK        2164023976 3264682629       0    54
  1031  67728.804    0.013 DEV->PC ACK|PSH    3264682629 2164023976    1220  1274
  1032  67772.935   44.131 PC->DEV ACK        2164023976 3264683849       0    54
  1033  67878.624  105.689 DEV->PC ACK        3264683849 2164023976    1460  1514
  1034  67878.695    0.071 DEV->PC ACK        3264685309 2164023976    1460  1514
  1035  67878.709    0.014 PC->DEV ACK        2164023976 3264686769       0    54
  1036  67878.752    0.043 DEV->PC ACK|PSH    3264686769 2164023976    1220  1274
  1037  67927.924   49.172 PC->DEV ACK        2164023976 3264687989       0    54
  1038  68028.654  100.730 DEV->PC ACK        3264687989 2164023976    1460  1514
  1039  68028.690    0.036 DEV->PC ACK        3264689449 2164023976    1460  1514
  1040  68028.699    0.009 PC->DEV ACK        2164023976 3264690909       0    54
  1041  68028.821    0.122 DEV->PC ACK|PSH    3264690909 2164023976    1220  1274
  1042  68074.368   45.547 DEV->PC ACK|PSH    3264692129 2164023976      84   138
  1043  68074.502    0.134 PC->DEV ACK        2164023976 3264692213       0    54
  1044  68178.580  104.078 DEV->PC ACK        3264692213 2164023976    1460  1514
  1045  68178.699    0.119 DEV->PC ACK        3264693673 2164023976    1460  1514
  1046  68178.706    0.007 PC->DEV ACK        2164023976 3264695133       0    54
  1047  68178.799    0.093 DEV->PC ACK|PSH    3264695133 2164023976    1220  1274
  1048  68223.617   44.818 PC->DEV ACK        2164023976 3264696353       0    54
  1049  68328.582  104.965 DEV->PC ACK        3264696353 2164023976    1460  1514
  1050  68328.708    0.126 DEV->PC ACK        3264697813 2164023976    1460  1514
  1051  68328.712    0.004 PC->DEV ACK        2164023976 3264699273       0    54
  1052  68328.810    0.098 DEV->PC ACK|PSH    3264699273 2164023976    1220  1274
  1053  68377.949   49.139 PC->DEV ACK        2164023976 3264700493       0    54
  1054  68478.645  100.696 DEV->PC ACK        3264700493 2164023976    1460  1514
  1055  68478.792    0.147 DEV->PC ACK        3264701953 2164023976    1460  1514
  1056  68478.793    0.001 DEV->PC ACK|PSH    3264703413 2164023976    1220  1274
  1057  68478.794    0.001 DEV->PC ACK|PSH    3264704633 2164023976      84   138
  1058  68478.844    0.050 PC->DEV ACK        2164023976 3264704717       0    54
  1059  68628.561  149.717 DEV->PC ACK        3264704717 2164023976    1460  1514
  1060  68628.681    0.120 DEV->PC ACK        3264706177 2164023976    1460  1514
  1061  68628.684    0.003 PC->DEV ACK        2164023976 3264707637       0    54
  1062  68628.775    0.091 DEV->PC ACK|PSH    3264707637 2164023976    1220  1274
  1063  68673.141   44.366 PC->DEV ACK        2164023976 3264708857       0    54
  1064  68778.660  105.519 DEV->PC ACK        3264708857 2164023976    1460  1514
  1065  68778.711    0.051 DEV->PC ACK        3264710317 2164023976    1460  1514
  1066  68778.721    0.010 PC->DEV ACK        2164023976 3264711777       0    54
  1067  68778.775    0.054 DEV->PC ACK|PSH    3264711777 2164023976    1220  1274
  1068  68826.492   47.717 PC->DEV ACK        2164023976 3264712997       0    54
  1069  68928.566  102.074 DEV->PC ACK        3264712997 2164023976    1460  1514
  1070  68928.688    0.122 DEV->PC ACK        3264714457 2164023976    1460  1514
  1071  68928.691    0.003 PC->DEV ACK        2164023976 3264715917       0    54
  1072  68928.784    0.093 DEV->PC ACK|PSH    3264715917 2164023976    1220  1274
  1073  68980.641   51.857 PC->DEV ACK        2164023976 3264717137       0    54
  1074  69073.544   92.903 DEV->PC ACK|PSH    3264717137 2164023976      84   138
  1075  69078.544    5.000 DEV->PC ACK        3264717221 2164023976    1460  1514
  1076  69078.564    0.020 PC->DEV ACK        2164023976 3264718681       0    54
  1077  69078.628    0.064 DEV->PC ACK        3264718681 2164023976    1460  1514
  1078  69078.751    0.123 DEV->PC ACK|PSH    3264720141 2164023976    1220  1274
  1079  69078.766    0.015 PC->DEV ACK        2164023976 3264721361       0    54
  1080  69228.613  149.847 DEV->PC ACK        3264721361 2164023976    1460  1514
  1081  69228.678    0.065 DEV->PC ACK        3264722821 2164023976    1460  1514
  1082  69228.698    0.020 PC->DEV ACK        2164023976 3264724281       0    54
  1083  69228.789    0.091 DEV->PC ACK|PSH    3264724281 2164023976    1220  1274
  1084  69274.930   46.141 PC->DEV ACK        2164023976 3264725501       0    54
  1085  69378.586  103.656 DEV->PC ACK        3264725501 2164023976    1460  1514
  1086  69378.705    0.119 DEV->PC ACK        3264726961 2164023976    1460  1514
  1087  69378.708    0.003 PC->DEV ACK        2164023976 3264728421       0    54
  1088  69378.802    0.094 DEV->PC ACK|PSH    3264728421 2164023976    1220  1274
  1089  69429.184   50.382 PC->DEV ACK        2164023976 3264729641       0    54
  1090  69478.913   49.729 DEV->PC ACK|PSH    3264729641 2164023976      84   138
  1091  69521.504   42.591 PC->DEV ACK        2164023976 3264729725       0    54
  1092  69528.566    7.062 DEV->PC ACK        3264729725 2164023976    1460  1514
  1093  69528.647    0.081 DEV->PC ACK        3264731185 2164023976    1460  1514
  1094  69528.664    0.017 PC->DEV ACK        2164023976 3264732645       0    54
  1095  69528.778    0.114 DEV->PC ACK|PSH    3264732645 2164023976    1220  1274
  1096  69582.634   53.856 PC->DEV ACK        2164023976 3264733865       0    54
  1097  69678.614   95.980 DEV->PC ACK        3264733865 2164023976    1460  1514
  1098  69678.693    0.079 DEV->PC ACK        3264735325 2164023976    1460  1514
  1099  69678.709    0.016 PC->DEV ACK        2164023976 3264736785       0    54
  1100  69678.773    0.064 DEV->PC ACK|PSH    3264736785 2164023976    1220  1274
  1101  69722.659   43.886 PC->DEV ACK        2164023976 3264738005       0    54
  1102  69828.560  105.901 DEV->PC ACK        3264738005 2164023976    1460  1514
  1103  69828.682    0.122 DEV->PC ACK        3264739465 2164023976    1460  1514
  1104  69828.686    0.004 PC->DEV ACK        2164023976 3264740925       0    54
  1105  69828.778    0.092 DEV->PC ACK|PSH    3264740925 2164023976    1220  1274
  1106  69877.400   48.622 PC->DEV ACK        2164023976 3264742145       0    54
  1107  69978.606  101.206 DEV->PC ACK        3264742145 2164023976    1460  1514
  1108  69978.673    0.067 DEV->PC ACK        3264743605 2164023976    1460  1514
  1109  69978.681    0.008 PC->DEV ACK        2164023976 3264745065       0    54
  1110  69978.761    0.080 DEV->PC ACK|PSH    3264745065 2164023976    1220  1274
  1111  70031.788   53.027 PC->DEV ACK        2164023976 3264746285       0    54
  1112  70073.726   41.938 DEV->PC ACK|PSH    3264746285 2164023976      84   138
  1113  70125.577   51.851 PC->DEV ACK        2164023976 3264746369       0    54
  1114  70128.522    2.945 DEV->PC ACK        3264746369 2164023976    1460  1514
  1115  70128.600    0.078 DEV->PC ACK        3264747829 2164023976    1460  1514
  1116  70128.616    0.016 PC->DEV ACK        2164023976 3264749289       0    54
  1117  70128.734    0.118 DEV->PC ACK|PSH    3264749289 2164023976    1220  1274
  1118  70172.229   43.495 PC->DEV ACK        2164023976 3264750509       0    54
  1119  70278.641  106.412 DEV->PC ACK        3264750509 2164023976    1460  1514
  1120  70278.741    0.100 DEV->PC ACK        3264751969 2164023976    1460  1514
  1121  70278.742    0.001 DEV->PC ACK|PSH    3264753429 2164023976    1220  1274
  1122  70278.752    0.010 PC->DEV ACK        2164023976 3264754649       0    54
  1123  70428.648  149.896 DEV->PC ACK        3264754649 2164023976    1460  1514
  1124  70428.687    0.039 DEV->PC ACK        3264756109 2164023976    1460  1514
  1125  70428.694    0.007 PC->DEV ACK        2164023976 3264757569       0    54
  1126  70428.774    0.080 DEV->PC ACK|PSH    3264757569 2164023976    1220  1274
  1127  70478.907   50.133 DEV->PC ACK|PSH    3264758789 2164023976      84   138
  1128  70478.981    0.074 PC->DEV ACK        2164023976 3264758873       0    54
  1129  70578.601   99.620 DEV->PC ACK        3264758873 2164023976    1460  1514
  1130  70578.650    0.049 DEV->PC ACK        3264760333 2164023976    1460  1514
  1131  70578.658    0.008 PC->DEV ACK        2164023976 3264761793       0    54
  1132  70578.788    0.130 DEV->PC ACK|PSH    3264761793 2164023976    1220  1274
  1133  70621.638   42.850 PC->DEV ACK        2164023976 3264763013       0    54
  1134  70728.642  107.004 DEV->PC ACK        3264763013 2164023976    1460  1514
  1135  70728.754    0.112 DEV->PC ACK        3264764473 2164023976    1460  1514
  1136  70728.755    0.001 DEV->PC ACK|PSH    3264765933 2164023976    1220  1274
  1137  70728.803    0.048 PC->DEV ACK        2164023976 3264767153       0    54
  1138  70878.614  149.811 DEV->PC ACK        3264767153 2164023976    1460  1514
  1139  70878.769    0.155 DEV->PC ACK        3264768613 2164023976    1460  1514
  1140  70878.770    0.001 DEV->PC ACK|PSH    3264770073 2164023976    1220  1274
  1141  70878.816    0.046 PC->DEV ACK        2164023976 3264771293       0    54
  1142  71028.532  149.716 DEV->PC ACK        3264771293 2164023976    1460  1514
  1143  71028.654    0.122 DEV->PC ACK        3264772753 2164023976    1460  1514
  1144  71028.658    0.004 PC->DEV ACK        2164023976 3264774213       0    54
  1145  71028.751    0.093 DEV->PC ACK|PSH    3264774213 2164023976    1220  1274
  1146  71070.381   41.630 PC->DEV ACK        2164023976 3264775433       0    54
  1147  71073.790    3.409 DEV->PC ACK|PSH    3264775433 2164023976      84   138
  1148  71117.204   43.414 PC->DEV ACK        2164023976 3264775517       0    54
  1149  71178.647   61.443 DEV->PC ACK        3264775517 2164023976    1460  1514
  1150  71178.745    0.098 DEV->PC ACK        3264776977 2164023976    1460  1514
  1151  71178.745    0.000 DEV->PC ACK|PSH    3264778437 2164023976    1220  1274
  1152  71178.756    0.011 PC->DEV ACK        2164023976 3264779657       0    54
  1153  71328.536  149.780 DEV->PC ACK        3264779657 2164023976    1460  1514
  1154  71328.659    0.123 DEV->PC ACK        3264781117 2164023976    1460  1514
  1155  71328.668    0.009 PC->DEV ACK        2164023976 3264782577       0    54
  1156  71328.719    0.051 DEV->PC ACK|PSH    3264782577 2164023976    1220  1274
  1157  71381.897   53.178 PC->DEV ACK        2164023976 3264783797       0    54
  1158  71478.580   96.683 DEV->PC ACK        3264783797 2164023976    1460  1514
  1159  71478.679    0.099 DEV->PC ACK        3264785257 2164023976    1460  1514
  1160  71478.715    0.036 PC->DEV ACK        2164023976 3264786717       0    54
  1161  71478.784    0.069 DEV->PC ACK|PSH    3264786717 2164023976    1220  1274
  1162  71478.785    0.001 DEV->PC ACK|PSH    3264787937 2164023976      84   138
  1163  71478.812    0.027 PC->DEV ACK        2164023976 3264788021       0    54
  1164  71628.510  149.698 DEV->PC ACK        3264788021 2164023976    1460  1514
  1165  71628.631    0.121 DEV->PC ACK        3264789481 2164023976    1460  1514
  1166  71628.638    0.007 PC->DEV ACK        2164023976 3264790941       0    54
  1167  71628.691    0.053 DEV->PC ACK|PSH    3264790941 2164023976    1220  1274
  1168  71675.470   46.779 PC->DEV ACK        2164023976 3264792161       0    54
  1169  71778.556  103.086 DEV->PC ACK        3264792161 2164023976    1460  1514
  1170  71778.679    0.123 DEV->PC ACK        3264793621 2164023976    1460  1514
  1171  71778.683    0.004 PC->DEV ACK        2164023976 3264795081       0    54
  1172  71778.773    0.090 DEV->PC ACK|PSH    3264795081 2164023976    1220  1274
  1173  71828.261   49.488 PC->DEV ACK        2164023976 3264796301       0    54
  1174  71928.520  100.259 DEV->PC ACK        3264796301 2164023976    1460  1514
  1175  71928.646    0.126 DEV->PC ACK        3264797761 2164023976    1460  1514
  1176  71928.655    0.009 PC->DEV ACK        2164023976 3264799221       0    54
  1177  71928.706    0.051 DEV->PC ACK|PSH    3264799221 2164023976    1220  1274
  1178  71981.655   52.949 PC->DEV ACK        2164023976 3264800441       0    54
  1179  72074.759   93.104 DEV->PC ACK|PSH    3264800441 2164023976      84   138
  1180  72078.495    3.736 DEV->PC ACK        3264800525 2164023976    1460  1514
  1181  72078.500    0.005 PC->DEV ACK        2164023976 3264801985       0    54
  1182  72078.598    0.098 DEV->PC ACK        3264801985 2164023976    1460  1514
  1183  72078.694    0.096 DEV->PC ACK|PSH    3264803445 2164023976    1220  1274
  1184  72078.698    0.004 PC->DEV ACK        2164023976 3264804665       0    54
  1185  72228.537  149.839 DEV->PC ACK        3264804665 2164023976    1460  1514
  1186  72228.618    0.081 DEV->PC ACK        3264806125 2164023976    1460  1514
  1187  72228.636    0.018 PC->DEV ACK        2164023976 3264807585       0    54
  1188  72228.747    0.111 DEV->PC ACK|PSH    3264807585 2164023976    1220  1274
  1189  72279.700   50.953 PC->DEV ACK        2164023976 3264808805       0    54
  1190  72378.508   98.808 DEV->PC ACK        3264808805 2164023976    1460  1514
  1191  72378.627    0.119 DEV->PC ACK        3264810265 2164023976    1460  1514
  1192  72378.630    0.003 PC->DEV ACK        2164023976 3264811725       0    54
  1193  72378.723    0.093 DEV->PC ACK|PSH    3264811725 2164023976    1220  1274
  1194  72419.553   40.830 PC->DEV ACK        2164023976 3264812945       0    54
  1195  72478.907   59.354 DEV->PC ACK|PSH    3264812945 2164023976      84   138
  1196  72527.406   48.499 PC->DEV ACK        2164023976 3264813029       0    54
  1197  72528.489    1.083 DEV->PC ACK        3264813029 2164023976    1460  1514
  1198  72528.570    0.081 DEV->PC ACK        3264814489 2164023976    1460  1514
  1199  72528.586    0.016 PC->DEV ACK        2164023976 3264815949       0    54
  1200  72528.702    0.116 DEV->PC ACK|PSH    3264815949 2164023976    1220  1274
  1201  72574.074   45.372 PC->DEV ACK        2164023976 3264817169       0    54
  1202  72678.577  104.503 DEV->PC ACK        3264817169 2164023976    1460  1514
  1203  72678.687    0.110 DEV->PC ACK        3264818629 2164023976    1460  1514
  1204  72678.726    0.039 PC->DEV ACK        2164023976 3264820089       0    54
  1205  72678.798    0.072 DEV->PC ACK|PSH    3264820089 2164023976    1220  1274
  1206  72728.499   49.701 PC->DEV ACK        2164023976 3264821309       0    54
  1207  72828.665  100.166 DEV->PC ACK        3264821309 2164023976    1460  1514
  1208  72828.668    0.003 DEV->PC ACK        3264822769 2164023976    1460  1514
  1209  72828.725    0.057 PC->DEV ACK        2164023976 3264824229       0    54
  1210  72828.781    0.056 DEV->PC ACK|PSH    3264824229 2164023976    1220  1274
  1211  72882.335   53.554 PC->DEV ACK        2164023976 3264825449       0    54
  1212  72978.554   96.219 DEV->PC ACK        3264825449 2164023976    1460  1514
  1213  72978.618    0.064 DEV->PC ACK        3264826909 2164023976    1460  1514
  1214  72978.626    0.008 PC->DEV ACK        2164023976 3264828369       0    54
  1215  72978.712    0.086 DEV->PC ACK|PSH    3264828369 2164023976    1220  1274
  1216  73020.594   41.882 PC->DEV ACK        2164023976 3264829589       0    54
  1217  73074.955   54.361 DEV->PC ACK|PSH    3264829589 2164023976      84   138
  1218  73127.982   53.027 PC->DEV ACK        2164023976 3264829673       0    54
  1219  73128.483    0.501 DEV->PC ACK        3264829673 2164023976    1460  1514
  1220  73128.566    0.083 DEV->PC ACK        3264831133 2164023976    1460  1514
  1221  73128.584    0.018 PC->DEV ACK        2164023976 3264832593       0    54
  1222  73128.750    0.166 DEV->PC ACK|PSH    3264832593 2164023976    1220  1274
  1223  73173.900   45.150 PC->DEV ACK        2164023976 3264833813       0    54
  1224  73278.562  104.662 DEV->PC ACK        3264833813 2164023976    1460  1514
  1225  73278.624    0.062 DEV->PC ACK        3264835273 2164023976    1460  1514
  1226  73278.639    0.015 PC->DEV ACK        2164023976 3264836733       0    54
  1227  73278.683    0.044 DEV->PC ACK|PSH    3264836733 2164023976    1220  1274
  1228  73329.388   50.705 PC->DEV ACK        2164023976 3264837953       0    54
  1229  73428.618   99.230 DEV->PC ACK        3264837953 2164023976    1460  1514
  1230  73428.673    0.055 DEV->PC ACK        3264839413 2164023976    1460  1514
  1231  73428.680    0.007 PC->DEV ACK        2164023976 3264840873       0    54
  1232  73428.719    0.039 DEV->PC ACK|PSH    3264840873 2164023976    1220  1274
  1233  73478.851   50.132 DEV->PC ACK|PSH    3264842093 2164023976      84   138
  1234  73478.880    0.029 PC->DEV ACK        2164023976 3264842177       0    54
  1235  73578.500   99.620 DEV->PC ACK        3264842177 2164023976    1460  1514
  1236  73578.567    0.067 DEV->PC ACK        3264843637 2164023976    1460  1514
  1237  73578.574    0.007 PC->DEV ACK        2164023976 3264845097       0    54
  1238  73578.673    0.099 DEV->PC ACK|PSH    3264845097 2164023976    1220  1274
  1239  73623.431   44.758 PC->DEV ACK        2164023976 3264846317       0    54
  1240  73728.648  105.217 DEV->PC ACK        3264846317 2164023976    1460  1514
  1241  73728.650    0.002 DEV->PC ACK        3264847777 2164023976    1460  1514
  1242  73728.731    0.081 PC->DEV ACK        2164023976 3264849237       0    54
  1243  73728.815    0.084 DEV->PC ACK|PSH    3264849237 2164023976    1220  1274
  1244  73778.223   49.408 PC->DEV ACK        2164023976 3264850457       0    54
  1245  73878.472  100.249 DEV->PC ACK        3264850457 2164023976    1460  1514
  1246  73878.552    0.080 DEV->PC ACK        3264851917 2164023976    1460  1514
  1247  73878.569    0.017 PC->DEV ACK        2164023976 3264853377       0    54
  1248  73878.737    0.168 DEV->PC ACK|PSH    3264853377 2164023976    1220  1274
  1249  73932.428   53.691 PC->DEV ACK        2164023976 3264854597       0    54
  1250  74028.539   96.111 DEV->PC ACK        3264854597 2164023976    1460  1514
  1251  74028.539    0.000 DEV->PC ACK        3264856057 2164023976    1460  1514
  1252  74028.555    0.016 PC->DEV ACK        2164023976 3264857517       0    54
  1253  74028.690    0.135 DEV->PC ACK|PSH    3264857517 2164023976    1220  1274
  1254  74072.673   43.983 PC->DEV ACK        2164023976 3264858737       0    54
  1255  74074.062    1.389 DEV->PC ACK|PSH    3264858737 2164023976      84   138
  1256  74119.245   45.183 PC->DEV ACK        2164023976 3264858821       0    54
  1257  74178.493   59.248 DEV->PC ACK        3264858821 2164023976    1460  1514
  1258  74178.576    0.083 DEV->PC ACK        3264860281 2164023976    1460  1514
  1259  74178.580    0.004 PC->DEV ACK        2164023976 3264861741       0    54
  1260  74178.683    0.103 DEV->PC ACK|PSH    3264861741 2164023976    1220  1274
  1261  74226.966   48.283 PC->DEV ACK        2164023976 3264862961       0    54
  1262  74328.506  101.540 DEV->PC ACK        3264862961 2164023976    1460  1514
  1263  74328.589    0.083 DEV->PC ACK        3264864421 2164023976    1460  1514
  1264  74328.605    0.016 PC->DEV ACK        2164023976 3264865881       0    54
  1265  74328.713    0.108 DEV->PC ACK|PSH    3264865881 2164023976    1220  1274
  1266  74380.317   51.604 PC->DEV ACK        2164023976 3264867101       0    54
  1267  74478.479   98.162 DEV->PC ACK        3264867101 2164023976    1460  1514
  1268  74478.569    0.090 DEV->PC ACK        3264868561 2164023976    1460  1514
  1269  74478.581    0.012 PC->DEV ACK        2164023976 3264870021       0    54
  1270  74478.696    0.115 DEV->PC ACK|PSH    3264870021 2164023976    1220  1274
  1271  74478.846    0.150 DEV->PC ACK|PSH    3264871241 2164023976      84   138
  1272  74478.856    0.010 PC->DEV ACK        2164023976 3264871325       0    54
  1273  74628.481  149.625 DEV->PC ACK        3264871325 2164023976    1460  1514
  1274  74628.547    0.066 DEV->PC ACK        3264872785 2164023976    1460  1514
  1275  74628.555    0.008 PC->DEV ACK        2164023976 3264874245       0    54
  1276  74628.637    0.082 DEV->PC ACK|PSH    3264874245 2164023976    1220  1274
  1277  74674.377   45.740 PC->DEV ACK        2164023976 3264875465       0    54
  1278  74778.524  104.147 DEV->PC ACK        3264875465 2164023976    1460  1514
  1279  74778.586    0.062 DEV->PC ACK        3264876925 2164023976    1460  1514
  1280  74778.594    0.008 PC->DEV ACK        2164023976 3264878385       0    54
  1281  74778.721    0.127 DEV->PC ACK|PSH    3264878385 2164023976    1220  1274
  1282  74829.300   50.579 PC->DEV ACK        2164023976 3264879605       0    54
  1283  74928.528   99.228 DEV->PC ACK        3264879605 2164023976    1460  1514
  1284  74928.674    0.146 DEV->PC ACK        3264881065 2164023976    1460  1514
  1285  74928.675    0.001 DEV->PC ACK|PSH    3264882525 2164023976    1220  1274
  1286  74928.723    0.048 PC->DEV ACK        2164023976 3264883745       0    54
  1287  75075.196  146.473 DEV->PC ACK|PSH    3264883745 2164023976      84   138
  1288  75078.412    3.216 DEV->PC ACK        3264883829 2164023976    1460  1514
  1289  75078.418    0.006 PC->DEV ACK        2164023976 3264885289       0    54
  1290  75078.497    0.079 DEV->PC ACK        3264885289 2164023976    1460  1514
  1291  75078.631    0.134 DEV->PC ACK|PSH    3264886749 2164023976    1220  1274
  1292  75078.635    0.004 PC->DEV ACK        2164023976 3264887969       0    54
  1293  75228.476  149.841 DEV->PC ACK        3264887969 2164023976    1460  1514
  1294  75228.598    0.122 DEV->PC ACK        3264889429 2164023976    1460  1514
  1295  75228.605    0.007 PC->DEV ACK        2164023976 3264890889       0    54
  1296  75228.658    0.053 DEV->PC ACK|PSH    3264890889 2164023976    1220  1274
  1297  75276.227   47.569 PC->DEV ACK        2164023976 3264892109       0    54
  1298  75378.509  102.282 DEV->PC ACK        3264892109 2164023976    1460  1514
  1299  75378.575    0.066 DEV->PC ACK        3264893569 2164023976    1460  1514
  1300  75378.582    0.007 PC->DEV ACK        2164023976 3264895029       0    54
  1301  75378.726    0.144 DEV->PC ACK|PSH    3264895029 2164023976    1220  1274
  1302  75429.143   50.417 PC->DEV ACK        2164023976 3264896249       0    54
  1303  75478.832   49.689 DEV->PC ACK|PSH    3264896249 2164023976      84   138
  1304  75521.444   42.612 PC->DEV ACK        2164023976 3264896333       0    54
  1305  75528.430    6.986 DEV->PC ACK        3264896333 2164023976    1460  1514
  1306  75528.514    0.084 DEV->PC ACK        3264897793 2164023976    1460  1514
  1307  75528.530    0.016 PC->DEV ACK        2164023976 3264899253       0    54
  1308  75528.601    0.071 DEV->PC ACK|PSH    3264899253 2164023976    1220  1274
  1309  75582.596   53.995 PC->DEV ACK        2164023976 3264900473       0    54
  1310  75678.508   95.912 DEV->PC ACK        3264900473 2164023976    1460  1514
  1311  75678.582    0.074 DEV->PC ACK        3264901933 2164023976    1460  1514
  1312  75678.605    0.023 PC->DEV ACK        2164023976 3264903393       0    54
  1313  75678.665    0.060 DEV->PC ACK|PSH    3264903393 2164023976    1220  1274
  1314  75722.594   43.929 PC->DEV ACK        2164023976 3264904613       0    54
  1315  75828.492  105.898 DEV->PC ACK        3264904613 2164023976    1460  1514
  1316  75828.558    0.066 DEV->PC ACK        3264906073 2164023976    1460  1514
  1317  75828.565    0.007 PC->DEV ACK        2164023976 3264907533       0    54
  1318  75828.669    0.104 DEV->PC ACK|PSH    3264907533 2164023976    1220  1274
  1319  75878.844   50.175 PC->DEV ACK        2164023976 3264908753       0    54
  1320  75978.581   99.737 DEV->PC ACK        3264908753 2164023976    1460  1514
  1321  75978.605    0.024 DEV->PC ACK        3264910213 2164023976    1460  1514
  1322  75978.613    0.008 PC->DEV ACK        2164023976 3264911673       0    54
  1323  75978.744    0.131 DEV->PC ACK|PSH    3264911673 2164023976    1220  1274
  1324  76031.983   53.239 PC->DEV ACK        2164023976 3264912893       0    54
  1325  76075.237   43.254 DEV->PC ACK|PSH    3264912893 2164023976      84   138
  1326  76124.205   48.968 PC->DEV ACK        2164023976 3264912977       0    54
  1327  76128.561    4.356 DEV->PC ACK        3264912977 2164023976    1460  1514
  1328  76128.563    0.002 DEV->PC ACK        3264914437 2164023976    1460  1514
  1329  76128.655    0.092 PC->DEV ACK        2164023976 3264915897       0    54
  1330  76128.723    0.068 DEV->PC ACK|PSH    3264915897 2164023976    1220  1274
  1331  76169.787   41.064 PC->DEV ACK        2164023976 3264917117       0    54
  1332  76278.446  108.659 DEV->PC ACK        3264917117 2164023976    1460  1514
  1333  76278.526    0.080 DEV->PC ACK        3264918577 2164023976    1460  1514
  1334  76278.566    0.040 PC->DEV ACK        2164023976 3264920037       0    54
  1335  76278.625    0.059 DEV->PC ACK|PSH    3264920037 2164023976    1220  1274
  1336  76324.174   45.549 PC->DEV ACK        2164023976 3264921257       0    54
  1337  76428.447  104.273 DEV->PC ACK        3264921257 2164023976    1460  1514
  1338  76428.522    0.075 DEV->PC ACK        3264922717 2164023976    1460  1514
  1339  76428.526    0.004 PC->DEV ACK        2164023976 3264924177       0    54
  1340  76428.628    0.102 DEV->PC ACK|PSH    3264924177 2164023976    1220  1274
  1341  76478.942   50.314 DEV->PC ACK|PSH    3264925397 2164023976      84   138
  1342  76478.957    0.015 PC->DEV ACK        2164023976 3264925481       0    54
  1343  76578.475   99.518 DEV->PC ACK        3264925481 2164023976    1460  1514
  1344  76578.541    0.066 DEV->PC ACK        3264926941 2164023976    1460  1514
  1345  76578.548    0.007 PC->DEV ACK        2164023976 3264928401       0    54
  1346  76578.628    0.080 DEV->PC ACK|PSH    3264928401 2164023976    1220  1274
  1347  76632.877   54.249 PC->DEV ACK        2164023976 3264929621       0    54
  1348  76728.492   95.615 DEV->PC ACK        3264929621 2164023976    1460  1514
  1349  76728.566    0.074 DEV->PC ACK        3264931081 2164023976    1460  1514
  1350  76728.583    0.017 PC->DEV ACK        2164023976 3264932541       0    54
  1351  76728.641    0.058 DEV->PC ACK|PSH    3264932541 2164023976    1220  1274
  1352  76771.645   43.004 PC->DEV ACK        2164023976 3264933761       0    54
  1353  76878.436  106.791 DEV->PC ACK        3264933761 2164023976    1460  1514
  1354  76878.558    0.122 DEV->PC ACK        3264935221 2164023976    1460  1514
  1355  76878.562    0.004 PC->DEV ACK        2164023976 3264936681       0    54
  1356  76878.653    0.091 DEV->PC ACK|PSH    3264936681 2164023976    1220  1274
  1357  76926.668   48.015 PC->DEV ACK        2164023976 3264937901       0    54
  1358  77028.443  101.775 DEV->PC ACK        3264937901 2164023976    1460  1514
  1359  77028.507    0.064 DEV->PC ACK        3264939361 2164023976    1460  1514
  1360  77028.515    0.008 PC->DEV ACK        2164023976 3264940821       0    54
  1361  77028.652    0.137 DEV->PC ACK|PSH    3264940821 2164023976    1220  1274
  1362  77074.485   45.833 DEV->PC ACK|PSH    3264942041 2164023976      84   138
  1363  77074.529    0.044 PC->DEV ACK        2164023976 3264942125       0    54
  1364  77178.468  103.939 DEV->PC ACK        3264942125 2164023976    1460  1514
  1365  77178.552    0.084 DEV->PC ACK        3264943585 2164023976    1460  1514
  1366  77178.574    0.022 PC->DEV ACK        2164023976 3264945045       0    54
  1367  77178.699    0.125 DEV->PC ACK|PSH    3264945045 2164023976    1220  1274
  1368  77219.097   40.398 PC->DEV ACK        2164023976 3264946265       0    54
  1369  77328.429  109.332 DEV->PC ACK        3264946265 2164023976    1460  1514
  1370  77328.541    0.112 DEV->PC ACK        3264947725 2164023976    1460  1514
  1371  77328.572    0.031 PC->DEV ACK        2164023976 3264949185       0    54
  1372  77328.632    0.060 DEV->PC ACK|PSH    3264949185 2164023976    1220  1274
  1373  77373.425   44.793 PC->DEV ACK        2164023976 3264950405       0    54
  1374  77478.403  104.978 DEV->PC ACK        3264950405 2164023976    1460  1514
  1375  77478.525    0.122 DEV->PC ACK        3264951865 2164023976    1460  1514
  1376  77478.531    0.006 PC->DEV ACK        2164023976 3264953325       0    54
  1377  77478.585    0.054 DEV->PC ACK|PSH    3264953325 2164023976    1220  1274
  1378  77478.831    0.246 DEV->PC ACK|PSH    3264954545 2164023976      84   138
  1379  77478.835    0.004 PC->DEV ACK        2164023976 3264954629       0    54
  1380  77628.386  149.551 DEV->PC ACK        3264954629 2164023976    1460  1514
  1381  77628.508    0.122 DEV->PC ACK        3264956089 2164023976    1460  1514
  1382  77628.511    0.003 PC->DEV ACK        2164023976 3264957549       0    54
  1383  77628.608    0.097 DEV->PC ACK|PSH    3264957549 2164023976    1220  1274
  1384  77681.961   53.353 PC->DEV ACK        2164023976 3264958769       0    54
  1385  77778.418   96.457 DEV->PC ACK        3264958769 2164023976    1460  1514
  1386  77778.541    0.123 DEV->PC ACK        3264960229 2164023976    1460  1514
  1387  77778.546    0.005 PC->DEV ACK        2164023976 3264961689       0    54
  1388  77778.637    0.091 DEV->PC ACK|PSH    3264961689 2164023976    1220  1274
  1389  77820.597   41.960 PC->DEV ACK        2164023976 3264962909       0    54
  1390  77928.456  107.859 DEV->PC ACK        3264962909 2164023976    1460  1514
  1391  77928.554    0.098 DEV->PC ACK        3264964369 2164023976    1460  1514
  1392  77928.590    0.036 PC->DEV ACK        2164023976 3264965829       0    54
  1393  77928.657    0.067 DEV->PC ACK|PSH    3264965829 2164023976    1220  1274
  1394  77976.488   47.831 PC->DEV ACK        2164023976 3264967049       0    54
  1395  78074.620   98.132 DEV->PC ACK|PSH    3264967049 2164023976      84   138
  1396  78078.379    3.759 DEV->PC ACK        3264967133 2164023976    1460  1514
  1397  78078.393    0.014 PC->DEV ACK        2164023976 3264968593       0    54
  1398  78078.546    0.153 DEV->PC ACK        3264968593 2164023976    1460  1514
  1399  78078.577    0.031 DEV->PC ACK|PSH    3264970053 2164023976    1220  1274
  1400  78078.581    0.004 PC->DEV ACK        2164023976 3264971273       0    54
  1401  78228.495  149.914 DEV->PC ACK        3264971273 2164023976    1460  1514
  1402  78228.551    0.056 DEV->PC ACK        3264972733 2164023976    1460  1514
  1403  78228.570    0.019 PC->DEV ACK        2164023976 3264974193       0    54
  1404  78228.626    0.056 DEV->PC ACK|PSH    3264974193 2164023976    1220  1274
  1405  78272.264   43.638 PC->DEV ACK        2164023976 3264975413       0    54
  1406  78378.428  106.164 DEV->PC ACK        3264975413 2164023976    1460  1514
  1407  78378.548    0.120 DEV->PC ACK        3264976873 2164023976    1460  1514
  1408  78378.557    0.009 PC->DEV ACK        2164023976 3264978333       0    54
  1409  78378.608    0.051 DEV->PC ACK|PSH    3264978333 2164023976    1220  1274
  1410  78427.152   48.544 PC->DEV ACK        2164023976 3264979553       0    54
  1411  78478.876   51.724 DEV->PC ACK|PSH    3264979553 2164023976      84   138
  1412  78519.409   40.533 PC->DEV ACK        2164023976 3264979637       0    54
  1413  78528.450    9.041 DEV->PC ACK        3264979637 2164023976    1460  1514
  1414  78528.592    0.142 DEV->PC ACK        3264981097 2164023976    1460  1514
  1415  78528.594    0.002 DEV->PC ACK|PSH    3264982557 2164023976    1220  1274
  1416  78528.639    0.045 PC->DEV ACK        2164023976 3264983777       0    54
  1417  78678.449  149.810 DEV->PC ACK        3264983777 2164023976    1460  1514
  1418  78678.516    0.067 DEV->PC ACK        3264985237 2164023976    1460  1514
  1419  78678.524    0.008 PC->DEV ACK        2164023976 3264986697       0    54
  1420  78678.670    0.146 DEV->PC ACK|PSH    3264986697 2164023976    1220  1274
  1421  78720.692   42.022 PC->DEV ACK        2164023976 3264987917       0    54
  1422  78828.417  107.725 DEV->PC ACK        3264987917 2164023976    1460  1514
  1423  78828.482    0.065 DEV->PC ACK        3264989377 2164023976    1460  1514
  1424  78828.490    0.008 PC->DEV ACK        2164023976 3264990837       0    54
  1425  78828.610    0.120 DEV->PC ACK|PSH    3264990837 2164023976    1220  1274
  1426  78875.012   46.402 PC->DEV ACK        2164023976 3264992057       0    54
  1427  78978.459  103.447 DEV->PC ACK        3264992057 2164023976    1460  1514
  1428  78978.525    0.066 DEV->PC ACK        3264993517 2164023976    1460  1514
  1429  78978.537    0.012 PC->DEV ACK        2164023976 3264994977       0    54
  1430  78978.648    0.111 DEV->PC ACK|PSH    3264994977 2164023976    1220  1274
  1431  79030.584   51.936 PC->DEV ACK        2164023976 3264996197       0    54
  1432  79074.725   44.141 DEV->PC ACK|PSH    3264996197 2164023976      84   138
  1433  79123.352   48.627 PC->DEV ACK        2164023976 3264996281       0    54
  1434  79128.433    5.081 DEV->PC ACK        3264996281 2164023976    1460  1514
  1435  79128.510    0.077 DEV->PC ACK        3264997741 2164023976    1460  1514
  1436  79128.533    0.023 PC->DEV ACK        2164023976 3264999201       0    54
  1437  79128.593    0.060 DEV->PC ACK|PSH    3264999201 2164023976    1220  1274
  1438  79183.625   55.032 PC->DEV ACK        2164023976 3265000421       0    54
  1439  79278.461   94.836 DEV->PC ACK        3265000421 2164023976    1460  1514
  1440  79278.558    0.097 DEV->PC ACK        3265001881 2164023976    1460  1514
  1441  79278.597    0.039 PC->DEV ACK        2164023976 3265003341       0    54
  1442  79278.663    0.066 DEV->PC ACK|PSH    3265003341 2164023976    1220  1274
  1443  79321.853   43.190 PC->DEV ACK        2164023976 3265004561       0    54
  1444  79428.411  106.558 DEV->PC ACK        3265004561 2164023976    1460  1514
  1445  79428.475    0.064 DEV->PC ACK        3265006021 2164023976    1460  1514
  1446  79428.483    0.008 PC->DEV ACK        2164023976 3265007481       0    54
  1447  79428.623    0.140 DEV->PC ACK|PSH    3265007481 2164023976    1220  1274
  1448  79477.701   49.078 PC->DEV ACK        2164023976 3265008701       0    54
  1449  79478.906    1.205 DEV->PC ACK|PSH    3265008701 2164023976      84   138
  1450  79524.429   45.523 PC->DEV ACK        2164023976 3265008785       0    54
  1451  79578.378   53.949 DEV->PC ACK        3265008785 2164023976    1460  1514
  1452  79578.464    0.086 DEV->PC ACK        3265010245 2164023976    1460  1514
  1453  79578.479    0.015 PC->DEV ACK        2164023976 3265011705       0    54
  1454  79578.523    0.044 DEV->PC ACK|PSH    3265011705 2164023976    1220  1274
  1455  79632.703   54.180 PC->DEV ACK        2164023976 3265012925       0    54
  1456  79728.371   95.668 DEV->PC ACK        3265012925 2164023976    1460  1514
  1457  79728.489    0.118 DEV->PC ACK        3265014385 2164023976    1460  1514
  1458  79728.495    0.006 PC->DEV ACK        2164023976 3265015845       0    54
  1459  79728.583    0.088 DEV->PC ACK|PSH    3265015845 2164023976    1220  1274
  1460  79771.361   42.778 PC->DEV ACK        2164023976 3265017065       0    54
  1461  79878.339  106.978 DEV->PC ACK        3265017065 2164023976    1460  1514
  1462  79878.424    0.085 DEV->PC ACK        3265018525 2164023976    1460  1514
  1463  79878.434    0.010 PC->DEV ACK        2164023976 3265019985       0    54
  1464  79878.553    0.119 DEV->PC ACK|PSH    3265019985 2164023976    1220  1274
  1465  79926.303   47.750 PC->DEV ACK        2164023976 3265021205       0    54
  1466  80028.459  102.156 DEV->PC ACK        3265021205 2164023976    1460  1514
  1467  80028.494    0.035 DEV->PC ACK        3265022665 2164023976    1460  1514
  1468  80028.503    0.009 PC->DEV ACK        2164023976 3265024125       0    54
  1469  80028.629    0.126 DEV->PC ACK|PSH    3265024125 2164023976    1220  1274
  1470  80075.779   47.150 DEV->PC ACK|PSH    3265025345 2164023976      84   138
  1471  80075.906    0.127 PC->DEV ACK        2164023976 3265025429       0    54
  1472  80178.413  102.507 DEV->PC ACK        3265025429 2164023976    1460  1514
  1473  80178.478    0.065 DEV->PC ACK        3265026889 2164023976    1460  1514
  1474  80178.486    0.008 PC->DEV ACK        2164023976 3265028349       0    54
  1475  80178.583    0.097 DEV->PC ACK|PSH    3265028349 2164023976    1220  1274
  1476  80220.897   42.314 PC->DEV ACK        2164023976 3265029569       0    54
  1477  80328.357  107.460 DEV->PC ACK        3265029569 2164023976    1460  1514
  1478  80328.477    0.120 DEV->PC ACK        3265031029 2164023976    1460  1514
  1479  80328.481    0.004 PC->DEV ACK        2164023976 3265032489       0    54
  1480  80328.574    0.093 DEV->PC ACK|PSH    3265032489 2164023976    1220  1274
  1481  80376.015   47.441 PC->DEV ACK        2164023976 3265033709       0    54
  1482  80478.419  102.404 DEV->PC ACK        3265033709 2164023976    1460  1514
  1483  80478.483    0.064 DEV->PC ACK        3265035169 2164023976    1460  1514
  1484  80478.490    0.007 PC->DEV ACK        2164023976 3265036629       0    54
  1485  80478.590    0.100 DEV->PC ACK|PSH    3265036629 2164023976    1220  1274
  1486  80478.833    0.243 DEV->PC ACK|PSH    3265037849 2164023976      84   138
  1487  80478.836    0.003 PC->DEV ACK        2164023976 3265037933       0    54
  1488  80628.367  149.531 DEV->PC ACK        3265037933 2164023976    1460  1514
  1489  80628.441    0.074 DEV->PC ACK        3265039393 2164023976    1460  1514
  1490  80628.444    0.003 PC->DEV ACK        2164023976 3265040853       0    54
  1491  80628.545    0.101 DEV->PC ACK|PSH    3265040853 2164023976    1220  1274
  1492  80671.836   43.291 PC->DEV ACK        2164023976 3265042073       0    54
  1493  80778.419  106.583 DEV->PC ACK        3265042073 2164023976    1460  1514
  1494  80778.492    0.073 DEV->PC ACK        3265043533 2164023976    1460  1514
  1495  80778.510    0.018 PC->DEV ACK        2164023976 3265044993       0    54
  1496  80778.567    0.057 DEV->PC ACK|PSH    3265044993 2164023976    1220  1274
  1497  80826.548   47.981 PC->DEV ACK        2164023976 3265046213       0    54
  1498  80928.346  101.798 DEV->PC ACK        3265046213 2164023976    1460  1514
  1499  80928.471    0.125 DEV->PC ACK        3265047673 2164023976    1460  1514
  1500  80928.475    0.004 PC->DEV ACK        2164023976 3265049133       0    54
  1501  80928.568    0.093 DEV->PC ACK|PSH    3265049133 2164023976    1220  1274
  1502  80980.212   51.644 PC->DEV ACK        2164023976 3265050353       0    54
  1503  81075.033   94.821 DEV->PC ACK|PSH    3265050353 2164023976      84   138
  1504  81078.511    3.478 DEV->PC ACK        3265050437 2164023976    1460  1514
  1505  81078.513    0.002 DEV->PC ACK        3265051897 2164023976    1460  1514
  1506  81078.588    0.075 PC->DEV ACK        2164023976 3265053357       0    54
  1507  81078.672    0.084 DEV->PC ACK|PSH    3265053357 2164023976    1220  1274
  1508  81078.699    0.027 PC->DEV ACK        2164023976 3265054577       0    54
  1509  81228.486  149.787 DEV->PC ACK        3265054577 2164023976    1460  1514
  1510  81228.515    0.029 DEV->PC ACK        3265056037 2164023976    1460  1514
  1511  81228.522    0.007 PC->DEV ACK        2164023976 3265057497       0    54
  1512  81228.656    0.134 DEV->PC ACK|PSH    3265057497 2164023976    1220  1274
  1513  81276.503   47.847 PC->DEV ACK        2164023976 3265058717       0    54
  1514  81378.359  101.856 DEV->PC ACK        3265058717 2164023976    1460  1514
  1515  81378.478    0.119 DEV->PC ACK        3265060177 2164023976    1460  1514
  1516  81378.482    0.004 PC->DEV ACK        2164023976 3265061637       0    54
  1517  81378.606    0.124 DEV->PC ACK|PSH    3265061637 2164023976    1220  1274
  1518  81432.095   53.489 PC->DEV ACK        2164023976 3265062857       0    54
  1519  81478.855   46.760 DEV->PC ACK|PSH    3265062857 2164023976      84   138
  1520  81523.942   45.087 PC->DEV ACK        2164023976 3265062941       0    54
  1521  81528.342    4.400 DEV->PC ACK        3265062941 2164023976    1460  1514
  1522  81528.464    0.122 DEV->PC ACK        3265064401 2164023976    1460  1514
  1523  81528.468    0.004 PC->DEV ACK        2164023976 3265065861       0    54
  1524  81528.560    0.092 DEV->PC ACK|PSH    3265065861 2164023976    1220  1274
  1525  81570.075   41.515 PC->DEV ACK        2164023976 3265067081       0    54
  1526  81678.485  108.410 DEV->PC ACK        3265067081 2164023976    1460  1514
  1527  81678.487    0.002 DEV->PC ACK        3265068541 2164023976    1460  1514
  1528  81678.568    0.081 PC->DEV ACK        2164023976 3265070001       0    54
  1529  81678.619    0.051 DEV->PC ACK|PSH    3265070001 2164023976    1220  1274
  1530  81725.597   46.978 PC->DEV ACK        2164023976 3265071221       0    54
  1531  81828.383  102.786 DEV->PC ACK        3265071221 2164023976    1460  1514
  1532  81828.450    0.067 DEV->PC ACK        3265072681 2164023976    1460  1514
  1533  81828.464    0.014 PC->DEV ACK        2164023976 3265074141       0    54
  1534  81828.507    0.043 DEV->PC ACK|PSH    3265074141 2164023976    1220  1274
  1535  81880.241   51.734 PC->DEV ACK        2164023976 3265075361       0    54
  1536  81978.317   98.076 DEV->PC ACK        3265075361 2164023976    1460  1514
  1537  81978.439    0.122 DEV->PC ACK        3265076821 2164023976    1460  1514
  1538  81978.444    0.005 PC->DEV ACK        2164023976 3265078281       0    54
  1539  81978.498    0.054 DEV->PC ACK|PSH    3265078281 2164023976    1220  1274
  1540  82020.982   42.484 PC->DEV ACK        2164023976 3265079501       0    54
  1541  82075.099   54.117 DEV->PC ACK|PSH    3265079501 2164023976      84   138
  1542  82128.351   53.252 DEV->PC ACK        3265079585 2164023976    1460  1514
  1543  82128.391    0.040 PC->DEV ACK        2164023976 3265081045       0    54
  1544  82128.416    0.025 DEV->PC ACK        3265081045 2164023976    1460  1514
  1545  82128.476    0.060 DEV->PC ACK|PSH    3265082505 2164023976    1220  1274
  1546  82128.485    0.009 PC->DEV ACK        2164023976 3265083725       0    54
  1547  82278.418  149.933 DEV->PC ACK        3265083725 2164023976    1460  1514
  1548  82278.557    0.139 DEV->PC ACK        3265085185 2164023976    1460  1514
  1549  82278.558    0.001 DEV->PC ACK|PSH    3265086645 2164023976    1220  1274
  1550  82278.602    0.044 PC->DEV ACK        2164023976 3265087865       0    54
  1551  82428.363  149.761 DEV->PC ACK        3265087865 2164023976    1460  1514
  1552  82428.432    0.069 DEV->PC ACK        3265089325 2164023976    1460  1514
  1553  82428.441    0.009 PC->DEV ACK        2164023976 3265090785       0    54
  1554  82428.562    0.121 DEV->PC ACK|PSH    3265090785 2164023976    1220  1274
  1555  82470.608   42.046 PC->DEV ACK        2164023976 3265092005       0    54
  1556  82478.926    8.318 DEV->PC ACK|PSH    3265092005 2164023976      84   138
  1557  82531.992   53.066 PC->DEV ACK        2164023976 3265092089       0    54
  1558  82578.295   46.303 DEV->PC ACK        3265092089 2164023976    1460  1514
  1559  82578.376    0.081 DEV->PC ACK        3265093549 2164023976    1460  1514
  1560  82578.389    0.013 PC->DEV ACK        2164023976 3265095009       0    54
  1561  82578.508    0.119 DEV->PC ACK|PSH    3265095009 2164023976    1220  1274
  1562  82625.606   47.098 PC->DEV ACK        2164023976 3265096229       0    54
  1563  82728.385  102.779 DEV->PC ACK        3265096229 2164023976    1460  1514
  1564  82728.472    0.087 DEV->PC ACK        3265097689 2164023976    1460  1514
  1565  82728.505    0.033 PC->DEV ACK        2164023976 3265099149       0    54
  1566  82728.547    0.042 DEV->PC ACK|PSH    3265099149 2164023976    1220  1274
  1567  82780.443   51.896 PC->DEV ACK        2164023976 3265100369       0    54
  1568  82878.335   97.892 DEV->PC ACK        3265100369 2164023976    1460  1514
  1569  82878.414    0.079 DEV->PC ACK        3265101829 2164023976    1460  1514
  1570  82878.430    0.016 PC->DEV ACK        2164023976 3265103289       0    54
  1571  82878.546    0.116 DEV->PC ACK|PSH    3265103289 2164023976    1220  1274
  1572  82920.585   42.039 PC->DEV ACK        2164023976 3265104509       0    54
  1573  83028.312  107.727 DEV->PC ACK        3265104509 2164023976    1460  1514
  1574  83028.430    0.118 DEV->PC ACK        3265105969 2164023976    1460  1514
  1575  83028.436    0.006 PC->DEV ACK        2164023976 3265107429       0    54
  1576  83028.490    0.054 DEV->PC ACK|PSH    3265107429 2164023976    1220  1274
  1577  83075.217   46.727 DEV->PC ACK|PSH    3265108649 2164023976      84   138
  1578  83075.348    0.131 PC->DEV ACK        2164023976 3265108733       0    54
  1579  83178.350  103.002 DEV->PC ACK        3265108733 2164023976    1460  1514
  1580  83178.416    0.066 DEV->PC ACK        3265110193 2164023976    1460  1514
  1581  83178.424    0.008 PC->DEV ACK        2164023976 3265111653       0    54
  1582  83178.580    0.156 DEV->PC ACK|PSH    3265111653 2164023976    1220  1274
  1583  83230.704   52.124 PC->DEV ACK        2164023976 3265112873       0    54
  1584  83328.401   97.697 DEV->PC ACK        3265112873 2164023976    1460  1514
  1585  83328.542    0.141 DEV->PC ACK        3265114333 2164023976    1460  1514
  1586  83328.543    0.001 DEV->PC ACK|PSH    3265115793 2164023976    1220  1274
  1587  83328.593    0.050 PC->DEV ACK        2164023976 3265117013       0    54
  1588  83478.310  149.717 DEV->PC ACK        3265117013 2164023976    1460  1514
  1589  83478.381    0.071 DEV->PC ACK        3265118473 2164023976    1460  1514
  1590  83478.392    0.011 PC->DEV ACK        2164023976 3265119933       0    54
  1591  83478.508    0.116 DEV->PC ACK|PSH    3265119933 2164023976    1220  1274
  1592  83478.856    0.348 DEV->PC ACK|PSH    3265121153 2164023976      84   138
  1593  83478.864    0.008 PC->DEV ACK        2164023976 3265121237       0    54
  1594  83628.282  149.418 DEV->PC ACK        3265121237 2164023976    1460  1514
  1595  83628.400    0.118 DEV->PC ACK        3265122697 2164023976    1460  1514
  1596  83628.405    0.005 PC->DEV ACK        2164023976 3265124157       0    54
  1597  83628.555    0.150 DEV->PC ACK|PSH    3265124157 2164023976    1220  1274
  1598  83678.008   49.453 PC->DEV ACK        2164023976 3265125377       0    54
  1599  83778.356  100.348 DEV->PC ACK        3265125377 2164023976    1460  1514
  1600  83778.421    0.065 DEV->PC ACK        3265126837 2164023976    1460  1514
  1601  83778.428    0.007 PC->DEV ACK        2164023976 3265128297       0    54
  1602  83778.490    0.062 DEV->PC ACK|PSH    3265128297 2164023976    1220  1274
  1603  83831.354   52.864 PC->DEV ACK        2164023976 3265129517       0    54
  1604  83928.453   97.099 DEV->PC ACK        3265129517 2164023976    1460  1514
  1605  83928.455    0.002 DEV->PC ACK        3265130977 2164023976    1460  1514
  1606  83928.534    0.079 PC->DEV ACK        2164023976 3265132437       0    54
  1607  83928.606    0.072 DEV->PC ACK|PSH    3265132437 2164023976    1220  1274
  1608  83971.065   42.459 PC->DEV ACK        2164023976 3265133657       0    54
  1609  84076.276  105.211 DEV->PC ACK|PSH    3265133657 2164023976      84   138
  1610  84078.334    2.058 DEV->PC ACK        3265133741 2164023976    1460  1514
  1611  84078.405    0.071 PC->DEV ACK        2164023976 3265135201       0    54
  1612  84078.491    0.086 DEV->PC ACK        3265135201 2164023976    1460  1514
  1613  84078.493    0.002 DEV->PC ACK|PSH    3265136661 2164023976    1220  1274
  1614  84078.525    0.032 PC->DEV ACK        2164023976 3265137881       0    54
  1615  84228.326  149.801 DEV->PC ACK        3265137881 2164023976    1460  1514
  1616  84228.391    0.065 DEV->PC ACK        3265139341 2164023976    1460  1514
  1617  84228.399    0.008 PC->DEV ACK        2164023976 3265140801       0    54
  1618  84228.540    0.141 DEV->PC ACK|PSH    3265140801 2164023976    1220  1274
  1619  84281.568   53.028 PC->DEV ACK        2164023976 3265142021       0    54
  1620  84378.327   96.759 DEV->PC ACK        3265142021 2164023976    1460  1514
  1621  84378.389    0.062 DEV->PC ACK        3265143481 2164023976    1460  1514
  1622  84378.397    0.008 PC->DEV ACK        2164023976 3265144941       0    54
  1623  84378.533    0.136 DEV->PC ACK|PSH    3265144941 2164023976    1220  1274
  1624  84422.199   43.666 PC->DEV ACK        2164023976 3265146161       0    54
  1625  84478.922   56.723 DEV->PC ACK|PSH    3265146161 2164023976      84   138
  1626  84528.391   49.469 DEV->PC ACK        3265146245 2164023976    1460  1514
  1627  84528.393    0.002 DEV->PC ACK        3265147705 2164023976    1460  1514
  1628  84528.471    0.078 PC->DEV ACK        2164023976 3265149165       0    54
  1629  84528.539    0.068 DEV->PC ACK|PSH    3265149165 2164023976    1220  1274
  1630  84528.569    0.030 PC->DEV ACK        2164023976 3265150385       0    54
  1631  84678.309  149.740 DEV->PC ACK        3265150385 2164023976    1460  1514
  1632  84678.373    0.064 DEV->PC ACK        3265151845 2164023976    1460  1514
  1633  84678.380    0.007 PC->DEV ACK        2164023976 3265153305       0    54
  1634  84678.465    0.085 DEV->PC ACK|PSH    3265153305 2164023976    1220  1274
  1635  84730.169   51.704 PC->DEV ACK        2164023976 3265154525       0    54
  1636  84828.273   98.104 DEV->PC ACK        3265154525 2164023976    1460  1514
  1637  84828.357    0.084 DEV->PC ACK        3265155985 2164023976    1460  1514
  1638  84828.369    0.012 PC->DEV ACK        2164023976 3265157445       0    54
  1639  84828.492    0.123 DEV->PC ACK|PSH    3265157445 2164023976    1220  1274
  1640  84868.693   40.201 PC->DEV ACK        2164023976 3265158665       0    54
  1641  84978.313  109.620 DEV->PC ACK        3265158665 2164023976    1460  1514
  1642  84978.374    0.061 DEV->PC ACK        3265160125 2164023976    1460  1514
  1643  84978.381    0.007 PC->DEV ACK        2164023976 3265161585       0    54
  1644  84978.436    0.055 DEV->PC ACK|PSH    3265161585 2164023976    1220  1274
  1645  85023.972   45.536 PC->DEV ACK        2164023976 3265162805       0    54
  1646  85075.408   51.436 DEV->PC ACK|PSH    3265162805 2164023976      84   138
  1647  85116.781   41.373 PC->DEV ACK        2164023976 3265162889       0    54
  1648  85128.377   11.596 DEV->PC ACK        3265162889 2164023976    1460  1514
  1649  85128.379    0.002 DEV->PC ACK        3265164349 2164023976    1460  1514
  1650  85128.462    0.083 PC->DEV ACK        2164023976 3265165809       0    54
  1651  85128.541    0.079 DEV->PC ACK|PSH    3265165809 2164023976    1220  1274
  1652  85177.556   49.015 PC->DEV ACK        2164023976 3265167029       0    54
  1653  85278.368  100.812 DEV->PC ACK        3265167029 2164023976    1460  1514
  1654  85278.496    0.128 DEV->PC ACK        3265168489 2164023976    1460  1514
  1655  85278.498    0.002 DEV->PC ACK|PSH    3265169949 2164023976    1220  1274
  1656  85278.546    0.048 PC->DEV ACK        2164023976 3265171169       0    54
  1657  85428.303  149.757 DEV->PC ACK        3265171169 2164023976    1460  1514
  1658  85428.370    0.067 DEV->PC ACK        3265172629 2164023976    1460  1514
  1659  85428.378    0.008 PC->DEV ACK        2164023976 3265174089       0    54
  1660  85428.504    0.126 DEV->PC ACK|PSH    3265174089 2164023976    1220  1274
  1661  85473.414   44.910 PC->DEV ACK        2164023976 3265175309       0    54
  1662  85478.856    5.442 DEV->PC ACK|PSH    3265175309 2164023976      84   138
  1663  85534.320   55.464 PC->DEV ACK        2164023976 3265175393       0    54
  1664  85578.281   43.961 DEV->PC ACK        3265175393 2164023976    1460  1514
  1665  85578.356    0.075 DEV->PC ACK        3265176853 2164023976    1460  1514
  1666  85578.363    0.007 PC->DEV ACK        2164023976 3265178313       0    54
  1667  85578.419    0.056 DEV->PC ACK|PSH    3265178313 2164023976    1220  1274
  1668  85628.480   50.061 PC->DEV ACK        2164023976 3265179533       0    54
  1669  85728.331   99.851 DEV->PC ACK        3265179533 2164023976    1460  1514
  1670  85728.437    0.106 DEV->PC ACK        3265180993 2164023976    1460  1514
  1671  85728.477    0.040 PC->DEV ACK        2164023976 3265182453       0    54
  1672  85728.552    0.075 DEV->PC ACK|PSH    3265182453 2164023976    1220  1274
  1673  85783.532   54.980 PC->DEV ACK        2164023976 3265183673       0    54
  1674  85878.253   94.721 DEV->PC ACK        3265183673 2164023976    1460  1514
  1675  85878.336    0.083 DEV->PC ACK        3265185133 2164023976    1460  1514
  1676  85878.352    0.016 PC->DEV ACK        2164023976 3265186593       0    54
  1677  85878.466    0.114 DEV->PC ACK|PSH    3265186593 2164023976    1220  1274
  1678  85922.226   43.760 PC->DEV ACK        2164023976 3265187813       0    54
  1679  86028.319  106.093 DEV->PC ACK        3265187813 2164023976    1460  1514
  1680  86028.390    0.071 DEV->PC ACK        3265189273 2164023976    1460  1514
  1681  86028.408    0.018 PC->DEV ACK        2164023976 3265190733       0    54
  1682  86028.469    0.061 DEV->PC ACK|PSH    3265190733 2164023976    1220  1274
  1683  86075.508   47.039 DEV->PC ACK|PSH    3265191953 2164023976      84   138
  1684  86075.595    0.087 PC->DEV ACK        2164023976 3265192037       0    54
  1685  86178.320  102.725 DEV->PC ACK        3265192037 2164023976    1460  1514
  1686  86178.385    0.065 DEV->PC ACK        3265193497 2164023976    1460  1514
  1687  86178.392    0.007 PC->DEV ACK        2164023976 3265194957       0    54
  1688  86178.475    0.083 DEV->PC ACK|PSH    3265194957 2164023976    1220  1274
  1689  86230.780   52.305 PC->DEV ACK        2164023976 3265196177       0    54
  1690  86328.284   97.504 DEV->PC ACK        3265196177 2164023976    1460  1514
  1691  86328.362    0.078 DEV->PC ACK        3265197637 2164023976    1460  1514
  1692  86328.378    0.016 PC->DEV ACK        2164023976 3265199097       0    54
  1693  86328.494    0.116 DEV->PC ACK|PSH    3265199097 2164023976    1220  1274
  1694  86369.180   40.686 PC->DEV ACK        2164023976 3265200317       0    54
  1695  86478.268  109.088 DEV->PC ACK        3265200317 2164023976    1460  1514
  1696  86478.369    0.101 DEV->PC ACK        3265201777 2164023976    1460  1514
  1697  86478.383    0.014 PC->DEV ACK        2164023976 3265203237       0    54
  1698  86478.442    0.059 DEV->PC ACK|PSH    3265203237 2164023976    1220  1274
  1699  86478.853    0.411 DEV->PC ACK|PSH    3265204457 2164023976      84   138
  1700  86478.869    0.016 PC->DEV ACK        2164023976 3265204541       0    54
  1701  86628.255  149.386 DEV->PC ACK        3265204541 2164023976    1460  1514
  1702  86628.330    0.075 DEV->PC ACK        3265206001 2164023976    1460  1514
  1703  86628.333    0.003 PC->DEV ACK        2164023976 3265207461       0    54
  1704  86628.437    0.104 DEV->PC ACK|PSH    3265207461 2164023976    1220  1274
  1705  86679.332   50.895 PC->DEV ACK        2164023976 3265208681       0    54
  1706  86778.236   98.904 DEV->PC ACK        3265208681 2164023976    1460  1514
  1707  86778.362    0.126 DEV->PC ACK        3265210141 2164023976    1460  1514
  1708  86778.365    0.003 PC->DEV ACK        2164023976 3265211601       0    54
  1709  86778.419    0.054 DEV->PC ACK|PSH    3265211601 2164023976    1220  1274
  1710  86818.200   39.781 PC->DEV ACK        2164023976 3265212821       0    54
  1711  86928.319  110.119 DEV->PC ACK        3265212821 2164023976    1460  1514
  1712  86928.466    0.147 DEV->PC ACK        3265214281 2164023976    1460  1514
  1713  86928.468    0.002 DEV->PC ACK|PSH    3265215741 2164023976    1220  1274
  1714  86928.515    0.047 PC->DEV ACK        2164023976 3265216961       0    54
  1715  87076.549  148.034 DEV->PC ACK|PSH    3265216961 2164023976      84   138
  1716  87078.219    1.670 DEV->PC ACK        3265217045 2164023976    1460  1514
  1717  87078.236    0.017 PC->DEV ACK        2164023976 3265218505       0    54
  1718  87078.388    0.152 DEV->PC ACK        3265218505 2164023976    1460  1514
  1719  87078.422    0.034 DEV->PC ACK|PSH    3265219965 2164023976    1220  1274
  1720  87078.438    0.016 PC->DEV ACK        2164023976 3265221185       0    54
  1721  87228.233  149.795 DEV->PC ACK        3265221185 2164023976    1460  1514
  1722  87228.353    0.120 DEV->PC ACK        3265222645 2164023976    1460  1514
  1723  87228.357    0.004 PC->DEV ACK        2164023976 3265224105       0    54
  1724  87228.448    0.091 DEV->PC ACK|PSH    3265224105 2164023976    1220  1274
  1725  87278.338   49.890 PC->DEV ACK        2164023976 3265225325       0    54
  1726  87378.254   99.916 DEV->PC ACK        3265225325 2164023976    1460  1514
  1727  87378.373    0.119 DEV->PC ACK        3265226785 2164023976    1460  1514
  1728  87378.380    0.007 PC->DEV ACK        2164023976 3265228245       0    54
  1729  87378.433    0.053 DEV->PC ACK|PSH    3265228245 2164023976    1220  1274
  1730  87432.778   54.345 PC->DEV ACK        2164023976 3265229465       0    54
  1731  87478.925   46.147 DEV->PC ACK|PSH    3265229465 2164023976      84   138
  1732  87525.112   46.187 PC->DEV ACK        2164023976 3265229549       0    54
  1733  87528.242    3.130 DEV->PC ACK        3265229549 2164023976    1460  1514
  1734  87528.322    0.080 DEV->PC ACK        3265231009 2164023976    1460  1514
  1735  87528.340    0.018 PC->DEV ACK        2164023976 3265232469       0    54
  1736  87528.516    0.176 DEV->PC ACK|PSH    3265232469 2164023976    1220  1274
  1737  87571.113   42.597 PC->DEV ACK        2164023976 3265233689       0    54
  1738  87678.241  107.128 DEV->PC ACK        3265233689 2164023976    1460  1514
  1739  87678.363    0.122 DEV->PC ACK        3265235149 2164023976    1460  1514
  1740  87678.368    0.005 PC->DEV ACK        2164023976 3265236609       0    54
  1741  87678.423    0.055 DEV->PC ACK|PSH    3265236609 2164023976    1220  1274
  1742  87727.177   48.754 PC->DEV ACK        2164023976 3265237829       0    54
  1743  87828.247  101.070 DEV->PC ACK        3265237829 2164023976    1460  1514
  1744  87828.369    0.122 DEV->PC ACK        3265239289 2164023976    1460  1514
  1745  87828.376    0.007 PC->DEV ACK        2164023976 3265240749       0    54
  1746  87828.429    0.053 DEV->PC ACK|PSH    3265240749 2164023976    1220  1274
  1747  87879.601   51.172 PC->DEV ACK        2164023976 3265241969       0    54
  1748  87978.277   98.676 DEV->PC ACK        3265241969 2164023976    1460  1514
  1749  87978.345    0.068 DEV->PC ACK        3265243429 2164023976    1460  1514
  1750  87978.371    0.026 PC->DEV ACK        2164023976 3265244889       0    54
  1751  87978.429    0.058 DEV->PC ACK|PSH    3265244889 2164023976    1220  1274
  1752  88032.881   54.452 PC->DEV ACK        2164023976 3265246109       0    54
  1753  88076.679   43.798 DEV->PC ACK|PSH    3265246109 2164023976      84   138
  1754  88125.170   48.491 PC->DEV ACK        2164023976 3265246193       0    54
  1755  88128.206    3.036 DEV->PC ACK        3265246193 2164023976    1460  1514
  1756  88128.292    0.086 DEV->PC ACK        3265247653 2164023976    1460  1514
  1757  88128.308    0.016 PC->DEV ACK        2164023976 3265249113       0    54
  1758  88128.475    0.167 DEV->PC ACK|PSH    3265249113 2164023976    1220  1274
  1759  88171.743   43.268 PC->DEV ACK        2164023976 3265250333       0    54
  1760  88278.315  106.572 DEV->PC ACK        3265250333 2164023976    1460  1514
  1761  88278.460    0.145 DEV->PC ACK        3265251793 2164023976    1460  1514
  1762  88278.461    0.001 DEV->PC ACK|PSH    3265253253 2164023976    1220  1274
  1763  88278.508    0.047 PC->DEV ACK        2164023976 3265254473       0    54
  1764  88428.237  149.729 DEV->PC ACK        3265254473 2164023976    1460  1514
  1765  88428.353    0.116 DEV->PC ACK        3265255933 2164023976    1460  1514
  1766  88428.360    0.007 PC->DEV ACK        2164023976 3265257393       0    54
  1767  88428.412    0.052 DEV->PC ACK|PSH    3265257393 2164023976    1220  1274
  1768  88467.873   39.461 PC->DEV ACK        2164023976 3265258613       0    54
  1769  88478.924   11.051 DEV->PC ACK|PSH    3265258613 2164023976      84   138
  1770  88529.120   50.196 PC->DEV ACK        2164023976 3265258697       0    54
  1771  88578.251   49.131 DEV->PC ACK        3265258697 2164023976    1460  1514
  1772  88578.315    0.064 DEV->PC ACK        3265260157 2164023976    1460  1514
  1773  88578.324    0.009 PC->DEV ACK        2164023976 3265261617       0    54
  1774  88578.453    0.129 DEV->PC ACK|PSH    3265261617 2164023976    1220  1274
  1775  88621.662   43.209 PC->DEV ACK        2164023976 3265262837       0    54
  1776  88728.332  106.670 DEV->PC ACK        3265262837 2164023976    1460  1514
  1777  88728.462    0.130 DEV->PC ACK        3265264297 2164023976    1460  1514
  1778  88728.463    0.001 DEV->PC ACK|PSH    3265265757 2164023976    1220  1274
  1779  88728.512    0.049 PC->DEV ACK        2164023976 3265266977       0    54
  1780  88878.259  149.747 DEV->PC ACK        3265266977 2164023976    1460  1514
  1781  88878.398    0.139 DEV->PC ACK        3265268437 2164023976    1460  1514
  1782  88878.399    0.001 DEV->PC ACK|PSH    3265269897 2164023976    1220  1274
  1783  88878.507    0.108 PC->DEV ACK        2164023976 3265271117       0    54
  1784  89028.204  149.697 DEV->PC ACK        3265271117 2164023976    1460  1514
  1785  89028.329    0.125 DEV->PC ACK        3265272577 2164023976    1460  1514
  1786  89028.333    0.004 PC->DEV ACK        2164023976 3265274037       0    54
  1787  89028.426    0.093 DEV->PC ACK|PSH    3265274037 2164023976    1220  1274
  1788  89073.997   45.571 PC->DEV ACK        2164023976 3265275257       0    54
  1789  89076.874    2.877 DEV->PC ACK|PSH    3265275257 2164023976      84   138
  1790  89120.603   43.729 PC->DEV ACK        2164023976 3265275341       0    54
  1791  89178.255   57.652 DEV->PC ACK        3265275341 2164023976    1460  1514
  1792  89178.311    0.056 DEV->PC ACK        3265276801 2164023976    1460  1514
  1793  89178.325    0.014 PC->DEV ACK        2164023976 3265278261       0    54
  1794  89178.433    0.108 DEV->PC ACK|PSH    3265278261 2164023976    1220  1274
  1795  89229.855   51.422 PC->DEV ACK        2164023976 3265279481       0    54
  1796  89291.510   61.655 PC->DEV ACK|PSH    2164023976 3265279481      28    82
  1797  89291.687    0.177 DEV->PC ACK        3265279481 2164024004       0    64
  1798  89293.960    2.273 DEV->PC ACK|PSH    3265279481 2164024004      32    86
  1799  89337.225   43.265 PC->DEV ACK        2164024004 3265279513       0    54
  1800  93930.984 4593.759 PC->DEV ACK|FIN    2164024004 3265279513       0    54
  1801  93931.343    0.359 DEV->PC ACK        3265279513 2164024005       0    64
  1802  93931.638    0.295 DEV->PC ACK|FIN    3265279513 2164024005       0    64
  1803  93931.726    0.088 PC->DEV ACK        2164024005 3265279514       0    54
