Hint: (lazbuild) Primary config path: "C:\Users\User\AppData\Local\lazarus"
Hint: (lazarus) [TBuildManager.SetBuildTarget] Old=x86_64-win64--win32 New=x86_64-win64--win32 Changed: OS/CPU=True LCL=False
Hint: (lazarus) [TBuildManager.SetBuildTarget] Old=x86_64-win64--win32 New=x86_64-win64--win32 Changed: OS/CPU=True LCL=False
Hint: (lazarus) Project needs building: Src has changed Project D:\works\OburecGH\Lazarus\RecorderLnx\Core\uRecorderProjectFiles.pas
Info: (lazarus) Execute Title="Компиляция проекта, цель: D:\works\OburecGH\Lazarus\RecorderLnx\lib\x86_64-win64\RecorderLnx-drag-verify.exe"
Info: (lazarus) Working Directory="D:\works\OburecGH\Lazarus\RecorderLnx\"
Info: (lazarus) Executable="C:\lazarus\fpc\3.2.2\bin\x86_64-win64\fpc.exe"
Info: (lazarus) Param[0]="-MObjFPC"
Info: (lazarus) Param[1]="-Scghi"
Info: (lazarus) Param[2]="-O1"
Info: (lazarus) Param[3]="-gw3"
Info: (lazarus) Param[4]="-gl"
Info: (lazarus) Param[5]="-WG"
Info: (lazarus) Param[6]="-l"
Info: (lazarus) Param[7]="-vewnhibq"
Info: (lazarus) Param[8]="-FiD:\works\OburecGH\Lazarus\RecorderLnx\lib\x86_64-win64"
Info: (lazarus) Param[9]="-FuD:\works\OburecGH\Lazarus\RecorderLnx\"
Info: (lazarus) Param[10]="-FuD:\works\OburecGH\Lazarus\RecorderLnx\Algs"
Info: (lazarus) Param[11]="-FuD:\works\OburecGH\Lazarus\RecorderLnx\Core"
Info: (lazarus) Param[12]="-FuD:\works\OburecGH\Lazarus\RecorderLnx\UI"
Info: (lazarus) Param[13]="-FuD:\works\OburecGH\Lazarus\RecorderLnx\Components\Common"
Info: (lazarus) Param[14]="-FuD:\works\OburecGH\Lazarus\RecorderLnx\Components\Donut"
Info: (lazarus) Param[15]="-FuD:\works\OburecGH\Lazarus\RecorderLnx\Components\Editor"
Info: (lazarus) Param[16]="-FuD:\works\OburecGH\Lazarus\RecorderLnx\Components\FrequencyResponse"
Info: (lazarus) Param[17]="-FuD:\works\OburecGH\Lazarus\RecorderLnx\Components\ImpactHammer"
Info: (lazarus) Param[18]="-FuD:\works\OburecGH\Lazarus\RecorderLnx\Components\Lissajous"
Info: (lazarus) Param[19]="-FuD:\works\OburecGH\Lazarus\RecorderLnx\Components\MeasurementSection"
Info: (lazarus) Param[20]="-FuD:\works\OburecGH\Lazarus\RecorderLnx\Components\Oscillogram"
Info: (lazarus) Param[21]="-FuD:\works\OburecGH\Lazarus\RecorderLnx\Components\SignalGenerator"
Info: (lazarus) Param[22]="-FuD:\works\OburecGH\Lazarus\RecorderLnx\Components\Spectrum"
Info: (lazarus) Param[23]="-FuD:\works\OburecGH\Lazarus\RecorderLnx\Components\SqlTrend"
Info: (lazarus) Param[24]="-FuD:\works\OburecGH\Lazarus\RecorderLnx\Components\Standard"
Info: (lazarus) Param[25]="-FuD:\works\OburecGH\Lazarus\RecorderLnx\Components\ThreeD"
Info: (lazarus) Param[26]="-FuD:\works\OburecGH\Lazarus\RecorderLnx\Components\Trend"
Info: (lazarus) Param[27]="-FuD:\works\OburecGH\Lazarus\RecorderLnx\Calibrations"
Info: (lazarus) Param[28]="-FuD:\works\OburecGH\Lazarus\RecorderLnx\Calibrations\Strains"
Info: (lazarus) Param[29]="-FuD:\works\OburecGH\Lazarus\RecorderLnx\Device"
Info: (lazarus) Param[30]="-FuD:\works\OburecGH\Lazarus\RecorderLnx\Device\MIC140"
Info: (lazarus) Param[31]="-FuD:\works\OburecGH\Lazarus\RecorderLnx\Device\MIC140\UI"
Info: (lazarus) Param[32]="-FuD:\works\OburecGH\Lazarus\RecorderLnx\Device\MIC140\utils"
Info: (lazarus) Param[33]="-FuD:\works\OburecGH\Lazarus\RecorderLnx\Device\mic185"
Info: (lazarus) Param[34]="-FuD:\works\OburecGH\Lazarus\RecorderLnx\Device\mic185\UI"
Info: (lazarus) Param[35]="-FuD:\works\OburecGH\Lazarus\RecorderLnx\Device\MCbus"
Info: (lazarus) Param[36]="-FuD:\works\OburecGH\Lazarus\RecorderLnx\Device\MCbus\UI"
Info: (lazarus) Param[37]="-FuD:\works\OburecGH\Lazarus\RecorderLnx\SDB"
Info: (lazarus) Param[38]="-FuD:\works\OburecGH\Lazarus\RecorderLnx\SQLdb"
Info: (lazarus) Param[39]="-FuD:\works\OburecGH\Lazarus\RecorderLnx\SQLdb\SqlTrend"
Info: (lazarus) Param[40]="-FuD:\works\OburecGH\Lazarus\RecorderLnx\Plugins\SDK"
Info: (lazarus) Param[41]="-FuD:\works\OburecGH\Lazarus\SharedUtils"
Info: (lazarus) Param[42]="-FuD:\works\OburecGH\Lazarus\SharedUtils\math"
Info: (lazarus) Param[43]="-FuD:\works\OburecGH\Lazarus\SharedUtils\3d\core"
Info: (lazarus) Param[44]="-FuD:\works\OburecGH\Lazarus\SharedUtils\3d\contracts"
Info: (lazarus) Param[45]="-FuD:\works\OburecGH\Lazarus\SharedUtils\3d\io"
Info: (lazarus) Param[46]="-FuD:\works\OburecGH\Lazarus\SharedUtils\3d\interaction"
Info: (lazarus) Param[47]="-FuD:\works\OburecGH\Lazarus\SharedUtils\3d\motion"
Info: (lazarus) Param[48]="-FuD:\works\OburecGH\Lazarus\SharedUtils\3d\lcl"
Info: (lazarus) Param[49]="-FuD:\works\OburecGH\Lazarus\SharedUtils\3d\render\opengl"
Info: (lazarus) Param[50]="-FuD:\works\OburecGH\Lazarus\Tests\RecorderTests\UITestData"
Info: (lazarus) Param[51]="-FuD:\works\OburecGH\Lazarus\third_party\fpspreadsheet"
Info: (lazarus) Param[52]="-FuC:\lazarus\components\tachart\lib\x86_64-win64\win32"
Info: (lazarus) Param[53]="-FuD:\works\OburecGH\Lazarus\third_party\bgracontrols\lib\x86_64-win64-win32-3.2.2"
Info: (lazarus) Param[54]="-FuD:\works\OburecGH\Lazarus\SharedUtils\components\chart_lzr\lib\x86_64-win64"
Info: (lazarus) Param[55]="-FuC:\lazarus\components\ideintf\units\x86_64-win64\win32"
Info: (lazarus) Param[56]="-FuC:\lazarus\components\synedit\units\x86_64-win64\win32"
Info: (lazarus) Param[57]="-FuC:\lazarus\components\opengl\lib\x86_64-win64\win32"
Info: (lazarus) Param[58]="-FuC:\lazarus\components\mouseandkeyinput\lib\x86_64-win64\win32"
Info: (lazarus) Param[59]="-FuC:\lazarus\components\lazcontrols\lib\x86_64-win64\win32"
Info: (lazarus) Param[60]="-FuD:\works\OburecGH\Lazarus\third_party\bgrabitmap\bgrabitmap\lib\x86_64-win64-win32-3.2.2"
Info: (lazarus) Param[61]="-FuC:\lazarus\lcl\units\x86_64-win64\win32"
Info: (lazarus) Param[62]="-FuC:\lazarus\components\datetimectrls\lib\x86_64-win64\win32"
Info: (lazarus) Param[63]="-FuC:\lazarus\lcl\units\x86_64-win64"
Info: (lazarus) Param[64]="-FuC:\lazarus\components\lazedit\lib\x86_64-win64"
Info: (lazarus) Param[65]="-FuC:\lazarus\components\freetype\lib\x86_64-win64"
Info: (lazarus) Param[66]="-FuC:\lazarus\components\debuggerintf\lib\x86_64-win64"
Info: (lazarus) Param[67]="-FuC:\lazarus\components\buildintf\units\x86_64-win64"
Info: (lazarus) Param[68]="-FuC:\lazarus\components\lazutils\lib\x86_64-win64"
Info: (lazarus) Param[69]="-FuC:\lazarus\components\lazdebuggers\lazdebuggerintf\lib\x86_64-win64"
Info: (lazarus) Param[70]="-FuC:\lazarus\packager\units\x86_64-win64"
Info: (lazarus) Param[71]="-FED:\works\OburecGH\Lazarus\RecorderLnx\lib\x86_64-win64\"
Info: (lazarus) Param[72]="-oD:\works\OburecGH\Lazarus\RecorderLnx\lib\x86_64-win64\RecorderLnx-drag-verify.exe"
Info: (lazarus) Param[73]="-dLCL"
Info: (lazarus) Param[74]="-dLCLwin32"
Info: (lazarus) Param[75]="RecorderLnx.lpr"
Info: (lazarus) Param[76]="-B"
Hint: (11030) Start of reading config file C:\lazarus\fpc\3.2.2\bin\x86_64-win64\fpc.cfg
Hint: (11031) End of reading config file C:\lazarus\fpc\3.2.2\bin\x86_64-win64\fpc.cfg
Free Pascal Compiler version 3.2.2 [2025/07/19] for x86_64
Copyright (c) 1993-2021 by Florian Klaempfl and others
(1002) Target OS: Win64 for x64
(3104) Compiling RecorderLnx.lpr
(3104) Compiling .\UI\uMainForm.pas
(3104) Compiling .\Core\uRecorderAppVersion.pas
(3104) Compiling uRecorderMeraPaths.pas
D:\works\OburecGH\Lazarus\RecorderLnx\uRecorderMeraPaths.pas(147,22) Hint: (5057) Local variable "lSystemDir" does not seem to be initialized
(3104) Compiling .\Core\uRecorderStateMachine.pas
(3104) Compiling .\Core\uRecorderRunControlSettings.pas
(3104) Compiling .\Core\uRecorderFormModel.pas
(3104) Compiling .\Core\uRecorderTags.pas
(3104) Compiling .\Core\uRecorderCoreServices.pas
(3104) Compiling .\Core\uRecorderDebugLog.pas
(3104) Compiling D:\works\OburecGH\Lazarus\SharedUtils\uSharedFileLogger.pas
D:\works\OburecGH\Lazarus\RecorderLnx\.\Core\uRecorderCoreServices.pas(563,23) Hint: (4055) Conversion between ordinals and pointers is not portable
D:\works\OburecGH\Lazarus\RecorderLnx\.\Core\uRecorderCoreServices.pas(570,42) Hint: (4055) Conversion between ordinals and pointers is not portable
D:\works\OburecGH\Lazarus\RecorderLnx\.\Core\uRecorderCoreServices.pas(277,27) Hint: (5024) Parameter "ASender" not used
(3104) Compiling .\Algs\uRecorderSpectrumEngine.pas
(3104) Compiling D:\works\OburecGH\Lazarus\SharedUtils\uCommonTypes.pas
D:\works\OburecGH\Lazarus\SharedUtils\uCommonTypes.pas(14,22) Hint: (5023) Unit "Types" not used in uCommonTypes
D:\works\OburecGH\Lazarus\RecorderLnx\.\Algs\uRecorderSpectrumEngine.pas(317,13) Hint: (4055) Conversion between ordinals and pointers is not portable
D:\works\OburecGH\Lazarus\RecorderLnx\.\Algs\uRecorderSpectrumEngine.pas(318,13) Hint: (4055) Conversion between ordinals and pointers is not portable
D:\works\OburecGH\Lazarus\RecorderLnx\.\Algs\uRecorderSpectrumEngine.pas(344,35) Hint: (5057) Local variable "lCounter" does not seem to be initialized
D:\works\OburecGH\Lazarus\RecorderLnx\.\Algs\uRecorderSpectrumEngine.pas(345,39) Hint: (5057) Local variable "lFrequency" does not seem to be initialized
(3104) Compiling .\Algs\uRecorderFrequencyBands.pas
(3104) Compiling .\Core\uRecorderTags.pas
(3104) Compiling .\Core\uRecorderTimeSystem.pas
(3104) Compiling .\Core\uRecorderUnitManager.pas
D:\works\OburecGH\Lazarus\RecorderLnx\.\Core\uRecorderTags.pas(818,18) Hint: (5060) Function result variable does not seem to be initialized
D:\works\OburecGH\Lazarus\RecorderLnx\.\Core\uRecorderTags.pas(973,19) Hint: (5091) Local variable "lNames" of a managed type does not seem to be initialized
D:\works\OburecGH\Lazarus\RecorderLnx\.\Core\uRecorderTags.pas(1269,21) Hint: (5091) Local variable "lTimes" of a managed type does not seem to be initialized
D:\works\OburecGH\Lazarus\RecorderLnx\.\Core\uRecorderTags.pas(1270,22) Hint: (5091) Local variable "lValues" of a managed type does not seem to be initialized
D:\works\OburecGH\Lazarus\RecorderLnx\.\Core\uRecorderTags.pas(2418,14) Warning: (4104) Implicit string type conversion from "AnsiString" to "UnicodeString"
D:\works\OburecGH\Lazarus\RecorderLnx\.\Core\uRecorderTags.pas(2418,44) Warning: (4104) Implicit string type conversion from "AnsiString" to "UnicodeString"
D:\works\OburecGH\Lazarus\RecorderLnx\.\Core\uRecorderTags.pas(2418,62) Warning: (4105) Implicit string type conversion with potential data loss from "UnicodeString" to "AnsiString"
D:\works\OburecGH\Lazarus\RecorderLnx\.\Core\uRecorderTags.pas(2987,13) Note: (5027) Local variable "s" is assigned but never used
D:\works\OburecGH\Lazarus\RecorderLnx\.\Core\uRecorderTags.pas(3104,22) Hint: (5091) Local variable "lValues" of a managed type does not seem to be initialized
D:\works\OburecGH\Lazarus\RecorderLnx\.\Core\uRecorderTags.pas(3289,22) Hint: (5091) Local variable "lValues" of a managed type does not seem to be initialized
(3104) Compiling .\Algs\uRecorderVibrationEstimate.pas
D:\works\OburecGH\Lazarus\RecorderLnx\.\Core\uRecorderFormModel.pas(804,17) Warning: (3057) An inherited method is hidden by "constructor Create;"
D:\works\OburecGH\Lazarus\RecorderLnx\.\Core\uRecorderFormModel.pas(837,17) Warning: (3057) An inherited method is hidden by "constructor Create;"
D:\works\OburecGH\Lazarus\RecorderLnx\.\Core\uRecorderFormModel.pas(842,17) Warning: (3057) An inherited method is hidden by "constructor Create;"
(3104) Compiling .\Core\uRecorderPluginRuntime.pas
(3104) Compiling .\Plugins\SDK\uRecorderPluginApi.pas
(3104) Compiling .\Core\uRecorderAlarms.pas
(3104) Compiling .\Core\uRecorderPluginInfo.pas
(3104) Compiling .\Core\uRecorderPluginConfig.pas
(3104) Compiling .\Core\uRecorderMessages.pas
(3104) Compiling .\Core\uRecorderDataSources.pas
(3104) Compiling .\Core\uMeraFile.pas
(3104) Compiling .\Core\uRecorderConfiguredDataSources.pas
D:\works\OburecGH\Lazarus\RecorderLnx\.\Core\uRecorderConfiguredDataSources.pas(352,71) Warning: (4104) Implicit string type conversion from "AnsiString" to "UnicodeString"
D:\works\OburecGH\Lazarus\RecorderLnx\.\Core\uRecorderConfiguredDataSources.pas(352,69) Warning: (4105) Implicit string type conversion with potential data loss from "UnicodeString" to "AnsiString"
D:\works\OburecGH\Lazarus\RecorderLnx\.\Core\uRecorderConfiguredDataSources.pas(380,63) Warning: (4104) Implicit string type conversion from "AnsiString" to "UnicodeString"
D:\works\OburecGH\Lazarus\RecorderLnx\.\Core\uRecorderConfiguredDataSources.pas(380,61) Warning: (4105) Implicit string type conversion with potential data loss from "UnicodeString" to "AnsiString"
(3104) Compiling D:\works\OburecGH\Lazarus\SharedUtils\uSharedAsync.pas
(3104) Compiling .\Core\uRecorderHardwareLiveDevices.pas
(3104) Compiling .\Device\uRecorderDeviceInterfaces.pas
(3104) Compiling .\Device\uRecorderAcquisitionTypes.pas
D:\works\OburecGH\Lazarus\RecorderLnx\.\Device\uRecorderDeviceInterfaces.pas(157,7) Hint: (5024) Parameter "AIndex" not used
D:\works\OburecGH\Lazarus\RecorderLnx\.\Device\uRecorderDeviceInterfaces.pas(313,24) Note: (6058) Call to subroutine "operator :=(const source:AnsiString):Variant;" marked as inline is not inlined
D:\works\OburecGH\Lazarus\RecorderLnx\.\Device\uRecorderDeviceInterfaces.pas(314,24) Note: (6058) Call to subroutine "operator :=(const source:AnsiString):Variant;" marked as inline is not inlined
D:\works\OburecGH\Lazarus\RecorderLnx\.\Device\uRecorderDeviceInterfaces.pas(315,24) Note: (6058) Call to subroutine "operator :=(const source:LongInt):Variant;" marked as inline is not inlined
D:\works\OburecGH\Lazarus\RecorderLnx\.\Device\uRecorderDeviceInterfaces.pas(316,35) Note: (6058) Call to subroutine "operator :=(const source:Double):Variant;" marked as inline is not inlined
D:\works\OburecGH\Lazarus\RecorderLnx\.\Device\uRecorderDeviceInterfaces.pas(317,32) Note: (6058) Call to subroutine "operator :=(const source:LongInt):Variant;" marked as inline is not inlined
D:\works\OburecGH\Lazarus\RecorderLnx\.\Device\uRecorderDeviceInterfaces.pas(318,32) Note: (6058) Call to subroutine "operator :=(const source:LongInt):Variant;" marked as inline is not inlined
D:\works\OburecGH\Lazarus\RecorderLnx\.\Device\uRecorderDeviceInterfaces.pas(319,40) Note: (6058) Call to subroutine "operator :=(const source:LongInt):Variant;" marked as inline is not inlined
D:\works\OburecGH\Lazarus\RecorderLnx\.\Device\uRecorderDeviceInterfaces.pas(320,29) Note: (6058) Call to subroutine "operator :=(const source:ShortInt):Variant;" marked as inline is not inlined
D:\works\OburecGH\Lazarus\RecorderLnx\.\Device\uRecorderDeviceInterfaces.pas(321,29) Note: (6058) Call to subroutine "operator :=(const source:ShortString):Variant;" marked as inline is not inlined
D:\works\OburecGH\Lazarus\RecorderLnx\.\Device\uRecorderDeviceInterfaces.pas(159,30) Hint: (5024) Parameter "AIndex" not used
D:\works\OburecGH\Lazarus\RecorderLnx\.\Device\uRecorderDeviceInterfaces.pas(335,38) Note: (6058) Call to subroutine "operator :=(const source:Variant):LongInt;" marked as inline is not inlined
D:\works\OburecGH\Lazarus\RecorderLnx\.\Device\uRecorderDeviceInterfaces.pas(336,45) Note: (6058) Call to subroutine "operator :=(const source:Variant):Double;" marked as inline is not inlined
D:\works\OburecGH\Lazarus\RecorderLnx\.\Device\uRecorderDeviceInterfaces.pas(337,54) Note: (6058) Call to subroutine "operator :=(const source:Variant):LongInt;" marked as inline is not inlined
D:\works\OburecGH\Lazarus\RecorderLnx\.\Device\uRecorderDeviceInterfaces.pas(338,54) Note: (6058) Call to subroutine "operator :=(const source:Variant):LongInt;" marked as inline is not inlined
D:\works\OburecGH\Lazarus\RecorderLnx\.\Device\uRecorderDeviceInterfaces.pas(160,43) Hint: (5024) Parameter "AIndex" not used
D:\works\OburecGH\Lazarus\RecorderLnx\.\Device\uRecorderDeviceInterfaces.pas(374,51) Note: (6058) Call to subroutine "operator :=(const source:AnsiString):Variant;" marked as inline is not inlined
D:\works\OburecGH\Lazarus\RecorderLnx\.\Device\uRecorderDeviceInterfaces.pas(376,51) Note: (6058) Call to subroutine "operator :=(const source:AnsiString):Variant;" marked as inline is not inlined
D:\works\OburecGH\Lazarus\RecorderLnx\.\Device\uRecorderDeviceInterfaces.pas(378,49) Note: (6058) Call to subroutine "operator :=(const source:LongInt):Variant;" marked as inline is not inlined
D:\works\OburecGH\Lazarus\RecorderLnx\.\Device\uRecorderDeviceInterfaces.pas(381,62) Note: (6058) Call to subroutine "operator :=(const source:Double):Variant;" marked as inline is not inlined
D:\works\OburecGH\Lazarus\RecorderLnx\.\Device\uRecorderDeviceInterfaces.pas(384,62) Note: (6058) Call to subroutine "operator :=(const source:Double):Variant;" marked as inline is not inlined
D:\works\OburecGH\Lazarus\RecorderLnx\.\Device\uRecorderDeviceInterfaces.pas(387,57) Note: (6058) Call to subroutine "operator :=(const source:LongInt):Variant;" marked as inline is not inlined
D:\works\OburecGH\Lazarus\RecorderLnx\.\Device\uRecorderDeviceInterfaces.pas(390,57) Note: (6058) Call to subroutine "operator :=(const source:LongInt):Variant;" marked as inline is not inlined
D:\works\OburecGH\Lazarus\RecorderLnx\.\Device\uRecorderDeviceInterfaces.pas(175,24) Hint: (5024) Parameter "ATimeoutMs" not used
D:\works\OburecGH\Lazarus\RecorderLnx\.\Device\uRecorderDeviceInterfaces.pas(179,35) Hint: (5024) Parameter "AAction" not used
D:\works\OburecGH\Lazarus\RecorderLnx\.\Device\uRecorderDeviceInterfaces.pas(180,34) Hint: (5024) Parameter "AAction" not used
D:\works\OburecGH\Lazarus\RecorderLnx\.\Device\uRecorderDeviceInterfaces.pas(181,13) Hint: (5024) Parameter "AChannelIndices" not used
D:\works\OburecGH\Lazarus\RecorderLnx\.\Core\uRecorderDataSources.pas(620,3) Note: (5025) Local variable "lTag" not used
D:\works\OburecGH\Lazarus\RecorderLnx\.\Core\uRecorderDataSources.pas(782,21) Hint: (5057) Local variable "lCounters" does not seem to be initialized
D:\works\OburecGH\Lazarus\RecorderLnx\.\Core\uRecorderDataSources.pas(843,14) Hint: (5057) Local variable "lUserTime" does not seem to be initialized
D:\works\OburecGH\Lazarus\RecorderLnx\.\Core\uRecorderDataSources.pas(842,82) Hint: (5057) Local variable "lKernelTime" does not seem to be initialized
D:\works\OburecGH\Lazarus\RecorderLnx\.\Core\uRecorderDataSources.pas(842,69) Hint: (5057) Local variable "lExitTime" does not seem to be initialized
D:\works\OburecGH\Lazarus\RecorderLnx\.\Core\uRecorderDataSources.pas(842,58) Hint: (5057) Local variable "lCreationTime" does not seem to be initialized
D:\works\OburecGH\Lazarus\RecorderLnx\.\Core\uRecorderDataSources.pas(861,28) Hint: (5057) Local variable "lSystemInfo" does not seem to be initialized
D:\works\OburecGH\Lazarus\RecorderLnx\.\Core\uRecorderDataSources.pas(1099,39) Hint: (5057) Local variable "lDouble" does not seem to be initialized
D:\works\OburecGH\Lazarus\RecorderLnx\.\Core\uRecorderDataSources.pas(1104,39) Hint: (5057) Local variable "lSingle" does not seem to be initialized
D:\works\OburecGH\Lazarus\RecorderLnx\.\Core\uRecorderDataSources.pas(1109,38) Hint: (5057) Local variable "lInt32" does not seem to be initialized
D:\works\OburecGH\Lazarus\RecorderLnx\.\Core\uRecorderDataSources.pas(1114,39) Hint: (5057) Local variable "lUInt32" does not seem to be initialized
D:\works\OburecGH\Lazarus\RecorderLnx\.\Core\uRecorderDataSources.pas(1119,38) Hint: (5057) Local variable "lInt16" does not seem to be initialized
D:\works\OburecGH\Lazarus\RecorderLnx\.\Core\uRecorderDataSources.pas(1124,39) Hint: (5057) Local variable "lUInt16" does not seem to be initialized
D:\works\OburecGH\Lazarus\RecorderLnx\.\Core\uRecorderDataSources.pas(1638,3) Note: (5027) Local variable "lElapsed" is assigned but never used
D:\works\OburecGH\Lazarus\RecorderLnx\.\Core\uRecorderDataSources.pas(1946,24) Hint: (5091) Local variable "lProcedures" of a managed type does not seem to be initialized
D:\works\OburecGH\Lazarus\RecorderLnx\.\Core\uRecorderDataSources.pas(1978,24) Hint: (5091) Local variable "lProcedures" of a managed type does not seem to be initialized
(3104) Compiling .\Core\uRecorder.pas
(3104) Compiling .\Core\uRecorderEventQueue.pas
D:\works\OburecGH\Lazarus\RecorderLnx\.\Core\uRecorderEventQueue.pas(105,27) Hint: (5024) Parameter "ASender" not used
(3104) Compiling .\Algs\uRecorderSpectrumRuntime.pas
D:\works\OburecGH\Lazarus\RecorderLnx\.\Algs\uRecorderSpectrumRuntime.pas(969,25) Warning: (4104) Implicit string type conversion from "AnsiString" to "UnicodeString"
D:\works\OburecGH\Lazarus\RecorderLnx\.\Algs\uRecorderSpectrumRuntime.pas(969,67) Warning: (4104) Implicit string type conversion from "AnsiString" to "UnicodeString"
D:\works\OburecGH\Lazarus\RecorderLnx\.\Algs\uRecorderSpectrumRuntime.pas(969,60) Warning: (4105) Implicit string type conversion with potential data loss from "UnicodeString" to "AnsiString"
D:\works\OburecGH\Lazarus\RecorderLnx\.\Algs\uRecorderSpectrumRuntime.pas(98,34) Hint: (5024) Parameter "ASender" not used
(3104) Compiling .\Algs\uRecorderAlgorithmManager.pas
(3104) Compiling .\Algs\uRecorderTachoPhaseAlgorithms.pas
D:\works\OburecGH\Lazarus\RecorderLnx\.\Algs\uRecorderTachoPhaseAlgorithms.pas(284,83) Warning: (4104) Implicit string type conversion from "AnsiString" to "UnicodeString"
D:\works\OburecGH\Lazarus\RecorderLnx\.\Algs\uRecorderTachoPhaseAlgorithms.pas(284,91) Warning: (4105) Implicit string type conversion with potential data loss from "UnicodeString" to "AnsiString"
D:\works\OburecGH\Lazarus\RecorderLnx\.\Algs\uRecorderTachoPhaseAlgorithms.pas(49,35) Hint: (5024) Parameter "ASender" not used
D:\works\OburecGH\Lazarus\RecorderLnx\.\Algs\uRecorderTachoPhaseAlgorithms.pas(90,33) Hint: (5024) Parameter "ASender" not used
D:\works\OburecGH\Lazarus\RecorderLnx\.\Algs\uRecorderTachoPhaseAlgorithms.pas(92,36) Hint: (5024) Parameter "ASender" not used
(3104) Compiling .\Algs\uRecorderScalarAlgorithms.pas
D:\works\OburecGH\Lazarus\RecorderLnx\.\Algs\uRecorderScalarAlgorithms.pas(378,10) Note: (6058) Call to subroutine "function IsZero(const A:Double):Boolean;" marked as inline is not inlined
D:\works\OburecGH\Lazarus\RecorderLnx\.\Algs\uRecorderScalarAlgorithms.pas(591,29) Note: (6058) Call to subroutine "function IsZero(const A:Double):Boolean;" marked as inline is not inlined
D:\works\OburecGH\Lazarus\RecorderLnx\.\Algs\uRecorderAlgorithmManager.pas(252,77) Warning: (4104) Implicit string type conversion from "AnsiString" to "UnicodeString"
D:\works\OburecGH\Lazarus\RecorderLnx\.\Algs\uRecorderAlgorithmManager.pas(252,85) Warning: (4105) Implicit string type conversion with potential data loss from "UnicodeString" to "AnsiString"
D:\works\OburecGH\Lazarus\RecorderLnx\.\Algs\uRecorderAlgorithmManager.pas(54,27) Hint: (5024) Parameter "ATag" not used
D:\works\OburecGH\Lazarus\RecorderLnx\.\Algs\uRecorderAlgorithmManager.pas(54,47) Hint: (5024) Parameter "ATimeSec" not used
D:\works\OburecGH\Lazarus\RecorderLnx\.\Algs\uRecorderAlgorithmManager.pas(54,57) Hint: (5024) Parameter "AValue" not used
D:\works\OburecGH\Lazarus\RecorderLnx\.\Algs\uRecorderAlgorithmManager.pas(55,27) Hint: (5024) Parameter "ATag" not used
D:\works\OburecGH\Lazarus\RecorderLnx\.\Algs\uRecorderAlgorithmManager.pas(55,53) Hint: (5024) Parameter "ATimes" not used
D:\works\OburecGH\Lazarus\RecorderLnx\.\Algs\uRecorderAlgorithmManager.pas(55,61) Hint: (5024) Parameter "AValues" not used
D:\works\OburecGH\Lazarus\RecorderLnx\.\Algs\uRecorderAlgorithmManager.pas(56,7) Hint: (5024) Parameter "ACount" not used
D:\works\OburecGH\Lazarus\RecorderLnx\.\Algs\uRecorderAlgorithmManager.pas(384,87) Warning: (4104) Implicit string type conversion from "AnsiString" to "UnicodeString"
D:\works\OburecGH\Lazarus\RecorderLnx\.\Algs\uRecorderAlgorithmManager.pas(384,96) Warning: (4105) Implicit string type conversion with potential data loss from "UnicodeString" to "AnsiString"
D:\works\OburecGH\Lazarus\RecorderLnx\.\Algs\uRecorderAlgorithmManager.pas(161,39) Hint: (5024) Parameter "ATransition" not used
D:\works\OburecGH\Lazarus\RecorderLnx\.\Algs\uRecorderAlgorithmManager.pas(131,36) Hint: (5024) Parameter "Sender" not used
D:\works\OburecGH\Lazarus\RecorderLnx\.\Algs\uRecorderAlgorithmManager.pas(133,36) Hint: (5024) Parameter "Sender" not used
(3104) Compiling .\SQLdb\uRecorderSqlDbManager.pas
(3104) Compiling .\SQLdb\uRecorderSqlDbTypes.pas
(3104) Compiling .\SQLdb\uRecorderSqlDbRuntime.pas
(3104) Compiling .\SQLdb\uRecorderSqlDbRepository.pas
D:\works\OburecGH\Lazarus\RecorderLnx\.\SQLdb\uRecorderSqlDbRepository.pas(282,23) Warning: (4104) Implicit string type conversion from "AnsiString" to "UnicodeString"
D:\works\OburecGH\Lazarus\RecorderLnx\.\SQLdb\uRecorderSqlDbRepository.pas(283,11) Warning: (4104) Implicit string type conversion from "AnsiString" to "UnicodeString"
D:\works\OburecGH\Lazarus\RecorderLnx\.\SQLdb\uRecorderSqlDbRepository.pas(283,25) Warning: (4105) Implicit string type conversion with potential data loss from "UnicodeString" to "AnsiString"
D:\works\OburecGH\Lazarus\RecorderLnx\.\SQLdb\uRecorderSqlDbRepository.pas(345,19) Hint: (5092) Variable "AItems" of a managed type does not seem to be initialized
D:\works\OburecGH\Lazarus\RecorderLnx\.\SQLdb\uRecorderSqlDbRepository.pas(386,19) Hint: (5092) Variable "AItems" of a managed type does not seem to be initialized
D:\works\OburecGH\Lazarus\RecorderLnx\.\SQLdb\uRecorderSqlDbRepository.pas(675,20) Hint: (5092) Variable "APoints" of a managed type does not seem to be initialized
D:\works\OburecGH\Lazarus\RecorderLnx\.\SQLdb\uRecorderSqlDbRepository.pas(694,28) Hint: (5091) Local variable "lSignalPoints" of a managed type does not seem to be initialized
D:\works\OburecGH\Lazarus\RecorderLnx\.\SQLdb\uRecorderSqlDbRepository.pas(1844,19) Hint: (5092) Variable "AItems" of a managed type does not seem to be initialized
D:\works\OburecGH\Lazarus\RecorderLnx\.\SQLdb\uRecorderSqlDbRepository.pas(1888,17) Hint: (5092) Variable "AItem" of a managed type does not seem to be initialized
D:\works\OburecGH\Lazarus\RecorderLnx\.\SQLdb\uRecorderSqlDbRepository.pas(1927,19) Hint: (5092) Variable "AItems" of a managed type does not seem to be initialized
D:\works\OburecGH\Lazarus\RecorderLnx\.\SQLdb\uRecorderSqlDbRepository.pas(1967,19) Hint: (5092) Variable "AItems" of a managed type does not seem to be initialized
D:\works\OburecGH\Lazarus\RecorderLnx\.\SQLdb\uRecorderSqlDbRepository.pas(2006,19) Hint: (5092) Variable "AItems" of a managed type does not seem to be initialized
D:\works\OburecGH\Lazarus\RecorderLnx\.\SQLdb\uRecorderSqlDbRepository.pas(2055,19) Hint: (5092) Variable "AItems" of a managed type does not seem to be initialized
D:\works\OburecGH\Lazarus\RecorderLnx\.\SQLdb\uRecorderSqlDbRepository.pas(2297,19) Hint: (5092) Variable "AItems" of a managed type does not seem to be initialized
(3104) Compiling .\SQLdb\uRecorderSqlDbFileStore.pas
D:\works\OburecGH\Lazarus\RecorderLnx\.\SQLdb\uRecorderSqlDbFileStore.pas(109,39) Hint: (5057) Local variable "lBuffer" does not seem to be initialized
(3104) Compiling .\Core\uRecorderNetworkBinding.pas
D:\works\OburecGH\Lazarus\RecorderLnx\.\Core\uRecorderNetworkBinding.pas(565,28) Hint: (5057) Local variable "lWsa" does not seem to be initialized
D:\works\OburecGH\Lazarus\RecorderLnx\.\Core\uRecorderNetworkBinding.pas(576,24) Hint: (5057) Local variable "lLocal" does not seem to be initialized
D:\works\OburecGH\Lazarus\RecorderLnx\.\Core\uRecorderNetworkBinding.pas(586,23) Hint: (5057) Local variable "lRemote" does not seem to be initialized
D:\works\OburecGH\Lazarus\RecorderLnx\.\Core\uRecorderNetworkBinding.pas(595,24) Hint: (5057) Local variable "lTimeVal" does not seem to be initialized
D:\works\OburecGH\Lazarus\RecorderLnx\.\Core\uRecorderNetworkBinding.pas(598,24) Hint: (5057) Local variable "lWriteSet" does not seem to be initialized
D:\works\OburecGH\Lazarus\RecorderLnx\.\Core\uRecorderNetworkBinding.pas(876,20) Hint: (5057) Local variable "lLocal" does not seem to be initialized
D:\works\OburecGH\Lazarus\RecorderLnx\.\Core\uRecorderNetworkBinding.pas(927,20) Hint: (5057) Local variable "lLocal" does not seem to be initialized
D:\works\OburecGH\Lazarus\RecorderLnx\.\Core\uRecorderNetworkBinding.pas(1063,22) Hint: (5057) Local variable "lLocal" does not seem to be initialized
D:\works\OburecGH\Lazarus\RecorderLnx\.\Core\uRecorderNetworkBinding.pas(1139,28) Hint: (5057) Local variable "lWsa" does not seem to be initialized
D:\works\OburecGH\Lazarus\RecorderLnx\.\Core\uRecorderNetworkBinding.pas(1174,23) Hint: (5057) Local variable "lReadSet" does not seem to be initialized
D:\works\OburecGH\Lazarus\RecorderLnx\.\Core\uRecorderNetworkBinding.pas(1234,11) Note: (6058) Call to subroutine "function CompareMem(P1:Pointer;P2:Pointer;Length:QWord):Boolean;" marked as inline is not inlined
D:\works\OburecGH\Lazarus\RecorderLnx\.\Core\uRecorderNetworkBinding.pas(1765,28) Hint: (5057) Local variable "lWsa" does not seem to be initialized
D:\works\OburecGH\Lazarus\RecorderLnx\.\Core\uRecorderNetworkBinding.pas(1773,20) Hint: (5057) Local variable "lLocal" does not seem to be initialized
D:\works\OburecGH\Lazarus\RecorderLnx\.\Core\uRecorderNetworkBinding.pas(1802,21) Hint: (5057) Local variable "lRemote" does not seem to be initialized
D:\works\OburecGH\Lazarus\RecorderLnx\.\Core\uRecorderNetworkBinding.pas(1821,23) Hint: (5057) Local variable "lReadSet" does not seem to be initialized
D:\works\OburecGH\Lazarus\RecorderLnx\.\Core\uRecorderNetworkBinding.pas(1834,23) Hint: (5057) Local variable "lBuffer" does not seem to be initialized
D:\works\OburecGH\Lazarus\RecorderLnx\.\Core\uRecorderNetworkBinding.pas(1840,30) Note: (6058) Call to subroutine "function CompareMem(P1:Pointer;P2:Pointer;Length:QWord):Boolean;" marked as inline is not inlined
D:\works\OburecGH\Lazarus\RecorderLnx\.\Core\uRecorderNetworkBinding.pas(2097,22) Hint: (5057) Local variable "lLocal" does not seem to be initialized
D:\works\OburecGH\Lazarus\RecorderLnx\.\Core\uRecorderNetworkBinding.pas(2100,33) Warning: (5043) Symbol "HostToNet" is deprecated
D:\works\OburecGH\Lazarus\RecorderLnx\.\Core\uRecorderNetworkBinding.pas(2118,21) Hint: (5057) Local variable "lRemote" does not seem to be initialized
D:\works\OburecGH\Lazarus\RecorderLnx\.\Core\uRecorderNetworkBinding.pas(2120,25) Warning: (5043) Symbol "ShortHostToNet" is deprecated
D:\works\OburecGH\Lazarus\RecorderLnx\.\Core\uRecorderNetworkBinding.pas(2121,32) Warning: (5043) Symbol "HostToNet" is deprecated
D:\works\OburecGH\Lazarus\RecorderLnx\.\Core\uRecorderNetworkBinding.pas(2124,20) Hint: (5057) Local variable "lFds" does not seem to be initialized
D:\works\OburecGH\Lazarus\RecorderLnx\.\Core\uRecorderNetworkBinding.pas(9,22) Hint: (5023) Unit "ctypes" not used in uRecorderNetworkBinding
D:\works\OburecGH\Lazarus\RecorderLnx\.\SQLdb\uRecorderSqlDbManager.pas(30,27) Hint: (5024) Parameter "ASender" not used
D:\works\OburecGH\Lazarus\RecorderLnx\.\Core\uRecorder.pas(38,39) Hint: (5024) Parameter "Sender" not used
D:\works\OburecGH\Lazarus\RecorderLnx\.\Core\uRecorder.pas(36,35) Hint: (5024) Parameter "Sender" not used
(3104) Compiling D:\works\OburecGH\Lazarus\Tests\RecorderTests\UITestData\uRecorderUiTestData.pas
(3104) Compiling .\UI\uFormPagesDialog.pas
(3104) Compiling .\Components\Editor\uRcIconIds.pas
D:\works\OburecGH\Lazarus\RecorderLnx\.\UI\uFormPagesDialog.pas(49,32) Hint: (5024) Parameter "Sender" not used
D:\works\OburecGH\Lazarus\RecorderLnx\.\UI\uFormPagesDialog.pas(57,26) Hint: (5024) Parameter "Sender" not used
D:\works\OburecGH\Lazarus\RecorderLnx\.\UI\uFormPagesDialog.pas(57,43) Hint: (5024) Parameter "aCol" not used
D:\works\OburecGH\Lazarus\RecorderLnx\.\UI\uFormPagesDialog.pas(58,11) Hint: (5024) Parameter "CanSelect" not used
D:\works\OburecGH\Lazarus\RecorderLnx\.\UI\uFormPagesDialog.pas(54,30) Hint: (5024) Parameter "Sender" not used
D:\works\OburecGH\Lazarus\RecorderLnx\.\UI\uFormPagesDialog.pas(47,37) Hint: (5024) Parameter "Sender" not used
D:\works\OburecGH\Lazarus\RecorderLnx\.\UI\uFormPagesDialog.pas(48,36) Hint: (5024) Parameter "Sender" not used
D:\works\OburecGH\Lazarus\RecorderLnx\.\UI\uFormPagesDialog.pas(51,27) Hint: (5024) Parameter "Sender" not used
D:\works\OburecGH\Lazarus\RecorderLnx\.\UI\uFormPagesDialog.pas(45,32) Hint: (5024) Parameter "Sender" not used
D:\works\OburecGH\Lazarus\RecorderLnx\.\UI\uFormPagesDialog.pas(50,27) Hint: (5024) Parameter "Sender" not used
D:\works\OburecGH\Lazarus\RecorderLnx\.\UI\uFormPagesDialog.pas(53,27) Hint: (5024) Parameter "Sender" not used
D:\works\OburecGH\Lazarus\RecorderLnx\.\UI\uFormPagesDialog.pas(52,29) Hint: (5024) Parameter "Sender" not used
D:\works\OburecGH\Lazarus\RecorderLnx\.\UI\uFormPagesDialog.pas(46,29) Hint: (5024) Parameter "Sender" not used
(3104) Compiling .\Components\Editor\uFormEditorController.pas
(3104) Compiling .\Components\Oscillogram\uRecorderOglOscillogramView.pas
(3104) Compiling D:\works\OburecGH\Lazarus\SharedUtils\uSharedNumberFormat.pas
(3104) Compiling .\Components\Common\uRecorderVisualControl.pas
(3104) Compiling .\UI\uRecorderSvgRenderer.pas
(3104) Compiling .\Components\Oscillogram\uRecorderOglOscillogramView.pas
(3104) Compiling .\Core\uRecorderTagRefs.pas
(3104) Compiling .\Core\uRecorderFrequencyResponseModel.pas
(3104) Compiling .\Core\uRecorderFrequencyResponse.pas
D:\works\OburecGH\Lazarus\RecorderLnx\.\Core\uRecorderFrequencyResponseModel.pas(109,17) Warning: (3057) An inherited method is hidden by "constructor Create;"
D:\works\OburecGH\Lazarus\RecorderLnx\.\Components\Oscillogram\uRecorderOglOscillogramView.pas(122,32) Hint: (5024) Parameter "Sender" not used
D:\works\OburecGH\Lazarus\RecorderLnx\.\Components\Oscillogram\uRecorderOglOscillogramView.pas(851,29) Hint: (5091) Local variable "lTagColors" of a managed type does not seem to be initialized
D:\works\OburecGH\Lazarus\RecorderLnx\.\Components\Oscillogram\uRecorderOglOscillogramView.pas(139,36) Hint: (5024) Parameter "Sender" not used
D:\works\OburecGH\Lazarus\RecorderLnx\.\Components\Oscillogram\uRecorderOglOscillogramView.pas(139,53) Hint: (5024) Parameter "ACol" not used
D:\works\OburecGH\Lazarus\RecorderLnx\.\Components\Oscillogram\uRecorderOglOscillogramView.pas(1786,26) Warning: (4104) Implicit string type conversion from "AnsiString" to "UnicodeString"
D:\works\OburecGH\Lazarus\RecorderLnx\.\Components\Oscillogram\uRecorderOglOscillogramView.pas(1786,24) Warning: (4105) Implicit string type conversion with potential data loss from "UnicodeString" to "AnsiString"
D:\works\OburecGH\Lazarus\RecorderLnx\.\Components\Oscillogram\uRecorderOglOscillogramView.pas(1807,23) Warning: (4104) Implicit string type conversion from "AnsiString" to "UnicodeString"
D:\works\OburecGH\Lazarus\RecorderLnx\.\Components\Oscillogram\uRecorderOglOscillogramView.pas(1808,13) Warning: (4104) Implicit string type conversion from "AnsiString" to "UnicodeString"
D:\works\OburecGH\Lazarus\RecorderLnx\.\Components\Oscillogram\uRecorderOglOscillogramView.pas(1807,42) Warning: (4105) Implicit string type conversion with potential data loss from "UnicodeString" to "AnsiString"
D:\works\OburecGH\Lazarus\RecorderLnx\.\Components\Oscillogram\uRecorderOglOscillogramView.pas(129,52) Hint: (5024) Parameter "State" not used
D:\works\OburecGH\Lazarus\RecorderLnx\.\Components\Oscillogram\uRecorderOglOscillogramView.pas(154,34) Hint: (5024) Parameter "Sender" not used
D:\works\OburecGH\Lazarus\RecorderLnx\.\Components\Oscillogram\uRecorderOglOscillogramView.pas(156,30) Hint: (5024) Parameter "Sender" not used
D:\works\OburecGH\Lazarus\RecorderLnx\.\Components\Oscillogram\uRecorderOglOscillogramView.pas(158,30) Hint: (5024) Parameter "Sender" not used
D:\works\OburecGH\Lazarus\RecorderLnx\.\Components\Oscillogram\uRecorderOglOscillogramView.pas(159,28) Hint: (5024) Parameter "Sender" not used
D:\works\OburecGH\Lazarus\RecorderLnx\.\Components\Oscillogram\uRecorderOglOscillogramView.pas(2996,3) Note: (5027) Local variable "lAxis" is assigned but never used
D:\works\OburecGH\Lazarus\RecorderLnx\.\Components\Oscillogram\uRecorderOglOscillogramView.pas(246,32) Hint: (5024) Parameter "Sender" not used
D:\works\OburecGH\Lazarus\RecorderLnx\.\Components\Oscillogram\uRecorderOglOscillogramView.pas(23,19) Hint: (5023) Unit "uOglChartTypes" not used in uRecorderOglOscillogramView
(3104) Compiling .\Components\Trend\uRecorderTrendView.pas
(3104) Compiling D:\works\OburecGH\Lazarus\SharedUtils\uSharedAlgorithms.pas
D:\works\OburecGH\Lazarus\RecorderLnx\.\Components\Trend\uRecorderTrendView.pas(162,23) Hint: (5091) Local variable "lOglAxes" of a managed type does not seem to be initialized
D:\works\OburecGH\Lazarus\RecorderLnx\.\Components\Trend\uRecorderTrendView.pas(261,19) Hint: (5091) Local variable "lPages" of a managed type does not seem to be initialized
D:\works\OburecGH\Lazarus\RecorderLnx\.\Components\Trend\uRecorderTrendView.pas(151,3) Note: (5027) Local variable "lAxisCount" is assigned but never used
D:\works\OburecGH\Lazarus\RecorderLnx\.\Components\Trend\uRecorderTrendView.pas(62,32) Hint: (5024) Parameter "ALineIndex" not used
D:\works\OburecGH\Lazarus\RecorderLnx\.\Components\Trend\uRecorderTrendView.pas(68,27) Hint: (5024) Parameter "ALineIndex" not used
D:\works\OburecGH\Lazarus\RecorderLnx\.\Components\Trend\uRecorderTrendView.pas(611,3) Note: (5027) Local variable "lLagSec" is assigned but never used
D:\works\OburecGH\Lazarus\RecorderLnx\.\Components\Trend\uRecorderTrendView.pas(84,30) Hint: (5024) Parameter "ATagRegistry" not used
D:\works\OburecGH\Lazarus\RecorderLnx\.\Components\Trend\uRecorderTrendView.pas(84,66) Hint: (5024) Parameter "ADisplaySeconds" not used
D:\works\OburecGH\Lazarus\RecorderLnx\.\Components\Trend\uRecorderTrendView.pas(73,35) Hint: (5024) Parameter "Sender" not used
D:\works\OburecGH\Lazarus\RecorderLnx\.\Components\Trend\uRecorderTrendView.pas(18,19) Hint: (5023) Unit "uOglChartTypes" not used in uRecorderTrendView
(3104) Compiling .\Components\Spectrum\uRecorderSpectrumView.pas
(3104) Compiling D:\works\OburecGH\Lazarus\SharedUtils\uComponentServices.pas
(3104) Compiling D:\works\OburecGH\Lazarus\SharedUtils\uBaseClass.pas
(3104) Compiling D:\works\OburecGH\Lazarus\SharedUtils\uEventList.pas
(3104) Compiling D:\works\OburecGH\Lazarus\SharedUtils\uEventTypes.pas
D:\works\OburecGH\Lazarus\SharedUtils\uEventList.pas(164,97) Warning: (4110) range check error while evaluating constants (4096 must be between 0 and 255)
D:\works\OburecGH\Lazarus\SharedUtils\uBaseClass.pas(24,25) Hint: (5024) Parameter "ABaseObj" not used
D:\works\OburecGH\Lazarus\SharedUtils\uBaseClass.pas(24,46) Hint: (5024) Parameter "Root" not used
D:\works\OburecGH\Lazarus\SharedUtils\uBaseClass.pas(107,25) Hint: (5024) Parameter "ABaseObj" not used
D:\works\OburecGH\Lazarus\SharedUtils\uBaseClass.pas(107,46) Hint: (5024) Parameter "Root" not used
D:\works\OburecGH\Lazarus\SharedUtils\uBaseClass.pas(75,41) Hint: (5024) Parameter "AName" not used
D:\works\OburecGH\Lazarus\RecorderLnx\.\Components\Spectrum\uRecorderSpectrumView.pas(52,52) Hint: (5024) Parameter "ACol" not used
D:\works\OburecGH\Lazarus\RecorderLnx\.\Components\Spectrum\uRecorderSpectrumView.pas(53,7) Hint: (5024) Parameter "AState" not used
D:\works\OburecGH\Lazarus\RecorderLnx\.\Components\Spectrum\uRecorderSpectrumView.pas(54,32) Hint: (5024) Parameter "Sender" not used
D:\works\OburecGH\Lazarus\RecorderLnx\.\Components\Spectrum\uRecorderSpectrumView.pas(54,49) Hint: (5024) Parameter "ACol" not used
D:\works\OburecGH\Lazarus\RecorderLnx\.\Components\Spectrum\uRecorderSpectrumView.pas(79,30) Hint: (5024) Parameter "ATagRegistry" not used
D:\works\OburecGH\Lazarus\RecorderLnx\.\Components\Spectrum\uRecorderSpectrumView.pas(79,66) Hint: (5024) Parameter "ADisplaySeconds" not used
D:\works\OburecGH\Lazarus\RecorderLnx\.\Components\Spectrum\uRecorderSpectrumView.pas(49,30) Hint: (5024) Parameter "Sender" not used
D:\works\OburecGH\Lazarus\RecorderLnx\.\Components\Spectrum\uRecorderSpectrumView.pas(49,47) Hint: (5024) Parameter "Shift" not used
D:\works\OburecGH\Lazarus\RecorderLnx\.\Components\Spectrum\uRecorderSpectrumView.pas(50,32) Hint: (5024) Parameter "Sender" not used
D:\works\OburecGH\Lazarus\RecorderLnx\.\Components\Spectrum\uRecorderSpectrumView.pas(50,49) Hint: (5024) Parameter "ARenderTimeMs" not used
D:\works\OburecGH\Lazarus\RecorderLnx\.\Components\Spectrum\uRecorderSpectrumView.pas(51,34) Hint: (5024) Parameter "Sender" not used
D:\works\OburecGH\Lazarus\RecorderLnx\.\Components\Spectrum\uRecorderSpectrumView.pas(51,51) Hint: (5024) Parameter "ACursor" not used
D:\works\OburecGH\Lazarus\RecorderLnx\.\Components\Spectrum\uRecorderSpectrumView.pas(48,27) Hint: (5024) Parameter "ASender" not used
(3104) Compiling .\Components\Lissajous\uRecorderLissajousView.pas
(3104) Compiling .\Core\uRecorderLissajousMath.pas
(3104) Compiling D:\works\OburecGH\Lazarus\SharedUtils\math\u2DMath.pas
D:\works\OburecGH\Lazarus\SharedUtils\math\u2DMath.pas(190,43) Hint: (5057) Local variable "roots" does not seem to be initialized
D:\works\OburecGH\Lazarus\SharedUtils\math\u2DMath.pas(337,14) Hint: (5091) Local variable "a" of a managed type does not seem to be initialized
D:\works\OburecGH\Lazarus\SharedUtils\math\u2DMath.pas(338,14) Hint: (5091) Local variable "b" of a managed type does not seem to be initialized
D:\works\OburecGH\Lazarus\SharedUtils\math\u2DMath.pas(695,20) Hint: (5058) Variable "Diameter" does not seem to be initialized
D:\works\OburecGH\Lazarus\SharedUtils\math\u2DMath.pas(709,20) Hint: (5058) Variable "Diameter" does not seem to be initialized
D:\works\OburecGH\Lazarus\RecorderLnx\.\Core\uRecorderLissajousMath.pas(64,20) Hint: (5091) Local variable "lPoints" of a managed type does not seem to be initialized
D:\works\OburecGH\Lazarus\RecorderLnx\.\Components\Lissajous\uRecorderLissajousView.pas(50,32) Hint: (5024) Parameter "Sender" not used
D:\works\OburecGH\Lazarus\RecorderLnx\.\Components\Lissajous\uRecorderLissajousView.pas(50,49) Hint: (5024) Parameter "ARenderTimeMs" not used
D:\works\OburecGH\Lazarus\RecorderLnx\.\Components\Lissajous\uRecorderLissajousView.pas(51,33) Hint: (5024) Parameter "Sender" not used
D:\works\OburecGH\Lazarus\RecorderLnx\.\Components\Lissajous\uRecorderLissajousView.pas(49,29) Hint: (5024) Parameter "Sender" not used
D:\works\OburecGH\Lazarus\RecorderLnx\.\Components\Lissajous\uRecorderLissajousView.pas(60,7) Hint: (5024) Parameter "ADisplaySeconds" not used
(3104) Compiling .\Components\Donut\uRecorderDonutView.pas
D:\works\OburecGH\Lazarus\RecorderLnx\.\Components\Donut\uRecorderDonutView.pas(22,32) Hint: (5024) Parameter "Sender" not used
D:\works\OburecGH\Lazarus\RecorderLnx\.\Components\Donut\uRecorderDonutView.pas(24,32) Hint: (5024) Parameter "Sender" not used
D:\works\OburecGH\Lazarus\RecorderLnx\.\Components\Donut\uRecorderDonutView.pas(26,30) Hint: (5024) Parameter "Sender" not used
D:\works\OburecGH\Lazarus\RecorderLnx\.\Components\Donut\uRecorderDonutView.pas(20,25) Hint: (5024) Parameter "Sender" not used
(3104) Compiling .\UI\uRecorderSvgParameters.pas
D:\works\OburecGH\Lazarus\RecorderLnx\.\UI\uRecorderSvgParameters.pas(48,21) Hint: (5091) Local variable "lBytes" of a managed type does not seem to be initialized
D:\works\OburecGH\Lazarus\RecorderLnx\.\Components\Common\uRecorderVisualControl.pas(300,3) Note: (5025) Local variable "I" not used
D:\works\OburecGH\Lazarus\RecorderLnx\.\Components\Common\uRecorderVisualControl.pas(109,26) Hint: (5024) Parameter "Sender" not used
D:\works\OburecGH\Lazarus\RecorderLnx\.\Components\Common\uRecorderVisualControl.pas(108,27) Hint: (5024) Parameter "Sender" not used
D:\works\OburecGH\Lazarus\RecorderLnx\.\Components\Common\uRecorderVisualControl.pas(115,7) Hint: (5024) Parameter "ADisplaySeconds" not used
D:\works\OburecGH\Lazarus\RecorderLnx\.\Components\Common\uRecorderVisualControl.pas(82,27) Hint: (5024) Parameter "Sender" not used
D:\works\OburecGH\Lazarus\RecorderLnx\.\Components\Common\uRecorderVisualControl.pas(83,31) Hint: (5024) Parameter "Sender" not used
D:\works\OburecGH\Lazarus\RecorderLnx\.\Components\Common\uRecorderVisualControl.pas(84,7) Hint: (5024) Parameter "Shift" not used
D:\works\OburecGH\Lazarus\RecorderLnx\.\Components\Common\uRecorderVisualControl.pas(84,27) Hint: (5024) Parameter "X" not used
D:\works\OburecGH\Lazarus\RecorderLnx\.\Components\Common\uRecorderVisualControl.pas(84,30) Hint: (5024) Parameter "Y" not used
D:\works\OburecGH\Lazarus\RecorderLnx\.\Components\Common\uRecorderVisualControl.pas(85,29) Hint: (5024) Parameter "Sender" not used
D:\works\OburecGH\Lazarus\RecorderLnx\.\Components\Common\uRecorderVisualControl.pas(86,7) Hint: (5024) Parameter "Shift" not used
D:\works\OburecGH\Lazarus\RecorderLnx\.\Components\Common\uRecorderVisualControl.pas(86,27) Hint: (5024) Parameter "X" not used
D:\works\OburecGH\Lazarus\RecorderLnx\.\Components\Common\uRecorderVisualControl.pas(86,30) Hint: (5024) Parameter "Y" not used
D:\works\OburecGH\Lazarus\RecorderLnx\.\Components\Common\uRecorderVisualControl.pas(87,31) Hint: (5024) Parameter "Sender" not used
D:\works\OburecGH\Lazarus\RecorderLnx\.\Components\Common\uRecorderVisualControl.pas(95,66) Hint: (5024) Parameter "ADisplaySeconds" not used
D:\works\OburecGH\Lazarus\RecorderLnx\.\Components\Common\uRecorderVisualControl.pas(62,63) Hint: (5024) Parameter "ATagRegistry" not used
D:\works\OburecGH\Lazarus\RecorderLnx\.\Components\Common\uRecorderVisualControl.pas(63,30) Hint: (5024) Parameter "ATagRegistry" not used
D:\works\OburecGH\Lazarus\RecorderLnx\.\Components\Common\uRecorderVisualControl.pas(63,66) Hint: (5024) Parameter "ADisplaySeconds" not used
D:\works\OburecGH\Lazarus\RecorderLnx\.\Components\Common\uRecorderVisualControl.pas(136,66) Hint: (5024) Parameter "ADisplaySeconds" not used
D:\works\OburecGH\Lazarus\RecorderLnx\.\Components\Common\uRecorderVisualControl.pas(154,33) Hint: (5024) Parameter "Sender" not used
D:\works\OburecGH\Lazarus\RecorderLnx\.\Components\Common\uRecorderVisualControl.pas(155,29) Hint: (5024) Parameter "Sender" not used
D:\works\OburecGH\Lazarus\RecorderLnx\.\Components\Common\uRecorderVisualControl.pas(156,29) Hint: (5024) Parameter "Sender" not used
D:\works\OburecGH\Lazarus\RecorderLnx\.\Components\Common\uRecorderVisualControl.pas(157,25) Hint: (5024) Parameter "Sender" not used
D:\works\OburecGH\Lazarus\RecorderLnx\.\Components\Common\uRecorderVisualControl.pas(1070,49) Hint: (5091) Local variable "lFrame" of a managed type does not seem to be initialized
D:\works\OburecGH\Lazarus\RecorderLnx\.\Components\Common\uRecorderVisualControl.pas(167,7) Hint: (5024) Parameter "ADisplaySeconds" not used
D:\works\OburecGH\Lazarus\RecorderLnx\.\Components\Common\uRecorderVisualControl.pas(1264,8) Hint: (4055) Conversion between ordinals and pointers is not portable
D:\works\OburecGH\Lazarus\RecorderLnx\.\Components\Common\uRecorderVisualControl.pas(1278,32) Hint: (4055) Conversion between ordinals and pointers is not portable
D:\works\OburecGH\Lazarus\RecorderLnx\.\Components\Common\uRecorderVisualControl.pas(1303,40) Hint: (5057) Local variable "lBits" does not seem to be initialized
D:\works\OburecGH\Lazarus\RecorderLnx\.\Components\Common\uRecorderVisualControl.pas(219,7) Hint: (5024) Parameter "ADisplaySeconds" not used
D:\works\OburecGH\Lazarus\RecorderLnx\.\Components\Common\uRecorderVisualControl.pas(228,3) Hint: (5023) Unit "uOglChartTrend" not used in uRecorderVisualControl
(3104) Compiling .\Components\Editor\uComponentSettingsDialog.pas
(3104) Compiling .\Components\Trend\uRecorderTrendSettingsDialog.pas
(3104) Compiling .\Components\Common\uRecorderColorSwatch.pas
D:\works\OburecGH\Lazarus\RecorderLnx\.\Components\Common\uRecorderColorSwatch.pas(21,30) Hint: (5024) Parameter "Sender" not used
D:\works\OburecGH\Lazarus\RecorderLnx\.\Components\Trend\uRecorderTrendSettingsDialog.pas(117,84) Warning: (4104) Implicit string type conversion from "AnsiString" to "UnicodeString"
D:\works\OburecGH\Lazarus\RecorderLnx\.\Components\Trend\uRecorderTrendSettingsDialog.pas(117,89) Warning: (4105) Implicit string type conversion with potential data loss from "UnicodeString" to "TTranslateString"
D:\works\OburecGH\Lazarus\RecorderLnx\.\Components\Trend\uRecorderTrendSettingsDialog.pas(141,54) Warning: (5043) Symbol "DecimalSeparator" is deprecated
D:\works\OburecGH\Lazarus\RecorderLnx\.\Components\Trend\uRecorderTrendSettingsDialog.pas(142,54) Warning: (5043) Symbol "DecimalSeparator" is deprecated
D:\works\OburecGH\Lazarus\RecorderLnx\.\Components\Trend\uRecorderTrendSettingsDialog.pas(72,35) Hint: (5024) Parameter "Sender" not used
D:\works\OburecGH\Lazarus\RecorderLnx\.\Components\Trend\uRecorderTrendSettingsDialog.pas(71,30) Hint: (5024) Parameter "Sender" not used
D:\works\OburecGH\Lazarus\RecorderLnx\.\Components\Trend\uRecorderTrendSettingsDialog.pas(65,35) Hint: (5024) Parameter "Sender" not used
D:\works\OburecGH\Lazarus\RecorderLnx\.\Components\Trend\uRecorderTrendSettingsDialog.pas(66,33) Hint: (5024) Parameter "Sender" not used
D:\works\OburecGH\Lazarus\RecorderLnx\.\Components\Trend\uRecorderTrendSettingsDialog.pas(64,28) Hint: (5024) Parameter "Sender" not used
D:\works\OburecGH\Lazarus\RecorderLnx\.\Components\Trend\uRecorderTrendSettingsDialog.pas(69,31) Hint: (5024) Parameter "Sender" not used
D:\works\OburecGH\Lazarus\RecorderLnx\.\Components\Trend\uRecorderTrendSettingsDialog.pas(63,28) Hint: (5024) Parameter "Sender" not used
D:\works\OburecGH\Lazarus\RecorderLnx\.\Components\Trend\uRecorderTrendSettingsDialog.pas(68,31) Hint: (5024) Parameter "Sender" not used
D:\works\OburecGH\Lazarus\RecorderLnx\.\Components\Trend\uRecorderTrendSettingsDialog.pas(76,29) Hint: (5024) Parameter "Sender" not used
(3104) Compiling .\Components\Spectrum\uRecorderSpectrumSettingsDialog.pas
D:\works\OburecGH\Lazarus\RecorderLnx\.\Components\Spectrum\uRecorderSpectrumSettingsDialog.pas(103,92) Warning: (4104) Implicit string type conversion from "AnsiString" to "UnicodeString"
D:\works\OburecGH\Lazarus\RecorderLnx\.\Components\Spectrum\uRecorderSpectrumSettingsDialog.pas(103,97) Warning: (4105) Implicit string type conversion with potential data loss from "UnicodeString" to "TTranslateString"
D:\works\OburecGH\Lazarus\RecorderLnx\.\Components\Spectrum\uRecorderSpectrumSettingsDialog.pas(128,54) Warning: (5043) Symbol "DecimalSeparator" is deprecated
D:\works\OburecGH\Lazarus\RecorderLnx\.\Components\Spectrum\uRecorderSpectrumSettingsDialog.pas(129,54) Warning: (5043) Symbol "DecimalSeparator" is deprecated
D:\works\OburecGH\Lazarus\RecorderLnx\.\Components\Spectrum\uRecorderSpectrumSettingsDialog.pas(57,29) Hint: (5024) Parameter "Sender" not used
D:\works\OburecGH\Lazarus\RecorderLnx\.\Components\Spectrum\uRecorderSpectrumSettingsDialog.pas(64,32) Hint: (5024) Parameter "Sender" not used
D:\works\OburecGH\Lazarus\RecorderLnx\.\Components\Spectrum\uRecorderSpectrumSettingsDialog.pas(65,30) Hint: (5024) Parameter "Sender" not used
D:\works\OburecGH\Lazarus\RecorderLnx\.\Components\Spectrum\uRecorderSpectrumSettingsDialog.pas(66,33) Hint: (5024) Parameter "Sender" not used
D:\works\OburecGH\Lazarus\RecorderLnx\.\Components\Spectrum\uRecorderSpectrumSettingsDialog.pas(67,37) Hint: (5024) Parameter "Sender" not used
D:\works\OburecGH\Lazarus\RecorderLnx\.\Components\Spectrum\uRecorderSpectrumSettingsDialog.pas(68,32) Hint: (5024) Parameter "Sender" not used
(3104) Compiling .\Components\Donut\uRecorderDonutSettingsDialog.pas
D:\works\OburecGH\Lazarus\RecorderLnx\.\Components\Donut\uRecorderDonutSettingsDialog.pas(40,27) Hint: (5024) Parameter "Sender" not used
D:\works\OburecGH\Lazarus\RecorderLnx\.\Components\Donut\uRecorderDonutSettingsDialog.pas(36,31) Hint: (5024) Parameter "Sender" not used
D:\works\OburecGH\Lazarus\RecorderLnx\.\Components\Donut\uRecorderDonutSettingsDialog.pas(37,22) Hint: (5024) Parameter "Sender" not used
D:\works\OburecGH\Lazarus\RecorderLnx\.\Components\Donut\uRecorderDonutSettingsDialog.pas(38,25) Hint: (5024) Parameter "Sender" not used
D:\works\OburecGH\Lazarus\RecorderLnx\.\Components\Donut\uRecorderDonutSettingsDialog.pas(253,23) Warning: (5043) Symbol "DecimalSeparator" is deprecated
D:\works\OburecGH\Lazarus\RecorderLnx\.\Components\Donut\uRecorderDonutSettingsDialog.pas(255,23) Warning: (5043) Symbol "DecimalSeparator" is deprecated
D:\works\OburecGH\Lazarus\RecorderLnx\.\Components\Donut\uRecorderDonutSettingsDialog.pas(39,29) Hint: (5024) Parameter "Sender" not used
(3104) Compiling .\Components\Oscillogram\uRecorderOscillogramSettingsDialog.pas
D:\works\OburecGH\Lazarus\RecorderLnx\.\Components\Oscillogram\uRecorderOscillogramSettingsDialog.pas(14,22) Warning: (2005) Comment level 2 found
D:\works\OburecGH\Lazarus\RecorderLnx\.\Components\Oscillogram\uRecorderOscillogramSettingsDialog.pas(123,77) Warning: (4104) Implicit string type conversion from "AnsiString" to "UnicodeString"
D:\works\OburecGH\Lazarus\RecorderLnx\.\Components\Oscillogram\uRecorderOscillogramSettingsDialog.pas(124,3) Warning: (4105) Implicit string type conversion with potential data loss from "UnicodeString" to "TTranslateString"
D:\works\OburecGH\Lazarus\RecorderLnx\.\Components\Oscillogram\uRecorderOscillogramSettingsDialog.pas(125,79) Warning: (4104) Implicit string type conversion from "AnsiString" to "UnicodeString"
D:\works\OburecGH\Lazarus\RecorderLnx\.\Components\Oscillogram\uRecorderOscillogramSettingsDialog.pas(125,84) Warning: (4105) Implicit string type conversion with potential data loss from "UnicodeString" to "TTranslateString"
D:\works\OburecGH\Lazarus\RecorderLnx\.\Components\Oscillogram\uRecorderOscillogramSettingsDialog.pas(72,31) Hint: (5024) Parameter "Sender" not used
D:\works\OburecGH\Lazarus\RecorderLnx\.\Components\Oscillogram\uRecorderOscillogramSettingsDialog.pas(73,28) Hint: (5024) Parameter "Sender" not used
D:\works\OburecGH\Lazarus\RecorderLnx\.\Components\Oscillogram\uRecorderOscillogramSettingsDialog.pas(81,29) Hint: (5024) Parameter "Sender" not used
D:\works\OburecGH\Lazarus\RecorderLnx\.\Components\Oscillogram\uRecorderOscillogramSettingsDialog.pas(66,28) Hint: (5024) Parameter "Sender" not used
D:\works\OburecGH\Lazarus\RecorderLnx\.\Components\Oscillogram\uRecorderOscillogramSettingsDialog.pas(69,31) Hint: (5024) Parameter "Sender" not used
D:\works\OburecGH\Lazarus\RecorderLnx\.\Components\Oscillogram\uRecorderOscillogramSettingsDialog.pas(71,35) Hint: (5024) Parameter "Sender" not used
D:\works\OburecGH\Lazarus\RecorderLnx\.\Components\Oscillogram\uRecorderOscillogramSettingsDialog.pas(83,35) Hint: (5024) Parameter "Sender" not used
D:\works\OburecGH\Lazarus\RecorderLnx\.\Components\Oscillogram\uRecorderOscillogramSettingsDialog.pas(82,32) Hint: (5024) Parameter "Sender" not used
D:\works\OburecGH\Lazarus\RecorderLnx\.\Components\Oscillogram\uRecorderOscillogramSettingsDialog.pas(67,38) Hint: (5024) Parameter "Sender" not used
(3104) Compiling .\Components\Standard\uRecorderImageSettingsDialog.pas
D:\works\OburecGH\Lazarus\RecorderLnx\.\Components\Standard\uRecorderImageSettingsDialog.pas(179,67) Warning: (4104) Implicit string type conversion from "AnsiString" to "UnicodeString"
D:\works\OburecGH\Lazarus\RecorderLnx\.\Components\Standard\uRecorderImageSettingsDialog.pas(179,72) Warning: (4105) Implicit string type conversion with potential data loss from "UnicodeString" to "TTranslateString"
D:\works\OburecGH\Lazarus\RecorderLnx\.\Components\Standard\uRecorderImageSettingsDialog.pas(77,39) Hint: (5024) Parameter "Sender" not used
D:\works\OburecGH\Lazarus\RecorderLnx\.\Components\Standard\uRecorderImageSettingsDialog.pas(91,35) Hint: (5024) Parameter "Sender" not used
D:\works\OburecGH\Lazarus\RecorderLnx\.\Components\Standard\uRecorderImageSettingsDialog.pas(92,30) Hint: (5024) Parameter "Sender" not used
D:\works\OburecGH\Lazarus\RecorderLnx\.\Components\Standard\uRecorderImageSettingsDialog.pas(67,30) Hint: (5024) Parameter "Sender" not used
D:\works\OburecGH\Lazarus\RecorderLnx\.\Components\Standard\uRecorderImageSettingsDialog.pas(69,33) Hint: (5024) Parameter "Sender" not used
D:\works\OburecGH\Lazarus\RecorderLnx\.\Components\Standard\uRecorderImageSettingsDialog.pas(73,38) Hint: (5024) Parameter "Sender" not used
D:\works\OburecGH\Lazarus\RecorderLnx\.\Components\Standard\uRecorderImageSettingsDialog.pas(73,55) Hint: (5024) Parameter "aCol" not used
D:\works\OburecGH\Lazarus\RecorderLnx\.\Components\Standard\uRecorderImageSettingsDialog.pas(75,40) Hint: (5024) Parameter "Sender" not used
D:\works\OburecGH\Lazarus\RecorderLnx\.\Components\Standard\uRecorderImageSettingsDialog.pas(86,36) Hint: (5024) Parameter "Sender" not used
D:\works\OburecGH\Lazarus\RecorderLnx\.\Components\Standard\uRecorderImageSettingsDialog.pas(86,53) Hint: (5024) Parameter "Shift" not used
D:\works\OburecGH\Lazarus\RecorderLnx\.\Components\Standard\uRecorderImageSettingsDialog.pas(87,28) Hint: (5024) Parameter "MousePos" not used
D:\works\OburecGH\Lazarus\RecorderLnx\.\Components\Standard\uRecorderImageSettingsDialog.pas(79,37) Hint: (5024) Parameter "Sender" not used
D:\works\OburecGH\Lazarus\RecorderLnx\.\Components\Standard\uRecorderImageSettingsDialog.pas(78,40) Hint: (5024) Parameter "Sender" not used
D:\works\OburecGH\Lazarus\RecorderLnx\.\Components\Standard\uRecorderImageSettingsDialog.pas(80,38) Hint: (5024) Parameter "Sender" not used
D:\works\OburecGH\Lazarus\RecorderLnx\.\Components\Standard\uRecorderImageSettingsDialog.pas(81,37) Hint: (5024) Parameter "Sender" not used
D:\works\OburecGH\Lazarus\RecorderLnx\.\Components\Standard\uRecorderImageSettingsDialog.pas(82,39) Hint: (5024) Parameter "Sender" not used
D:\works\OburecGH\Lazarus\RecorderLnx\.\Components\Standard\uRecorderImageSettingsDialog.pas(88,37) Hint: (5024) Parameter "Sender" not used
D:\works\OburecGH\Lazarus\RecorderLnx\.\Components\Standard\uRecorderImageSettingsDialog.pas(84,40) Hint: (5024) Parameter "Sender" not used
D:\works\OburecGH\Lazarus\RecorderLnx\.\Components\Standard\uRecorderImageSettingsDialog.pas(85,40) Hint: (5024) Parameter "Sender" not used
D:\works\OburecGH\Lazarus\RecorderLnx\.\Components\Standard\uRecorderImageSettingsDialog.pas(68,33) Hint: (5024) Parameter "Sender" not used
D:\works\OburecGH\Lazarus\RecorderLnx\.\Components\Standard\uRecorderImageSettingsDialog.pas(70,34) Hint: (5024) Parameter "Sender" not used
D:\works\OburecGH\Lazarus\RecorderLnx\.\Components\Standard\uRecorderImageSettingsDialog.pas(71,34) Hint: (5024) Parameter "Sender" not used
D:\works\OburecGH\Lazarus\RecorderLnx\.\Components\Standard\uRecorderImageSettingsDialog.pas(72,21) Hint: (5024) Parameter "aState" not used
D:\works\OburecGH\Lazarus\RecorderLnx\.\Components\Standard\uRecorderImageSettingsDialog.pas(90,29) Hint: (5024) Parameter "Sender" not used
(3104) Compiling .\Components\Standard\uRecorderButtonSettingsDialog.pas
D:\works\OburecGH\Lazarus\RecorderLnx\.\Components\Standard\uRecorderButtonSettingsDialog.pas(38,36) Hint: (5024) Parameter "Sender" not used
D:\works\OburecGH\Lazarus\RecorderLnx\.\Components\Standard\uRecorderButtonSettingsDialog.pas(39,37) Hint: (5024) Parameter "Sender" not used
D:\works\OburecGH\Lazarus\RecorderLnx\.\Components\Standard\uRecorderButtonSettingsDialog.pas(40,32) Hint: (5024) Parameter "Sender" not used
D:\works\OburecGH\Lazarus\RecorderLnx\.\Components\Standard\uRecorderButtonSettingsDialog.pas(41,33) Hint: (5024) Parameter "Sender" not used
D:\works\OburecGH\Lazarus\RecorderLnx\.\Components\Standard\uRecorderButtonSettingsDialog.pas(37,26) Hint: (5024) Parameter "Sender" not used
(3104) Compiling .\Components\SqlTrend\uRecorderSqlTrendModel.pas
(3104) Compiling .\Components\SqlTrend\uRecorderSqlTrendSettingsDialog.pas
D:\works\OburecGH\Lazarus\RecorderLnx\.\Components\SqlTrend\uRecorderSqlTrendSettingsDialog.pas(64,40) Hint: (5024) Parameter "Sender" not used
D:\works\OburecGH\Lazarus\RecorderLnx\.\Components\SqlTrend\uRecorderSqlTrendSettingsDialog.pas(64,62) Hint: (5024) Parameter "User" not used
D:\works\OburecGH\Lazarus\RecorderLnx\.\Components\SqlTrend\uRecorderSqlTrendSettingsDialog.pas(73,40) Hint: (5024) Parameter "Sender" not used
D:\works\OburecGH\Lazarus\RecorderLnx\.\Components\SqlTrend\uRecorderSqlTrendSettingsDialog.pas(73,62) Hint: (5024) Parameter "User" not used
D:\works\OburecGH\Lazarus\RecorderLnx\.\Components\SqlTrend\uRecorderSqlTrendSettingsDialog.pas(74,37) Hint: (5024) Parameter "Sender" not used
D:\works\OburecGH\Lazarus\RecorderLnx\.\Components\SqlTrend\uRecorderSqlTrendSettingsDialog.pas(75,37) Hint: (5024) Parameter "Sender" not used
D:\works\OburecGH\Lazarus\RecorderLnx\.\Components\SqlTrend\uRecorderSqlTrendSettingsDialog.pas(76,35) Hint: (5024) Parameter "Sender" not used
D:\works\OburecGH\Lazarus\RecorderLnx\.\Components\SqlTrend\uRecorderSqlTrendSettingsDialog.pas(77,38) Hint: (5024) Parameter "Sender" not used
D:\works\OburecGH\Lazarus\RecorderLnx\.\Components\SqlTrend\uRecorderSqlTrendSettingsDialog.pas(79,42) Hint: (5024) Parameter "Sender" not used
D:\works\OburecGH\Lazarus\RecorderLnx\.\Components\SqlTrend\uRecorderSqlTrendSettingsDialog.pas(80,35) Hint: (5024) Parameter "Sender" not used
D:\works\OburecGH\Lazarus\RecorderLnx\.\Components\SqlTrend\uRecorderSqlTrendSettingsDialog.pas(65,36) Hint: (5024) Parameter "Sender" not used
D:\works\OburecGH\Lazarus\RecorderLnx\.\Components\SqlTrend\uRecorderSqlTrendSettingsDialog.pas(68,39) Hint: (5024) Parameter "Sender" not used
D:\works\OburecGH\Lazarus\RecorderLnx\.\Components\SqlTrend\uRecorderSqlTrendSettingsDialog.pas(71,40) Hint: (5024) Parameter "Sender" not used
D:\works\OburecGH\Lazarus\RecorderLnx\.\Components\SqlTrend\uRecorderSqlTrendSettingsDialog.pas(69,45) Hint: (5024) Parameter "Sender" not used
D:\works\OburecGH\Lazarus\RecorderLnx\.\Components\SqlTrend\uRecorderSqlTrendSettingsDialog.pas(81,39) Hint: (5024) Parameter "Sender" not used
D:\works\OburecGH\Lazarus\RecorderLnx\.\Components\SqlTrend\uRecorderSqlTrendSettingsDialog.pas(66,36) Hint: (5024) Parameter "Sender" not used
D:\works\OburecGH\Lazarus\RecorderLnx\.\Components\SqlTrend\uRecorderSqlTrendSettingsDialog.pas(84,41) Hint: (5024) Parameter "Sender" not used
D:\works\OburecGH\Lazarus\RecorderLnx\.\Components\SqlTrend\uRecorderSqlTrendSettingsDialog.pas(83,37) Hint: (5024) Parameter "Sender" not used
D:\works\OburecGH\Lazarus\RecorderLnx\.\Components\SqlTrend\uRecorderSqlTrendSettingsDialog.pas(70,39) Hint: (5024) Parameter "Sender" not used
D:\works\OburecGH\Lazarus\RecorderLnx\.\Components\SqlTrend\uRecorderSqlTrendSettingsDialog.pas(67,34) Hint: (5024) Parameter "Sender" not used
D:\works\OburecGH\Lazarus\RecorderLnx\.\Components\SqlTrend\uRecorderSqlTrendSettingsDialog.pas(87,36) Hint: (5024) Parameter "Sender" not used
D:\works\OburecGH\Lazarus\RecorderLnx\.\Components\SqlTrend\uRecorderSqlTrendSettingsDialog.pas(86,34) Hint: (5024) Parameter "Sender" not used
D:\works\OburecGH\Lazarus\RecorderLnx\.\Components\SqlTrend\uRecorderSqlTrendSettingsDialog.pas(82,39) Hint: (5024) Parameter "Sender" not used
D:\works\OburecGH\Lazarus\RecorderLnx\.\Components\SqlTrend\uRecorderSqlTrendSettingsDialog.pas(85,42) Hint: (5024) Parameter "Sender" not used
D:\works\OburecGH\Lazarus\RecorderLnx\.\Components\SqlTrend\uRecorderSqlTrendSettingsDialog.pas(72,31) Hint: (5024) Parameter "Sender" not used
(3104) Compiling .\Core\uRecorderMeasurementSectionModel.pas
D:\works\OburecGH\Lazarus\RecorderLnx\.\Core\uRecorderMeasurementSectionModel.pas(220,6) Warning: (4104) Implicit string type conversion from "AnsiString" to "UnicodeString"
(3104) Compiling .\Components\MeasurementSection\uRecorderMeasurementSectionSettingsDialog.pas
(3104) Compiling D:\works\OburecGH\Lazarus\third_party\fpspreadsheet\fpspreadsheet.pas
(3104) Compiling D:\works\OburecGH\Lazarus\third_party\fpspreadsheet\fpstypes.pas
(3104) Compiling D:\works\OburecGH\Lazarus\third_party\fpspreadsheet\fpsclasses.pas
(3104) Compiling D:\works\OburecGH\Lazarus\third_party\fpspreadsheet\fpsutils.pas
(3104) Compiling D:\works\OburecGH\Lazarus\third_party\fpspreadsheet\fpsstrings.pas
(1010) Writing Resource String Table file: fpsstrings.rsj
D:\works\OburecGH\Lazarus\third_party\fpspreadsheet\fpsutils.pas(1897,35) Hint: (4081) Converting the operands to "Int64" before doing the multiply could prevent overflow errors.
D:\works\OburecGH\Lazarus\third_party\fpspreadsheet\fpsutils.pas(1898,35) Hint: (4081) Converting the operands to "Int64" before doing the multiply could prevent overflow errors.
D:\works\OburecGH\Lazarus\third_party\fpspreadsheet\fpsutils.pas(1906,51) Hint: (4080) Converting the operands to "Int64" before doing the subtract could prevent overflow errors.
D:\works\OburecGH\Lazarus\third_party\fpspreadsheet\fpsutils.pas(1908,50) Hint: (4080) Converting the operands to "Int64" before doing the subtract could prevent overflow errors.
D:\works\OburecGH\Lazarus\third_party\fpspreadsheet\fpsutils.pas(1909,50) Hint: (4080) Converting the operands to "Int64" before doing the subtract could prevent overflow errors.
(3104) Compiling D:\works\OburecGH\Lazarus\third_party\fpspreadsheet\fpsnumformat.pas
(3104) Compiling D:\works\OburecGH\Lazarus\third_party\fpspreadsheet\fpsnumformatparser.pas
(3104) Compiling D:\works\OburecGH\Lazarus\third_party\fpspreadsheet\fpscurrency.pas
D:\works\OburecGH\Lazarus\third_party\fpspreadsheet\fpsnumformat.pas(2065,26) Hint: (5091) Local variable "newSections" of a managed type does not seem to be initialized
(3104) Compiling D:\works\OburecGH\Lazarus\third_party\fpspreadsheet\uvirtuallayer_ole.pas
(3104) Compiling D:\works\OburecGH\Lazarus\third_party\fpspreadsheet\uvirtuallayer_types.pas
D:\works\OburecGH\Lazarus\third_party\fpspreadsheet\uvirtuallayer_types.pas(77,29) Hint: (5024) Parameter "Ascending" not used
D:\works\OburecGH\Lazarus\third_party\fpspreadsheet\uvirtuallayer_types.pas(77,64) Hint: (5024) Parameter "FoldersFirst" not used
(3104) Compiling D:\works\OburecGH\Lazarus\third_party\fpspreadsheet\uvirtuallayer.pas
(3104) Compiling D:\works\OburecGH\Lazarus\third_party\fpspreadsheet\uvirtuallayer_stream.pas
(3104) Compiling D:\works\OburecGH\Lazarus\third_party\fpspreadsheet\uvirtuallayer.pas
D:\works\OburecGH\Lazarus\third_party\fpspreadsheet\uvirtuallayer.pas(123,22) Hint: (5091) Local variable "Chunk" of a managed type does not seem to be initialized
D:\works\OburecGH\Lazarus\third_party\fpspreadsheet\uvirtuallayer.pas(906,17) Hint: (4055) Conversion between ordinals and pointers is not portable
D:\works\OburecGH\Lazarus\third_party\fpspreadsheet\uvirtuallayer.pas(929,17) Hint: (4055) Conversion between ordinals and pointers is not portable
(3104) Compiling D:\works\OburecGH\Lazarus\third_party\fpspreadsheet\uvirtuallayer_ole_helpers.pas
(3104) Compiling D:\works\OburecGH\Lazarus\third_party\fpspreadsheet\uvirtuallayer_ole_types.pas
D:\works\OburecGH\Lazarus\third_party\fpspreadsheet\uvirtuallayer_ole_helpers.pas(148,5) Note: (6058) Call to subroutine "procedure TFATIndirect.WriteSector(const ASector:LongWord;const ABuffer:Pointer);" marked as inline is not inlined
D:\works\OburecGH\Lazarus\third_party\fpspreadsheet\uvirtuallayer_ole_helpers.pas(279,13) Note: (6058) Call to subroutine "function TFATIndirect.IsReservedValue(const ASectorValue:LongWord):Boolean;" marked as inline is not inlined
D:\works\OburecGH\Lazarus\third_party\fpspreadsheet\uvirtuallayer_ole_helpers.pas(390,13) Note: (6058) Call to subroutine "function TFATIndirect.IsReservedValue(const ASectorValue:LongWord):Boolean;" marked as inline is not inlined
D:\works\OburecGH\Lazarus\third_party\fpspreadsheet\uvirtuallayer_ole_helpers.pas(590,9) Note: (6058) Call to subroutine "procedure TFATIndirect.WriteFATEntryValue(const AFATEntryIndex:QWord;const ALinkTo:LongWord);" marked as inline is not inlined
D:\works\OburecGH\Lazarus\third_party\fpspreadsheet\uvirtuallayer_ole_helpers.pas(613,11) Note: (6058) Call to subroutine "procedure TFATIndirect.WriteFATEntryValue(const AFATEntryIndex:QWord;const ALinkTo:LongWord);" marked as inline is not inlined
D:\works\OburecGH\Lazarus\third_party\fpspreadsheet\uvirtuallayer_ole_helpers.pas(637,9) Note: (6058) Call to subroutine "procedure TFATIndirect.WriteFATEntryValue(const AFATEntryIndex:QWord;const ALinkTo:LongWord);" marked as inline is not inlined
D:\works\OburecGH\Lazarus\third_party\fpspreadsheet\uvirtuallayer_ole_helpers.pas(649,15) Note: (6058) Call to subroutine "procedure TFATIndirect.WriteFATEntryValue(const AFATEntryIndex:QWord;const ALinkTo:LongWord);" marked as inline is not inlined
D:\works\OburecGH\Lazarus\third_party\fpspreadsheet\uvirtuallayer_ole_helpers.pas(680,3) Note: (6058) Call to subroutine "procedure TFATIndirect.WriteFATEntryValue(const AFATEntryIndex:QWord;const ALinkTo:LongWord);" marked as inline is not inlined
D:\works\OburecGH\Lazarus\third_party\fpspreadsheet\uvirtuallayer_ole_helpers.pas(681,3) Note: (6058) Call to subroutine "procedure TFATIndirect.WriteFATEntryValue(const AFATEntryIndex:QWord;const ALinkTo:LongWord);" marked as inline is not inlined
D:\works\OburecGH\Lazarus\third_party\fpspreadsheet\uvirtuallayer_ole_helpers.pas(694,17) Note: (6058) Call to subroutine "function TFATIndirect.ReadFATEntryValue(const AFATEntryIndex:QWord):DWord;" marked as inline is not inlined
D:\works\OburecGH\Lazarus\third_party\fpspreadsheet\uvirtuallayer_ole_helpers.pas(789,16) Note: (6058) Call to subroutine "function TFATIndirect.ReadFATEntryValue(const AFATEntryIndex:QWord):DWord;" marked as inline is not inlined
D:\works\OburecGH\Lazarus\third_party\fpspreadsheet\uvirtuallayer_ole_helpers.pas(892,18) Note: (6058) Call to subroutine "function TFATIndirect.ReadFATEntryValue(const AFATEntryIndex:QWord):DWord;" marked as inline is not inlined
D:\works\OburecGH\Lazarus\third_party\fpspreadsheet\uvirtuallayer_ole_helpers.pas(905,9) Note: (6058) Call to subroutine "procedure TFATIndirect.WriteFATEntryValue(const AFATEntryIndex:QWord;const ALinkTo:LongWord);" marked as inline is not inlined
D:\works\OburecGH\Lazarus\third_party\fpspreadsheet\uvirtuallayer_ole.pas(324,11) Warning: (4104) Implicit string type conversion from "RawByteString" to "WideString"
D:\works\OburecGH\Lazarus\third_party\fpspreadsheet\uvirtuallayer_ole.pas(325,25) Warning: (4105) Implicit string type conversion with potential data loss from "WideString" to "UTF8String"
D:\works\OburecGH\Lazarus\third_party\fpspreadsheet\uvirtuallayer_ole.pas(327,16) Warning: (4105) Implicit string type conversion with potential data loss from "WideString" to "UTF8String"
(3104) Compiling D:\works\OburecGH\Lazarus\third_party\fpspreadsheet\fpsreaderwriter.pas
(3104) Compiling D:\works\OburecGH\Lazarus\third_party\fpspreadsheet\fpsstreams.pas
(3104) Compiling D:\works\OburecGH\Lazarus\third_party\fpspreadsheet\fpsexprparser.pas
(3104) Compiling D:\works\OburecGH\Lazarus\third_party\fpspreadsheet\fpsrpn.pas
D:\works\OburecGH\Lazarus\third_party\fpspreadsheet\fpsrpn.pas(431,19) Warning: (5093) function result variable of a managed type does not seem to be initialized
(3104) Compiling D:\works\OburecGH\Lazarus\third_party\fpspreadsheet\fpsfunc.pas
(3104) Compiling D:\works\OburecGH\Lazarus\third_party\fpspreadsheet\xlsconst.pas
(3104) Compiling D:\works\OburecGH\Lazarus\third_party\fpspreadsheet\fpspatches.pas
D:\works\OburecGH\Lazarus\third_party\fpspreadsheet\fpsfunc.pas(977,8) Note: (6058) Call to subroutine "function Mean(const data:{Open} Array Of Double):Double;" marked as inline is not inlined
D:\works\OburecGH\Lazarus\third_party\fpspreadsheet\fpsfunc.pas(980,22) Note: (6058) Call to subroutine "function Mean(const data:{Open} Array Of Double):Double;" marked as inline is not inlined
D:\works\OburecGH\Lazarus\third_party\fpspreadsheet\fpsfunc.pas(989,22) Note: (6058) Call to subroutine "function Mean(const data:{Open} Array Of Double):Double;" marked as inline is not inlined
D:\works\OburecGH\Lazarus\third_party\fpspreadsheet\fpsfunc.pas(1099,22) Note: (6058) Call to subroutine "function MaxValue(const data:{Open} Array Of Double):Double;" marked as inline is not inlined
D:\works\OburecGH\Lazarus\third_party\fpspreadsheet\fpsfunc.pas(1108,22) Note: (6058) Call to subroutine "function MinValue(const data:{Open} Array Of Double):Double;" marked as inline is not inlined
D:\works\OburecGH\Lazarus\third_party\fpspreadsheet\fpsfunc.pas(1134,24) Note: (6058) Call to subroutine "function StdDev(const data:{Open} Array Of Double):Double;" marked as inline is not inlined
D:\works\OburecGH\Lazarus\third_party\fpspreadsheet\fpsfunc.pas(1150,24) Note: (6058) Call to subroutine "function PopnStdDev(const data:{Open} Array Of Double):Double;" marked as inline is not inlined
D:\works\OburecGH\Lazarus\third_party\fpspreadsheet\fpsfunc.pas(1164,22) Note: (6058) Call to subroutine "function Sum(const data:{Open} Array Of Double):Double;" marked as inline is not inlined
D:\works\OburecGH\Lazarus\third_party\fpspreadsheet\fpsfunc.pas(1174,22) Note: (6058) Call to subroutine "function SumOfSquares(const data:{Open} Array Of Double):Double;" marked as inline is not inlined
D:\works\OburecGH\Lazarus\third_party\fpspreadsheet\fpsfunc.pas(1185,24) Note: (6058) Call to subroutine "function Variance(const data:{Open} Array Of Double):Double;" marked as inline is not inlined
D:\works\OburecGH\Lazarus\third_party\fpspreadsheet\fpsfunc.pas(1201,24) Note: (6058) Call to subroutine "function PopnVariance(const data:{Open} Array Of Double):Double;" marked as inline is not inlined
D:\works\OburecGH\Lazarus\third_party\fpspreadsheet\fpsfunc.pas(21,18) Hint: (5023) Unit "fpspatches" not used in fpsfunc
D:\works\OburecGH\Lazarus\third_party\fpspreadsheet\fpsexprparser.pas(1628,17) Hint: (5091) Local variable "Args" of a managed type does not seem to be initialized
D:\works\OburecGH\Lazarus\third_party\fpspreadsheet\fpsexprparser.pas(1940,27) Hint: (5091) Local variable "args" of a managed type does not seem to be initialized
D:\works\OburecGH\Lazarus\third_party\fpspreadsheet\fpsexprparser.pas(3868,18) Hint: (5092) Variable "AData" of a managed type does not seem to be initialized
(1010) Writing Resource String Table file: fpsexprparser.rsj
D:\works\OburecGH\Lazarus\third_party\fpspreadsheet\fpspreadsheet.pas(959,21) Warning: (5093) function result variable of a managed type does not seem to be initialized
D:\works\OburecGH\Lazarus\third_party\fpspreadsheet\fpspreadsheet.pas(1688,2) Warning: (2024) User defined: TODO: Shift cells to the right/below !!! ??? 
D:\works\OburecGH\Lazarus\third_party\fpspreadsheet\fpspreadsheet.pas(1719,23) Hint: (4055) Conversion between ordinals and pointers is not portable
D:\works\OburecGH\Lazarus\third_party\fpspreadsheet\fpspreadsheet.pas(1719,23) Warning: (4082) Converting pointers to signed integers may result in wrong comparison results and range errors, use an unsigned type instead.
D:\works\OburecGH\Lazarus\third_party\fpspreadsheet\fpspreadsheet.pas(1774,23) Hint: (4055) Conversion between ordinals and pointers is not portable
D:\works\OburecGH\Lazarus\third_party\fpspreadsheet\fpspreadsheet.pas(1774,23) Warning: (4082) Converting pointers to signed integers may result in wrong comparison results and range errors, use an unsigned type instead.
D:\works\OburecGH\Lazarus\third_party\fpspreadsheet\fpspreadsheet.pas(3378,19) Warning: (5093) function result variable of a managed type does not seem to be initialized
D:\works\OburecGH\Lazarus\third_party\fpspreadsheet\fpspreadsheet.pas(5591,34) Hint: (4055) Conversion between ordinals and pointers is not portable
D:\works\OburecGH\Lazarus\third_party\fpspreadsheet\fpspreadsheet.pas(5641,34) Hint: (4055) Conversion between ordinals and pointers is not portable
D:\works\OburecGH\Lazarus\third_party\fpspreadsheet\fpspreadsheet.pas(5681,34) Hint: (4055) Conversion between ordinals and pointers is not portable
D:\works\OburecGH\Lazarus\third_party\fpspreadsheet\fpspreadsheet.pas(5728,23) Hint: (4055) Conversion between ordinals and pointers is not portable
D:\works\OburecGH\Lazarus\third_party\fpspreadsheet\fpspreadsheet.pas(5728,23) Warning: (4082) Converting pointers to signed integers may result in wrong comparison results and range errors, use an unsigned type instead.
D:\works\OburecGH\Lazarus\third_party\fpspreadsheet\fpspreadsheet.pas(5782,34) Hint: (4055) Conversion between ordinals and pointers is not portable
D:\works\OburecGH\Lazarus\third_party\fpspreadsheet\fpspreadsheet.pas(5828,23) Hint: (4055) Conversion between ordinals and pointers is not portable
D:\works\OburecGH\Lazarus\third_party\fpspreadsheet\fpspreadsheet.pas(5828,23) Warning: (4082) Converting pointers to signed integers may result in wrong comparison results and range errors, use an unsigned type instead.
D:\works\OburecGH\Lazarus\third_party\fpspreadsheet\fpspreadsheet.pas(6887,20) Hint: (5092) Variable "ARanges" of a managed type does not seem to be initialized
(3104) Compiling D:\works\OburecGH\Lazarus\third_party\fpspreadsheet\fpsopendocument.pas
(3104) Compiling D:\works\OburecGH\Lazarus\third_party\fpspreadsheet\fpsheaderfooterparser.pas
(3104) Compiling D:\works\OburecGH\Lazarus\third_party\fpspreadsheet\fpsxmlcommon.pas
D:\works\OburecGH\Lazarus\third_party\fpspreadsheet\fpsopendocument.pas(4991,16) Note: (6058) Call to subroutine "operator :=(const source:ShortInt):Variant;" marked as inline is not inlined
D:\works\OburecGH\Lazarus\third_party\fpspreadsheet\fpsopendocument.pas(5003,20) Note: (6058) Call to subroutine "operator :=(const source:ShortInt):Variant;" marked as inline is not inlined
D:\works\OburecGH\Lazarus\third_party\fpspreadsheet\fpsopendocument.pas(5019,32) Note: (6058) Call to subroutine "operator :=(const source:Variant):Double;" marked as inline is not inlined
D:\works\OburecGH\Lazarus\third_party\fpspreadsheet\fpsopendocument.pas(5034,36) Note: (6058) Call to subroutine "operator =(const op1:Variant;const op2:Variant):Boolean;" marked as inline is not inlined
D:\works\OburecGH\Lazarus\third_party\fpspreadsheet\fpsopendocument.pas(5034,36) Note: (6058) Call to subroutine "operator :=(const source:ShortInt):Variant;" marked as inline is not inlined
D:\works\OburecGH\Lazarus\third_party\fpspreadsheet\fpsopendocument.pas(251,8) Hint: (5028) Local const "OPENDOC_PATH_METAINF" is not used
(3104) Compiling D:\works\OburecGH\Lazarus\third_party\fpspreadsheet\fpscsv.pas
(3104) Compiling D:\works\OburecGH\Lazarus\third_party\fpspreadsheet\fpscsvdocument.pas
D:\works\OburecGH\Lazarus\third_party\fpspreadsheet\fpscsv.pas(89,8) Warning: (3177) Some fields coming after "FalseText" were not initialized
D:\works\OburecGH\Lazarus\third_party\fpspreadsheet\fpscsv.pas(450,14) Hint: (5091) Local variable "s" of a managed type does not seem to be initialized
D:\works\OburecGH\Lazarus\RecorderLnx\.\Components\MeasurementSection\uRecorderMeasurementSectionSettingsDialog.pas(412,54) Warning: (5043) Symbol "DecimalSeparator" is deprecated
D:\works\OburecGH\Lazarus\RecorderLnx\.\Components\MeasurementSection\uRecorderMeasurementSectionSettingsDialog.pas(413,54) Warning: (5043) Symbol "DecimalSeparator" is deprecated
D:\works\OburecGH\Lazarus\RecorderLnx\.\Components\MeasurementSection\uRecorderMeasurementSectionSettingsDialog.pas(75,30) Hint: (5024) Parameter "Sender" not used
D:\works\OburecGH\Lazarus\RecorderLnx\.\Components\MeasurementSection\uRecorderMeasurementSectionSettingsDialog.pas(65,24) Hint: (5024) Parameter "Sender" not used
D:\works\OburecGH\Lazarus\RecorderLnx\.\Components\MeasurementSection\uRecorderMeasurementSectionSettingsDialog.pas(66,27) Hint: (5024) Parameter "Sender" not used
D:\works\OburecGH\Lazarus\RecorderLnx\.\Components\MeasurementSection\uRecorderMeasurementSectionSettingsDialog.pas(68,28) Hint: (5024) Parameter "Sender" not used
D:\works\OburecGH\Lazarus\RecorderLnx\.\Components\MeasurementSection\uRecorderMeasurementSectionSettingsDialog.pas(69,28) Hint: (5024) Parameter "Sender" not used
D:\works\OburecGH\Lazarus\RecorderLnx\.\Components\MeasurementSection\uRecorderMeasurementSectionSettingsDialog.pas(70,7) Hint: (5024) Parameter "State" not used
D:\works\OburecGH\Lazarus\RecorderLnx\.\Components\MeasurementSection\uRecorderMeasurementSectionSettingsDialog.pas(76,31) Hint: (5024) Parameter "Sender" not used
D:\works\OburecGH\Lazarus\RecorderLnx\.\Components\MeasurementSection\uRecorderMeasurementSectionSettingsDialog.pas(77,31) Hint: (5024) Parameter "Sender" not used
D:\works\OburecGH\Lazarus\RecorderLnx\.\Components\MeasurementSection\uRecorderMeasurementSectionSettingsDialog.pas(78,23) Hint: (5024) Parameter "Sender" not used
D:\works\OburecGH\Lazarus\RecorderLnx\.\Components\MeasurementSection\uRecorderMeasurementSectionSettingsDialog.pas(67,27) Hint: (5024) Parameter "Sender" not used
D:\works\OburecGH\Lazarus\RecorderLnx\.\Components\MeasurementSection\uRecorderMeasurementSectionSettingsDialog.pas(71,27) Hint: (5024) Parameter "Sender" not used
D:\works\OburecGH\Lazarus\RecorderLnx\.\Components\MeasurementSection\uRecorderMeasurementSectionSettingsDialog.pas(72,30) Hint: (5024) Parameter "Sender" not used
(3104) Compiling .\Components\Standard\uRecorderInputFieldSettingsDialog.pas
(3104) Compiling .\Components\Standard\uRecorderVibrationEstimateSettingsDialog.pas
(3104) Compiling .\UI\uRecorderTagPickerDialog.pas
D:\works\OburecGH\Lazarus\RecorderLnx\.\UI\uRecorderTagPickerDialog.pas(37,29) Hint: (5024) Parameter "Sender" not used
D:\works\OburecGH\Lazarus\RecorderLnx\.\UI\uRecorderTagPickerDialog.pas(38,31) Hint: (5024) Parameter "Sender" not used
D:\works\OburecGH\Lazarus\RecorderLnx\.\Components\Standard\uRecorderVibrationEstimateSettingsDialog.pas(34,15) Note: (3250) Virtual method "Click;" has a lower visibility (protected) than parent class TCustomButton (public)
D:\works\OburecGH\Lazarus\RecorderLnx\.\Components\Standard\uRecorderVibrationEstimateSettingsDialog.pas(46,15) Note: (3250) Virtual method "Click;" has a lower visibility (protected) than parent class TCustomButton (public)
(3104) Compiling .\Components\Lissajous\uRecorderLissajousSettingsDialog.pas
D:\works\OburecGH\Lazarus\RecorderLnx\.\Components\Lissajous\uRecorderLissajousSettingsDialog.pas(147,13) Warning: (4104) Implicit string type conversion from "AnsiString" to "UnicodeString"
D:\works\OburecGH\Lazarus\RecorderLnx\.\Components\Lissajous\uRecorderLissajousSettingsDialog.pas(147,56) Warning: (4105) Implicit string type conversion with potential data loss from "UnicodeString" to "AnsiString"
D:\works\OburecGH\Lazarus\RecorderLnx\.\Components\Lissajous\uRecorderLissajousSettingsDialog.pas(266,68) Warning: (4104) Implicit string type conversion from "AnsiString" to "UnicodeString"
D:\works\OburecGH\Lazarus\RecorderLnx\.\Components\Lissajous\uRecorderLissajousSettingsDialog.pas(266,76) Warning: (4105) Implicit string type conversion with potential data loss from "UnicodeString" to "AnsiString"
D:\works\OburecGH\Lazarus\RecorderLnx\.\Components\Lissajous\uRecorderLissajousSettingsDialog.pas(56,31) Hint: (5024) Parameter "Sender" not used
D:\works\OburecGH\Lazarus\RecorderLnx\.\Components\Lissajous\uRecorderLissajousSettingsDialog.pas(56,56) Hint: (5024) Parameter "X" not used
D:\works\OburecGH\Lazarus\RecorderLnx\.\Components\Lissajous\uRecorderLissajousSettingsDialog.pas(56,59) Hint: (5024) Parameter "Y" not used
D:\works\OburecGH\Lazarus\RecorderLnx\.\Components\Lissajous\uRecorderLissajousSettingsDialog.pas(57,7) Hint: (5024) Parameter "State" not used
D:\works\OburecGH\Lazarus\RecorderLnx\.\Components\Lissajous\uRecorderLissajousSettingsDialog.pas(55,56) Hint: (5024) Parameter "X" not used
D:\works\OburecGH\Lazarus\RecorderLnx\.\Components\Lissajous\uRecorderLissajousSettingsDialog.pas(55,59) Hint: (5024) Parameter "Y" not used
D:\works\OburecGH\Lazarus\RecorderLnx\.\Components\Lissajous\uRecorderLissajousSettingsDialog.pas(53,35) Hint: (5024) Parameter "Sender" not used
D:\works\OburecGH\Lazarus\RecorderLnx\.\Components\Lissajous\uRecorderLissajousSettingsDialog.pas(54,38) Hint: (5024) Parameter "Sender" not used
D:\works\OburecGH\Lazarus\RecorderLnx\.\Components\Lissajous\uRecorderLissajousSettingsDialog.pas(54,55) Hint: (5024) Parameter "User" not used
D:\works\OburecGH\Lazarus\RecorderLnx\.\Components\Lissajous\uRecorderLissajousSettingsDialog.pas(318,33) Warning: (4104) Implicit string type conversion from "AnsiString" to "UnicodeString"
D:\works\OburecGH\Lazarus\RecorderLnx\.\Components\Lissajous\uRecorderLissajousSettingsDialog.pas(318,31) Warning: (4105) Implicit string type conversion with potential data loss from "UnicodeString" to "AnsiString"
D:\works\OburecGH\Lazarus\RecorderLnx\.\Components\Lissajous\uRecorderLissajousSettingsDialog.pas(49,31) Hint: (5024) Parameter "Sender" not used
D:\works\OburecGH\Lazarus\RecorderLnx\.\Components\Lissajous\uRecorderLissajousSettingsDialog.pas(50,34) Hint: (5024) Parameter "Sender" not used
D:\works\OburecGH\Lazarus\RecorderLnx\.\Components\Lissajous\uRecorderLissajousSettingsDialog.pas(51,26) Hint: (5024) Parameter "Sender" not used
D:\works\OburecGH\Lazarus\RecorderLnx\.\Components\Lissajous\uRecorderLissajousSettingsDialog.pas(52,30) Hint: (5024) Parameter "Sender" not used
(3104) Compiling .\Components\FrequencyResponse\uRcFreqRespDlg.pas
D:\works\OburecGH\Lazarus\RecorderLnx\.\Components\FrequencyResponse\uRcFreqRespDlg.pas(77,56) Warning: (4104) Implicit string type conversion from "AnsiString" to "UnicodeString"
D:\works\OburecGH\Lazarus\RecorderLnx\.\Components\FrequencyResponse\uRcFreqRespDlg.pas(77,61) Warning: (4105) Implicit string type conversion with potential data loss from "UnicodeString" to "TTranslateString"
D:\works\OburecGH\Lazarus\RecorderLnx\.\Components\FrequencyResponse\uRcFreqRespDlg.pas(34,28) Hint: (5024) Parameter "Sender" not used
D:\works\OburecGH\Lazarus\RecorderLnx\.\Components\FrequencyResponse\uRcFreqRespDlg.pas(35,26) Hint: (5024) Parameter "Sender" not used
D:\works\OburecGH\Lazarus\RecorderLnx\.\Components\FrequencyResponse\uRcFreqRespDlg.pas(35,43) Hint: (5024) Parameter "Node" not used
D:\works\OburecGH\Lazarus\RecorderLnx\.\Components\FrequencyResponse\uRcFreqRespDlg.pas(160,59) Warning: (4104) Implicit string type conversion from "AnsiString" to "UnicodeString"
D:\works\OburecGH\Lazarus\RecorderLnx\.\Components\FrequencyResponse\uRcFreqRespDlg.pas(160,58) Warning: (4105) Implicit string type conversion with potential data loss from "UnicodeString" to "AnsiString"
D:\works\OburecGH\Lazarus\RecorderLnx\.\Components\FrequencyResponse\uRcFreqRespDlg.pas(31,28) Hint: (5024) Parameter "Sender" not used
D:\works\OburecGH\Lazarus\RecorderLnx\.\Components\FrequencyResponse\uRcFreqRespDlg.pas(32,29) Hint: (5024) Parameter "Sender" not used
D:\works\OburecGH\Lazarus\RecorderLnx\.\Components\FrequencyResponse\uRcFreqRespDlg.pas(33,27) Hint: (5024) Parameter "Sender" not used
D:\works\OburecGH\Lazarus\RecorderLnx\.\Components\FrequencyResponse\uRcFreqRespDlg.pas(172,61) Warning: (5043) Symbol "DecimalSeparator" is deprecated
D:\works\OburecGH\Lazarus\RecorderLnx\.\Components\FrequencyResponse\uRcFreqRespDlg.pas(172,118) Warning: (5043) Symbol "DecimalSeparator" is deprecated
D:\works\OburecGH\Lazarus\RecorderLnx\.\Components\FrequencyResponse\uRcFreqRespDlg.pas(178,163) Warning: (4104) Implicit string type conversion from "AnsiString" to "UnicodeString"
D:\works\OburecGH\Lazarus\RecorderLnx\.\Components\FrequencyResponse\uRcFreqRespDlg.pas(178,176) Warning: (4105) Implicit string type conversion with potential data loss from "UnicodeString" to "AnsiString"
D:\works\OburecGH\Lazarus\RecorderLnx\.\Components\FrequencyResponse\uRcFreqRespDlg.pas(36,23) Hint: (5024) Parameter "Sender" not used
(3104) Compiling .\Components\ThreeD\uRecorder3dModel.pas
(3104) Compiling D:\works\OburecGH\Lazarus\SharedUtils\3d\motion\u3dMotionContracts.pas
(3104) Compiling D:\works\OburecGH\Lazarus\SharedUtils\3d\core\u3dPrimitives.pas
(3104) Compiling D:\works\OburecGH\Lazarus\SharedUtils\3d\core\u3dScene.pas
(3104) Compiling D:\works\OburecGH\Lazarus\SharedUtils\3d\core\u3dCoreTypes.pas
(3104) Compiling D:\works\OburecGH\Lazarus\SharedUtils\3d\core\u3dGeometryMath.pas
D:\works\OburecGH\Lazarus\SharedUtils\3d\core\u3dPrimitives.pas(107,23) Hint: (5060) Function result variable does not seem to be initialized
D:\works\OburecGH\Lazarus\SharedUtils\3d\core\u3dPrimitives.pas(121,18) Hint: (5091) Local variable "Slots" of a managed type does not seem to be initialized
D:\works\OburecGH\Lazarus\SharedUtils\3d\core\u3dPrimitives.pas(342,16) Hint: (5091) Local variable "Spec" of a managed type does not seem to be initialized
(3104) Compiling D:\works\OburecGH\Lazarus\SharedUtils\3d\core\u3dTransforms.pas
(3104) Compiling D:\works\OburecGH\Lazarus\SharedUtils\3d\core\u3dSkin.pas
(3104) Compiling D:\works\OburecGH\Lazarus\SharedUtils\3d\core\u3dVertexColors.pas
D:\works\OburecGH\Lazarus\RecorderLnx\.\Components\ThreeD\uRecorder3dModel.pas(290,17) Warning: (3057) An inherited method is hidden by "constructor Create;"
D:\works\OburecGH\Lazarus\RecorderLnx\.\Components\ThreeD\uRecorder3dModel.pas(722,24) Hint: (5092) Variable "AInfluences" of a managed type does not seem to be initialized
(3104) Compiling .\Components\ThreeD\uRecorder3dSettingsDialog.pas
(3104) Compiling D:\works\OburecGH\Lazarus\SharedUtils\3d\core\u3dMeshTopology.pas
D:\works\OburecGH\Lazarus\SharedUtils\3d\core\u3dMeshTopology.pas(71,18) Warning: (5093) function result variable of a managed type does not seem to be initialized
D:\works\OburecGH\Lazarus\SharedUtils\3d\core\u3dMeshTopology.pas(131,19) Warning: (5093) function result variable of a managed type does not seem to be initialized
(3104) Compiling .\Components\ThreeD\uRecorder3dSkinModifierFrame.pas
D:\works\OburecGH\Lazarus\RecorderLnx\.\Components\ThreeD\uRecorder3dSkinModifierFrame.pas(45,31) Hint: (5024) Parameter "Sender" not used
D:\works\OburecGH\Lazarus\RecorderLnx\.\Components\ThreeD\uRecorder3dSkinModifierFrame.pas(50,33) Hint: (5024) Parameter "Sender" not used
D:\works\OburecGH\Lazarus\RecorderLnx\.\Components\ThreeD\uRecorder3dSkinModifierFrame.pas(42,35) Hint: (5024) Parameter "Sender" not used
D:\works\OburecGH\Lazarus\RecorderLnx\.\Components\ThreeD\uRecorder3dSkinModifierFrame.pas(408,27) Warning: (4104) Implicit string type conversion from "AnsiString" to "UnicodeString"
D:\works\OburecGH\Lazarus\RecorderLnx\.\Components\ThreeD\uRecorder3dSkinModifierFrame.pas(408,26) Warning: (4105) Implicit string type conversion with potential data loss from "UnicodeString" to "AnsiString"
D:\works\OburecGH\Lazarus\RecorderLnx\.\Components\ThreeD\uRecorder3dSkinModifierFrame.pas(43,28) Hint: (5024) Parameter "Sender" not used
D:\works\OburecGH\Lazarus\RecorderLnx\.\Components\ThreeD\uRecorder3dSkinModifierFrame.pas(44,31) Hint: (5024) Parameter "Sender" not used
D:\works\OburecGH\Lazarus\RecorderLnx\.\Components\ThreeD\uRecorder3dSkinModifierFrame.pas(46,35) Hint: (5024) Parameter "Sender" not used
D:\works\OburecGH\Lazarus\RecorderLnx\.\Components\ThreeD\uRecorder3dSkinModifierFrame.pas(47,31) Hint: (5024) Parameter "Sender" not used
D:\works\OburecGH\Lazarus\RecorderLnx\.\Components\ThreeD\uRecorder3dSkinModifierFrame.pas(51,31) Hint: (5024) Parameter "Sender" not used
D:\works\OburecGH\Lazarus\RecorderLnx\.\Components\ThreeD\uRecorder3dSkinModifierFrame.pas(52,33) Hint: (5024) Parameter "Sender" not used
D:\works\OburecGH\Lazarus\RecorderLnx\.\Components\ThreeD\uRecorder3dSkinModifierFrame.pas(53,34) Hint: (5024) Parameter "Sender" not used
D:\works\OburecGH\Lazarus\RecorderLnx\.\Components\ThreeD\uRecorder3dSkinModifierFrame.pas(53,50) Hint: (5024) Parameter "ACol" not used
D:\works\OburecGH\Lazarus\RecorderLnx\.\Components\ThreeD\uRecorder3dSkinModifierFrame.pas(54,11) Hint: (5024) Parameter "CanSelect" not used
D:\works\OburecGH\Lazarus\RecorderLnx\.\Components\ThreeD\uRecorder3dSkinModifierFrame.pas(99,3) Hint: (5023) Unit "Math" not used in uRecorder3dSkinModifierFrame
(3104) Compiling .\Components\ThreeD\uRecorder3dVertexColorModifierFrame.pas
D:\works\OburecGH\Lazarus\RecorderLnx\.\Components\ThreeD\uRecorder3dVertexColorModifierFrame.pas(103,38) Warning: (4104) Implicit string type conversion from "AnsiString" to "UnicodeString"
D:\works\OburecGH\Lazarus\RecorderLnx\.\Components\ThreeD\uRecorder3dVertexColorModifierFrame.pas(104,38) Warning: (4105) Implicit string type conversion with potential data loss from "UnicodeString" to "AnsiString"
D:\works\OburecGH\Lazarus\RecorderLnx\.\Components\ThreeD\uRecorder3dVertexColorModifierFrame.pas(176,279) Warning: (4104) Implicit string type conversion from "AnsiString" to "UnicodeString"
D:\works\OburecGH\Lazarus\RecorderLnx\.\Components\ThreeD\uRecorder3dVertexColorModifierFrame.pas(176,299) Warning: (4104) Implicit string type conversion from "AnsiString" to "UnicodeString"
D:\works\OburecGH\Lazarus\RecorderLnx\.\Components\ThreeD\uRecorder3dVertexColorModifierFrame.pas(176,297) Warning: (4105) Implicit string type conversion with potential data loss from "UnicodeString" to "AnsiString"
D:\works\OburecGH\Lazarus\RecorderLnx\.\Components\ThreeD\uRecorder3dVertexColorModifierFrame.pas(25,39) Hint: (5024) Parameter "Sender" not used
D:\works\OburecGH\Lazarus\RecorderLnx\.\Components\ThreeD\uRecorder3dVertexColorModifierFrame.pas(26,37) Hint: (5024) Parameter "Sender" not used
D:\works\OburecGH\Lazarus\RecorderLnx\.\Components\ThreeD\uRecorder3dVertexColorModifierFrame.pas(199,118) Warning: (4104) Implicit string type conversion from "AnsiString" to "UnicodeString"
D:\works\OburecGH\Lazarus\RecorderLnx\.\Components\ThreeD\uRecorder3dVertexColorModifierFrame.pas(199,117) Warning: (4105) Implicit string type conversion with potential data loss from "UnicodeString" to "AnsiString"
D:\works\OburecGH\Lazarus\RecorderLnx\.\Components\ThreeD\uRecorder3dVertexColorModifierFrame.pas(27,32) Hint: (5024) Parameter "Sender" not used
D:\works\OburecGH\Lazarus\RecorderLnx\.\Components\ThreeD\uRecorder3dVertexColorModifierFrame.pas(28,35) Hint: (5024) Parameter "Sender" not used
D:\works\OburecGH\Lazarus\RecorderLnx\.\Components\ThreeD\uRecorder3dVertexColorModifierFrame.pas(205,175) Warning: (4104) Implicit string type conversion from "AnsiString" to "UnicodeString"
D:\works\OburecGH\Lazarus\RecorderLnx\.\Components\ThreeD\uRecorder3dVertexColorModifierFrame.pas(205,174) Warning: (4105) Implicit string type conversion with potential data loss from "UnicodeString" to "AnsiString"
D:\works\OburecGH\Lazarus\RecorderLnx\.\Components\ThreeD\uRecorder3dVertexColorModifierFrame.pas(29,30) Hint: (5024) Parameter "Sender" not used
D:\works\OburecGH\Lazarus\RecorderLnx\.\Components\ThreeD\uRecorder3dVertexColorModifierFrame.pas(30,33) Hint: (5024) Parameter "Sender" not used
D:\works\OburecGH\Lazarus\RecorderLnx\.\Components\ThreeD\uRecorder3dVertexColorModifierFrame.pas(31,38) Hint: (5024) Parameter "Sender" not used
D:\works\OburecGH\Lazarus\RecorderLnx\.\Components\ThreeD\uRecorder3dVertexColorModifierFrame.pas(32,36) Hint: (5024) Parameter "Sender" not used
D:\works\OburecGH\Lazarus\RecorderLnx\.\Components\ThreeD\uRecorder3dVertexColorModifierFrame.pas(33,25) Hint: (5024) Parameter "Sender" not used
D:\works\OburecGH\Lazarus\RecorderLnx\.\Components\ThreeD\uRecorder3dVertexColorModifierFrame.pas(34,31) Hint: (5024) Parameter "Sender" not used
(3104) Compiling D:\works\OburecGH\Lazarus\SharedUtils\3d\io\u3dLegacySceneLoader.pas
(3104) Compiling D:\works\OburecGH\Lazarus\SharedUtils\3d\io\u3dObrReader.pas
(3104) Compiling D:\works\OburecGH\Lazarus\SharedUtils\3d\io\u3dBinaryReader.pas
D:\works\OburecGH\Lazarus\SharedUtils\3d\io\u3dBinaryReader.pas(107,17) Hint: (5057) Local variable "B" does not seem to be initialized
D:\works\OburecGH\Lazarus\SharedUtils\3d\io\u3dObrReader.pas(289,20) Hint: (5091) Local variable "Entries" of a managed type does not seem to be initialized
(3104) Compiling D:\works\OburecGH\Lazarus\SharedUtils\3d\io\u3dObaReader.pas
D:\works\OburecGH\Lazarus\RecorderLnx\.\Components\ThreeD\uRecorder3dSettingsDialog.pas(112,39) Hint: (5024) Parameter "Sender" not used
D:\works\OburecGH\Lazarus\RecorderLnx\.\Components\ThreeD\uRecorder3dSettingsDialog.pas(76,39) Hint: (5024) Parameter "Sender" not used
D:\works\OburecGH\Lazarus\RecorderLnx\.\Components\ThreeD\uRecorder3dSettingsDialog.pas(111,32) Hint: (5024) Parameter "Sender" not used
D:\works\OburecGH\Lazarus\RecorderLnx\.\Components\ThreeD\uRecorder3dSettingsDialog.pas(72,25) Hint: (5024) Parameter "Sender" not used
D:\works\OburecGH\Lazarus\RecorderLnx\.\Components\ThreeD\uRecorder3dSettingsDialog.pas(73,26) Hint: (5024) Parameter "Sender" not used
D:\works\OburecGH\Lazarus\RecorderLnx\.\Components\ThreeD\uRecorder3dSettingsDialog.pas(74,23) Hint: (5024) Parameter "Sender" not used
D:\works\OburecGH\Lazarus\RecorderLnx\.\Components\ThreeD\uRecorder3dSettingsDialog.pas(75,27) Hint: (5024) Parameter "Sender" not used
D:\works\OburecGH\Lazarus\RecorderLnx\.\Components\ThreeD\uRecorder3dSettingsDialog.pas(65,42) Hint: (5024) Parameter "Sender" not used
D:\works\OburecGH\Lazarus\RecorderLnx\.\Components\ThreeD\uRecorder3dSettingsDialog.pas(66,32) Hint: (5024) Parameter "Sender" not used
D:\works\OburecGH\Lazarus\RecorderLnx\.\Components\ThreeD\uRecorder3dSettingsDialog.pas(63,32) Hint: (5024) Parameter "Sender" not used
D:\works\OburecGH\Lazarus\RecorderLnx\.\Components\ThreeD\uRecorder3dSettingsDialog.pas(62,27) Hint: (5024) Parameter "Sender" not used
D:\works\OburecGH\Lazarus\RecorderLnx\.\Components\ThreeD\uRecorder3dSettingsDialog.pas(636,10) Hint: (4055) Conversion between ordinals and pointers is not portable
D:\works\OburecGH\Lazarus\RecorderLnx\.\Components\ThreeD\uRecorder3dSettingsDialog.pas(642,20) Hint: (4055) Conversion between ordinals and pointers is not portable
D:\works\OburecGH\Lazarus\RecorderLnx\.\Components\ThreeD\uRecorder3dSettingsDialog.pas(662,14) Hint: (4055) Conversion between ordinals and pointers is not portable
D:\works\OburecGH\Lazarus\RecorderLnx\.\Components\ThreeD\uRecorder3dSettingsDialog.pas(675,36) Warning: (5089) Local variable "Empty" of a managed type does not seem to be initialized
D:\works\OburecGH\Lazarus\RecorderLnx\.\Components\ThreeD\uRecorder3dSettingsDialog.pas(724,42) Hint: (4055) Conversion between ordinals and pointers is not portable
D:\works\OburecGH\Lazarus\RecorderLnx\.\Components\ThreeD\uRecorder3dSettingsDialog.pas(67,41) Hint: (5024) Parameter "Sender" not used
D:\works\OburecGH\Lazarus\RecorderLnx\.\Components\ThreeD\uRecorder3dSettingsDialog.pas(68,34) Hint: (5024) Parameter "Sender" not used
D:\works\OburecGH\Lazarus\RecorderLnx\.\Components\ThreeD\uRecorder3dSettingsDialog.pas(68,50) Hint: (5024) Parameter "ACol" not used
D:\works\OburecGH\Lazarus\RecorderLnx\.\Components\ThreeD\uRecorder3dSettingsDialog.pas(69,11) Hint: (5024) Parameter "CanSelect" not used
D:\works\OburecGH\Lazarus\RecorderLnx\.\Components\ThreeD\uRecorder3dSettingsDialog.pas(879,70) Warning: (5089) Local variable "AdjacentCorners" of a managed type does not seem to be initialized
D:\works\OburecGH\Lazarus\RecorderLnx\.\Components\ThreeD\uRecorder3dSettingsDialog.pas(879,54) Warning: (5089) Local variable "PrimaryCorners" of a managed type does not seem to be initialized
D:\works\OburecGH\Lazarus\RecorderLnx\.\Components\ThreeD\uRecorder3dSettingsDialog.pas(70,37) Hint: (5024) Parameter "Sender" not used
D:\works\OburecGH\Lazarus\RecorderLnx\.\Components\ThreeD\uRecorder3dSettingsDialog.pas(70,53) Hint: (5024) Parameter "ACol" not used
D:\works\OburecGH\Lazarus\RecorderLnx\.\Components\ThreeD\uRecorder3dSettingsDialog.pas(71,7) Hint: (5024) Parameter "AState" not used
D:\works\OburecGH\Lazarus\RecorderLnx\.\Components\ThreeD\uRecorder3dSettingsDialog.pas(937,43) Hint: (4055) Conversion between ordinals and pointers is not portable
D:\works\OburecGH\Lazarus\RecorderLnx\.\Components\ThreeD\uRecorder3dSettingsDialog.pas(11,12) Hint: (5023) Unit "Spin" not used in uRecorder3dSettingsDialog
(3104) Compiling .\Core\uRecorderSignalGeneratorModel.pas
D:\works\OburecGH\Lazarus\RecorderLnx\.\Core\uRecorderSignalGeneratorModel.pas(103,17) Warning: (3057) An inherited method is hidden by "constructor Create;"
(3104) Compiling .\Components\SignalGenerator\uRecorderSignalGeneratorSettingsDialog.pas
(3104) Compiling .\Components\SignalGenerator\uRecorderSignalGeneratorCreateDialog.pas
D:\works\OburecGH\Lazarus\RecorderLnx\.\Components\SignalGenerator\uRecorderSignalGeneratorSettingsDialog.pas(24,24) Hint: (5024) Parameter "Sender" not used
D:\works\OburecGH\Lazarus\RecorderLnx\.\Components\SignalGenerator\uRecorderSignalGeneratorSettingsDialog.pas(25,27) Hint: (5024) Parameter "Sender" not used
D:\works\OburecGH\Lazarus\RecorderLnx\.\Components\SignalGenerator\uRecorderSignalGeneratorSettingsDialog.pas(191,9) Warning: (4104) Implicit string type conversion from "AnsiString" to "UnicodeString"
D:\works\OburecGH\Lazarus\RecorderLnx\.\Components\SignalGenerator\uRecorderSignalGeneratorSettingsDialog.pas(192,14) Warning: (4104) Implicit string type conversion from "AnsiString" to "UnicodeString"
(3104) Compiling .\Components\ImpactHammer\uRecorderImpactHammerModel.pas
(3104) Compiling .\Components\ImpactHammer\uRecorderImpactHammerContracts.pas
(3104) Compiling .\Core\uRecorderFrfContracts.pas
D:\works\OburecGH\Lazarus\RecorderLnx\.\Components\ImpactHammer\uRecorderImpactHammerModel.pas(150,17) Warning: (3057) An inherited method is hidden by "constructor Create;"
(3104) Compiling .\Components\ImpactHammer\uRecorderImpactHammerSettingsDialog.pas
D:\works\OburecGH\Lazarus\RecorderLnx\.\Components\ImpactHammer\uRecorderImpactHammerSettingsDialog.pas(70,31) Hint: (5024) Parameter "Sender" not used
D:\works\OburecGH\Lazarus\RecorderLnx\.\Components\ImpactHammer\uRecorderImpactHammerSettingsDialog.pas(71,30) Hint: (5024) Parameter "Sender" not used
D:\works\OburecGH\Lazarus\RecorderLnx\.\Components\ImpactHammer\uRecorderImpactHammerSettingsDialog.pas(66,30) Hint: (5024) Parameter "Sender" not used
D:\works\OburecGH\Lazarus\RecorderLnx\.\Components\ImpactHammer\uRecorderImpactHammerSettingsDialog.pas(69,28) Hint: (5024) Parameter "Sender" not used
D:\works\OburecGH\Lazarus\RecorderLnx\.\Components\ImpactHammer\uRecorderImpactHammerSettingsDialog.pas(67,30) Hint: (5024) Parameter "Sender" not used
D:\works\OburecGH\Lazarus\RecorderLnx\.\Components\ImpactHammer\uRecorderImpactHammerSettingsDialog.pas(68,30) Hint: (5024) Parameter "Sender" not used
D:\works\OburecGH\Lazarus\RecorderLnx\.\Components\ImpactHammer\uRecorderImpactHammerSettingsDialog.pas(80,30) Hint: (5024) Parameter "Sender" not used
D:\works\OburecGH\Lazarus\RecorderLnx\.\Components\ImpactHammer\uRecorderImpactHammerSettingsDialog.pas(77,31) Hint: (5024) Parameter "Sender" not used
D:\works\OburecGH\Lazarus\RecorderLnx\.\Components\ImpactHammer\uRecorderImpactHammerSettingsDialog.pas(78,31) Hint: (5024) Parameter "Sender" not used
D:\works\OburecGH\Lazarus\RecorderLnx\.\Components\ImpactHammer\uRecorderImpactHammerSettingsDialog.pas(79,21) Hint: (5024) Parameter "aState" not used
D:\works\OburecGH\Lazarus\RecorderLnx\.\Components\ImpactHammer\uRecorderImpactHammerSettingsDialog.pas(82,35) Hint: (5024) Parameter "Sender" not used
D:\works\OburecGH\Lazarus\RecorderLnx\.\Components\ImpactHammer\uRecorderImpactHammerSettingsDialog.pas(65,33) Hint: (5024) Parameter "Sender" not used
D:\works\OburecGH\Lazarus\RecorderLnx\.\Components\ImpactHammer\uRecorderImpactHammerSettingsDialog.pas(73,34) Hint: (5024) Parameter "Sender" not used
D:\works\OburecGH\Lazarus\RecorderLnx\.\Components\ImpactHammer\uRecorderImpactHammerSettingsDialog.pas(73,59) Hint: (5024) Parameter "X" not used
D:\works\OburecGH\Lazarus\RecorderLnx\.\Components\ImpactHammer\uRecorderImpactHammerSettingsDialog.pas(73,62) Hint: (5024) Parameter "Y" not used
D:\works\OburecGH\Lazarus\RecorderLnx\.\Components\ImpactHammer\uRecorderImpactHammerSettingsDialog.pas(74,7) Hint: (5024) Parameter "State" not used
D:\works\OburecGH\Lazarus\RecorderLnx\.\Components\ImpactHammer\uRecorderImpactHammerSettingsDialog.pas(72,34) Hint: (5024) Parameter "Sender" not used
D:\works\OburecGH\Lazarus\RecorderLnx\.\Components\ImpactHammer\uRecorderImpactHammerSettingsDialog.pas(72,59) Hint: (5024) Parameter "X" not used
D:\works\OburecGH\Lazarus\RecorderLnx\.\Components\ImpactHammer\uRecorderImpactHammerSettingsDialog.pas(72,62) Hint: (5024) Parameter "Y" not used
D:\works\OburecGH\Lazarus\RecorderLnx\.\Components\ImpactHammer\uRecorderImpactHammerSettingsDialog.pas(75,33) Hint: (5024) Parameter "Sender" not used
D:\works\OburecGH\Lazarus\RecorderLnx\.\Components\ImpactHammer\uRecorderImpactHammerSettingsDialog.pas(76,7) Hint: (5024) Parameter "Shift" not used
D:\works\OburecGH\Lazarus\RecorderLnx\.\Components\ImpactHammer\uRecorderImpactHammerSettingsDialog.pas(64,26) Hint: (5024) Parameter "Sender" not used
D:\works\OburecGH\Lazarus\RecorderLnx\.\Components\Editor\uComponentSettingsDialog.pas(161,71) Warning: (4104) Implicit string type conversion from "AnsiString" to "UnicodeString"
D:\works\OburecGH\Lazarus\RecorderLnx\.\Components\Editor\uComponentSettingsDialog.pas(161,76) Warning: (4105) Implicit string type conversion with potential data loss from "UnicodeString" to "TTranslateString"
D:\works\OburecGH\Lazarus\RecorderLnx\.\Components\Editor\uComponentSettingsDialog.pas(56,36) Hint: (5024) Parameter "Sender" not used
D:\works\OburecGH\Lazarus\RecorderLnx\.\Components\Editor\uComponentSettingsDialog.pas(48,31) Hint: (5024) Parameter "Sender" not used
D:\works\OburecGH\Lazarus\RecorderLnx\.\Components\Editor\uComponentSettingsDialog.pas(49,36) Hint: (5024) Parameter "Sender" not used
D:\works\OburecGH\Lazarus\RecorderLnx\.\Components\Editor\uComponentSettingsDialog.pas(47,31) Hint: (5024) Parameter "Sender" not used
D:\works\OburecGH\Lazarus\RecorderLnx\.\Components\Editor\uComponentSettingsDialog.pas(51,35) Hint: (5024) Parameter "Sender" not used
D:\works\OburecGH\Lazarus\RecorderLnx\.\Components\Editor\uComponentSettingsDialog.pas(52,45) Hint: (5024) Parameter "Sender" not used
D:\works\OburecGH\Lazarus\RecorderLnx\.\Components\Editor\uComponentSettingsDialog.pas(53,33) Hint: (5024) Parameter "Sender" not used
D:\works\OburecGH\Lazarus\RecorderLnx\.\Components\Editor\uComponentSettingsDialog.pas(54,43) Hint: (5024) Parameter "Sender" not used
D:\works\OburecGH\Lazarus\RecorderLnx\.\Components\Editor\uComponentSettingsDialog.pas(55,30) Hint: (5024) Parameter "Sender" not used
D:\works\OburecGH\Lazarus\RecorderLnx\.\Components\Editor\uComponentSettingsDialog.pas(46,38) Hint: (5024) Parameter "Sender" not used
D:\works\OburecGH\Lazarus\RecorderLnx\.\Components\Editor\uComponentSettingsDialog.pas(50,29) Hint: (5024) Parameter "Sender" not used
(3104) Compiling .\Components\MeasurementSection\uRecorderMeasurementSectionView.pas
D:\works\OburecGH\Lazarus\RecorderLnx\.\Components\MeasurementSection\uRecorderMeasurementSectionView.pas(33,28) Hint: (5024) Parameter "Sender" not used
D:\works\OburecGH\Lazarus\RecorderLnx\.\Components\MeasurementSection\uRecorderMeasurementSectionView.pas(37,33) Hint: (5024) Parameter "Sender" not used
D:\works\OburecGH\Lazarus\RecorderLnx\.\Components\MeasurementSection\uRecorderMeasurementSectionView.pas(39,30) Hint: (5024) Parameter "Sender" not used
D:\works\OburecGH\Lazarus\RecorderLnx\.\Components\MeasurementSection\uRecorderMeasurementSectionView.pas(39,47) Hint: (5024) Parameter "ACol" not used
D:\works\OburecGH\Lazarus\RecorderLnx\.\Components\MeasurementSection\uRecorderMeasurementSectionView.pas(40,11) Hint: (5024) Parameter "CanSelect" not used
D:\works\OburecGH\Lazarus\RecorderLnx\.\Components\MeasurementSection\uRecorderMeasurementSectionView.pas(493,70) Warning: (4104) Implicit string type conversion from "AnsiString" to "UnicodeString"
D:\works\OburecGH\Lazarus\RecorderLnx\.\Components\MeasurementSection\uRecorderMeasurementSectionView.pas(493,78) Warning: (4105) Implicit string type conversion with potential data loss from "UnicodeString" to "AnsiString"
D:\works\OburecGH\Lazarus\RecorderLnx\.\Components\MeasurementSection\uRecorderMeasurementSectionView.pas(45,27) Hint: (5024) Parameter "Sender" not used
D:\works\OburecGH\Lazarus\RecorderLnx\.\Components\MeasurementSection\uRecorderMeasurementSectionView.pas(44,25) Hint: (5024) Parameter "Sender" not used
D:\works\OburecGH\Lazarus\RecorderLnx\.\Components\MeasurementSection\uRecorderMeasurementSectionView.pas(74,7) Hint: (5024) Parameter "ADisplaySeconds" not used
D:\works\OburecGH\Lazarus\RecorderLnx\.\Components\MeasurementSection\uRecorderMeasurementSectionView.pas(64,25) Hint: (5024) Parameter "Sender" not used
D:\works\OburecGH\Lazarus\RecorderLnx\.\Components\MeasurementSection\uRecorderMeasurementSectionView.pas(65,30) Hint: (5024) Parameter "Sender" not used
(3104) Compiling .\Components\ThreeD\uRecorder3dView.pas
(3104) Compiling D:\works\OburecGH\Lazarus\SharedUtils\3d\contracts\u3dContracts.pas
(3104) Compiling D:\works\OburecGH\Lazarus\SharedUtils\3d\core\u3dSceneMath.pas
(3104) Compiling D:\works\OburecGH\Lazarus\SharedUtils\3d\interaction\u3dInteractionTypes.pas
(3104) Compiling D:\works\OburecGH\Lazarus\SharedUtils\3d\interaction\u3dGizmo.pas
(3104) Compiling D:\works\OburecGH\Lazarus\SharedUtils\3d\interaction\u3dInteractionMath.pas
D:\works\OburecGH\Lazarus\SharedUtils\3d\interaction\u3dInteractionMath.pas(12,3) Hint: (5023) Unit "Math" not used in u3dInteractionMath
D:\works\OburecGH\Lazarus\SharedUtils\3d\interaction\u3dInteractionMath.pas(12,23) Hint: (5023) Unit "u3dInteractionTypes" not used in u3dInteractionMath
(3104) Compiling D:\works\OburecGH\Lazarus\SharedUtils\3d\interaction\u3dScreenGeometryMath.pas
(3104) Compiling D:\works\OburecGH\Lazarus\SharedUtils\3d\interaction\u3dCameraInteraction.pas
(3104) Compiling D:\works\OburecGH\Lazarus\SharedUtils\3d\core\u3dCamera.pas
D:\works\OburecGH\Lazarus\SharedUtils\3d\interaction\u3dCameraInteraction.pas(120,29) Note: (6058) Call to subroutine "function Dot(const A:T3dVector;const B:T3dVector):Single;" marked as inline is not inlined
D:\works\OburecGH\Lazarus\SharedUtils\3d\interaction\u3dCameraInteraction.pas(119,50) Note: (6058) Call to subroutine "function Scale(const A:T3dVector;AFactor:Single):<record type>;" marked as inline is not inlined
D:\works\OburecGH\Lazarus\SharedUtils\3d\interaction\u3dCameraInteraction.pas(119,43) Note: (6058) Call to subroutine "function Cross(const A:T3dVector;const B:T3dVector):<record type>;" marked as inline is not inlined
D:\works\OburecGH\Lazarus\SharedUtils\3d\interaction\u3dCameraInteraction.pas(118,43) Note: (6058) Call to subroutine "function Scale(const A:T3dVector;AFactor:Single):<record type>;" marked as inline is not inlined
(3104) Compiling D:\works\OburecGH\Lazarus\SharedUtils\3d\lcl\u3dLclWidget.pas
(3104) Compiling D:\works\OburecGH\Lazarus\SharedUtils\3d\interaction\u3dInputRouter.pas
D:\works\OburecGH\Lazarus\SharedUtils\3d\interaction\u3dInputRouter.pas(47,19) Hint: (5058) Variable "AResult" does not seem to be initialized
D:\works\OburecGH\Lazarus\SharedUtils\3d\interaction\u3dInputRouter.pas(28,29) Hint: (5024) Parameter "AModifiers" not used
D:\works\OburecGH\Lazarus\SharedUtils\3d\interaction\u3dInputRouter.pas(43,3) Hint: (5023) Unit "Math" not used in u3dInputRouter
(3104) Compiling D:\works\OburecGH\Lazarus\SharedUtils\3d\interaction\u3dInteractionDispatcher.pas
(3104) Compiling D:\works\OburecGH\Lazarus\SharedUtils\3d\interaction\u3dCameraRotateOverlay.pas
(3104) Compiling D:\works\OburecGH\Lazarus\SharedUtils\3d\interaction\u3dScenePicker.pas
D:\works\OburecGH\Lazarus\SharedUtils\3d\interaction\u3dScenePicker.pas(118,16) Hint: (5058) Variable "AHit" does not seem to be initialized
(3104) Compiling D:\works\OburecGH\Lazarus\SharedUtils\3d\interaction\u3dSelection.pas
D:\works\OburecGH\Lazarus\SharedUtils\3d\lcl\u3dLclWidget.pas(79,15) Note: (3250) Virtual method "Paint;" has a lower visibility (protected) than parent class TCustomOpenGLControl (public)
(3104) Compiling D:\works\OburecGH\Lazarus\SharedUtils\3d\render\opengl\u3dOpenGLRenderer.pas
D:\works\OburecGH\Lazarus\SharedUtils\3d\lcl\u3dLclWidget.pas(1022,16) Hint: (5058) Variable "AHit" does not seem to be initialized
(3104) Compiling .\Components\ThreeD\uRecorder3dBindingAdapter.pas
D:\works\OburecGH\Lazarus\RecorderLnx\.\Components\ThreeD\uRecorder3dBindingAdapter.pas(122,18) Hint: (5058) Variable "ABatch" does not seem to be initialized
(3104) Compiling .\Components\ThreeD\uRecorder3dSceneTreeDialog.pas
D:\works\OburecGH\Lazarus\RecorderLnx\.\Components\ThreeD\uRecorder3dSceneTreeDialog.pas(27,24) Hint: (5024) Parameter "Sender" not used
D:\works\OburecGH\Lazarus\RecorderLnx\.\Components\ThreeD\uRecorder3dSceneTreeDialog.pas(244,23) Hint: (5091) Local variable "RemovedIds" of a managed type does not seem to be initialized
D:\works\OburecGH\Lazarus\RecorderLnx\.\Components\ThreeD\uRecorder3dSceneTreeDialog.pas(28,27) Hint: (5024) Parameter "Sender" not used
D:\works\OburecGH\Lazarus\RecorderLnx\.\Components\ThreeD\uRecorder3dSceneTreeDialog.pas(29,26) Hint: (5024) Parameter "Sender" not used
D:\works\OburecGH\Lazarus\RecorderLnx\.\Components\ThreeD\uRecorder3dSceneTreeDialog.pas(30,59) Hint: (5024) Parameter "Shift" not used
D:\works\OburecGH\Lazarus\RecorderLnx\.\Components\ThreeD\uRecorder3dSceneTreeDialog.pas(31,26) Hint: (5024) Parameter "Sender" not used
D:\works\OburecGH\Lazarus\RecorderLnx\.\Components\ThreeD\uRecorder3dSceneTreeDialog.pas(32,30) Hint: (5024) Parameter "Sender" not used
D:\works\OburecGH\Lazarus\RecorderLnx\.\Components\ThreeD\uRecorder3dSceneTreeDialog.pas(32,47) Hint: (5024) Parameter "ACol" not used
D:\works\OburecGH\Lazarus\RecorderLnx\.\Components\ThreeD\uRecorder3dSceneTreeDialog.pas(33,11) Hint: (5024) Parameter "CanSelect" not used
D:\works\OburecGH\Lazarus\RecorderLnx\.\Components\ThreeD\uRecorder3dSceneTreeDialog.pas(34,28) Hint: (5024) Parameter "Sender" not used
D:\works\OburecGH\Lazarus\RecorderLnx\.\Components\ThreeD\uRecorder3dSceneTreeDialog.pas(35,26) Hint: (5024) Parameter "Sender" not used
D:\works\OburecGH\Lazarus\RecorderLnx\.\Components\ThreeD\uRecorder3dSceneTreeDialog.pas(36,37) Hint: (5024) Parameter "Sender" not used
D:\works\OburecGH\Lazarus\RecorderLnx\.\Components\ThreeD\uRecorder3dSceneTreeDialog.pas(37,25) Hint: (5024) Parameter "Sender" not used
D:\works\OburecGH\Lazarus\RecorderLnx\.\Components\ThreeD\uRecorder3dSceneTreeDialog.pas(38,32) Hint: (5024) Parameter "Sender" not used
D:\works\OburecGH\Lazarus\RecorderLnx\.\Components\ThreeD\uRecorder3dSceneTreeDialog.pas(39,26) Hint: (5024) Parameter "Sender" not used
(3104) Compiling .\Components\Editor\uRecorderCommandImages.pas
(3104) Compiling D:\works\OburecGH\Lazarus\SharedUtils\3d\motion\u3dSceneMotionEngine.pas
(3104) Compiling .\Components\ThreeD\uRecorderFrfMotionAdapter.pas
(3104) Compiling .\Components\ThreeD\uRecorder3dInteractionTrace.pas
(3104) Compiling .\Components\ThreeD\uRecorder3dImpactBindingController.pas
D:\works\OburecGH\Lazarus\RecorderLnx\.\Components\ThreeD\uRecorder3dImpactBindingController.pas(134,18) Hint: (5091) Local variable "Specs" of a managed type does not seem to be initialized
(3104) Compiling .\Components\ThreeD\uRecorder3dSkinBindingAdapter.pas
(3104) Compiling .\Components\ThreeD\uRecorder3dVertexColorAdapter.pas
D:\works\OburecGH\Lazarus\RecorderLnx\.\Components\ThreeD\uRecorder3dVertexColorAdapter.pas(141,22) Hint: (5091) Local variable "Gradients" of a managed type does not seem to be initialized
D:\works\OburecGH\Lazarus\RecorderLnx\.\Components\ThreeD\uRecorder3dVertexColorAdapter.pas(157,20) Hint: (5091) Local variable "MeshIds" of a managed type does not seem to be initialized
D:\works\OburecGH\Lazarus\RecorderLnx\.\Components\ThreeD\uRecorder3dVertexColorAdapter.pas(180,20) Hint: (5091) Local variable "Evals" of a managed type does not seem to be initialized
D:\works\OburecGH\Lazarus\RecorderLnx\.\Components\ThreeD\uRecorder3dVertexColorAdapter.pas(236,20) Hint: (5092) Variable "ALabels" of a managed type does not seem to be initialized
D:\works\OburecGH\Lazarus\RecorderLnx\.\Components\ThreeD\uRecorder3dView.pas(110,15) Note: (3250) Virtual method "Paint;" has a lower visibility (protected) than parent class T3dLclWidget (public)
D:\works\OburecGH\Lazarus\RecorderLnx\.\Components\ThreeD\uRecorder3dView.pas(87,37) Hint: (5024) Parameter "Sender" not used
D:\works\OburecGH\Lazarus\RecorderLnx\.\Components\ThreeD\uRecorder3dView.pas(90,36) Hint: (5024) Parameter "Sender" not used
D:\works\OburecGH\Lazarus\RecorderLnx\.\Components\ThreeD\uRecorder3dView.pas(88,33) Hint: (5024) Parameter "Sender" not used
D:\works\OburecGH\Lazarus\RecorderLnx\.\Components\ThreeD\uRecorder3dView.pas(319,20) Hint: (5091) Local variable "Primary" of a managed type does not seem to be initialized
D:\works\OburecGH\Lazarus\RecorderLnx\.\Components\ThreeD\uRecorder3dView.pas(320,21) Hint: (5091) Local variable "Adjacent" of a managed type does not seem to be initialized
D:\works\OburecGH\Lazarus\RecorderLnx\.\Components\ThreeD\uRecorder3dView.pas(108,37) Hint: (5024) Parameter "Sender" not used
D:\works\OburecGH\Lazarus\RecorderLnx\.\Components\ThreeD\uRecorder3dView.pas(70,32) Hint: (5024) Parameter "Sender" not used
D:\works\OburecGH\Lazarus\RecorderLnx\.\Components\ThreeD\uRecorder3dView.pas(81,38) Hint: (5024) Parameter "Sender" not used
D:\works\OburecGH\Lazarus\RecorderLnx\.\Components\ThreeD\uRecorder3dView.pas(74,37) Hint: (5024) Parameter "Sender" not used
D:\works\OburecGH\Lazarus\RecorderLnx\.\Components\ThreeD\uRecorder3dView.pas(75,33) Hint: (5024) Parameter "Sender" not used
D:\works\OburecGH\Lazarus\RecorderLnx\.\Components\ThreeD\uRecorder3dView.pas(76,40) Hint: (5024) Parameter "Sender" not used
D:\works\OburecGH\Lazarus\RecorderLnx\.\Components\ThreeD\uRecorder3dView.pas(65,24) Hint: (5024) Parameter "Sender" not used
D:\works\OburecGH\Lazarus\RecorderLnx\.\Components\ThreeD\uRecorder3dView.pas(66,30) Hint: (5024) Parameter "Sender" not used
D:\works\OburecGH\Lazarus\RecorderLnx\.\Components\ThreeD\uRecorder3dView.pas(67,32) Hint: (5024) Parameter "Sender" not used
D:\works\OburecGH\Lazarus\RecorderLnx\.\Components\ThreeD\uRecorder3dView.pas(63,27) Hint: (5024) Parameter "Sender" not used
D:\works\OburecGH\Lazarus\RecorderLnx\.\Components\ThreeD\uRecorder3dView.pas(865,13) Hint: (5057) Local variable "C" does not seem to be initialized
D:\works\OburecGH\Lazarus\RecorderLnx\.\Components\ThreeD\uRecorder3dView.pas(875,13) Hint: (5091) Local variable "O" of a managed type does not seem to be initialized
D:\works\OburecGH\Lazarus\RecorderLnx\.\Components\ThreeD\uRecorder3dView.pas(1085,20) Hint: (5091) Local variable "Targets" of a managed type does not seem to be initialized
D:\works\OburecGH\Lazarus\RecorderLnx\.\Components\ThreeD\uRecorder3dView.pas(1086,21) Hint: (5091) Local variable "Bindings" of a managed type does not seem to be initialized
D:\works\OburecGH\Lazarus\RecorderLnx\.\Components\ThreeD\uRecorder3dView.pas(120,7) Hint: (5024) Parameter "ADisplaySeconds" not used
D:\works\OburecGH\Lazarus\RecorderLnx\.\Components\ThreeD\uRecorder3dView.pas(14,65) Hint: (5023) Unit "StdCtrls" not used in uRecorder3dView
D:\works\OburecGH\Lazarus\RecorderLnx\.\Components\ThreeD\uRecorder3dView.pas(16,3) Hint: (5023) Unit "u3dGizmo" not used in uRecorder3dView
(3104) Compiling .\Components\ImpactHammer\uRecorderImpactHammerView.pas
(3104) Compiling .\Core\uRecorderImpactSessionContracts.pas
(3104) Compiling .\Components\ImpactHammer\uRecorderImpactHammerPresenter.pas
(3104) Compiling .\Components\ImpactHammer\uRecorderImpactMeraAdapter.pas
(3104) Compiling .\Core\uRecorderImpactSessionValidation.pas
D:\works\OburecGH\Lazarus\RecorderLnx\.\Components\ImpactHammer\uRecorderImpactMeraAdapter.pas(35,13) Hint: (5024) Parameter "AOptions" not used
D:\works\OburecGH\Lazarus\RecorderLnx\.\Components\ImpactHammer\uRecorderImpactMeraAdapter.pas(307,23) Hint: (5091) Local variable "FrfNames" of a managed type does not seem to be initialized
D:\works\OburecGH\Lazarus\RecorderLnx\.\Components\ImpactHammer\uRecorderImpactMeraAdapter.pas(308,25) Hint: (5091) Local variable "PhaseNames" of a managed type does not seem to be initialized
D:\works\OburecGH\Lazarus\RecorderLnx\.\Components\ImpactHammer\uRecorderImpactMeraAdapter.pas(51,33) Hint: (5024) Parameter "ASnapshot" not used
(3104) Compiling .\Components\ImpactHammer\uRcFrfPeaks.pas
(3104) Compiling .\Components\ImpactHammer\uRcFrfPeakForm.pas
D:\works\OburecGH\Lazarus\RecorderLnx\.\Components\ImpactHammer\uRcFrfPeakForm.pas(17,26) Hint: (5024) Parameter "Sender" not used
D:\works\OburecGH\Lazarus\RecorderLnx\.\Components\ImpactHammer\uRcFrfPeakForm.pas(18,30) Hint: (5024) Parameter "Sender" not used
D:\works\OburecGH\Lazarus\RecorderLnx\.\Components\ImpactHammer\uRcFrfPeakForm.pas(19,25) Hint: (5024) Parameter "Sender" not used
(3104) Compiling .\Components\ImpactHammer\uRecorderImpactHammerService.pas
(3104) Compiling .\Core\uRecorderImpactHammer.pas
(3104) Compiling D:\works\OburecGH\Lazarus\SharedUtils\math\complex.pas
D:\works\OburecGH\Lazarus\SharedUtils\math\complex.pas(76,39) Hint: (5024) Parameter "c" not used
D:\works\OburecGH\Lazarus\SharedUtils\math\complex.pas(154,3) Hint: (5028) Local const "c_degtorad" is not used
(3104) Compiling .\Core\uRecorderFrfRepository.pas
D:\works\OburecGH\Lazarus\RecorderLnx\.\Core\uRecorderImpactHammer.pas(60,5) Warning: (3018) Constructor should be public
(3104) Compiling .\Core\uRecorderImpactDsp.pas
D:\works\OburecGH\Lazarus\RecorderLnx\.\Core\uRecorderImpactDsp.pas(513,17) Hint: (4055) Conversion between ordinals and pointers is not portable
D:\works\OburecGH\Lazarus\RecorderLnx\.\Core\uRecorderImpactDsp.pas(518,15) Hint: (4055) Conversion between ordinals and pointers is not portable
D:\works\OburecGH\Lazarus\RecorderLnx\.\Components\ImpactHammer\uRecorderImpactHammerService.pas(463,22) Hint: (5091) Local variable "Resampled" of a managed type does not seem to be initialized
D:\works\OburecGH\Lazarus\RecorderLnx\.\Components\ImpactHammer\uRecorderImpactHammerService.pas(85,27) Hint: (5024) Parameter "ASender" not used
D:\works\OburecGH\Lazarus\RecorderLnx\.\Components\ImpactHammer\uRecorderImpactHammerService.pas(628,75) Warning: (4104) Implicit string type conversion from "AnsiString" to "UnicodeString"
D:\works\OburecGH\Lazarus\RecorderLnx\.\Components\ImpactHammer\uRecorderImpactHammerService.pas(628,72) Warning: (4105) Implicit string type conversion with potential data loss from "UnicodeString" to "AnsiString"
D:\works\OburecGH\Lazarus\RecorderLnx\.\Components\ImpactHammer\uRecorderImpactHammerService.pas(709,21) Hint: (5091) Local variable "Blocks" of a managed type does not seem to be initialized
D:\works\OburecGH\Lazarus\RecorderLnx\.\Components\ImpactHammer\uRecorderImpactHammerService.pas(710,28) Hint: (5091) Local variable "IncludedFlags" of a managed type does not seem to be initialized
D:\works\OburecGH\Lazarus\RecorderLnx\.\Components\ImpactHammer\uRecorderImpactHammerService.pas(711,24) Hint: (5091) Local variable "Sequences" of a managed type does not seem to be initialized
D:\works\OburecGH\Lazarus\RecorderLnx\.\Components\ImpactHammer\uRecorderImpactHammerService.pas(759,24) Hint: (5091) Local variable "Resampled" of a managed type does not seem to be initialized
D:\works\OburecGH\Lazarus\RecorderLnx\.\Components\ImpactHammer\uRecorderImpactHammerService.pas(760,23) Hint: (5091) Local variable "Included" of a managed type does not seem to be initialized
D:\works\OburecGH\Lazarus\RecorderLnx\.\Components\ImpactHammer\uRecorderImpactHammerService.pas(890,22) Hint: (5092) Variable "AIncluded" of a managed type does not seem to be initialized
D:\works\OburecGH\Lazarus\RecorderLnx\.\Components\ImpactHammer\uRecorderImpactHammerService.pas(921,20) Hint: (5092) Variable "ACurves" of a managed type does not seem to be initialized
D:\works\OburecGH\Lazarus\RecorderLnx\.\Components\ImpactHammer\uRecorderImpactHammerService.pas(926,26) Hint: (5091) Local variable "EstimateInput" of a managed type does not seem to be initialized
D:\works\OburecGH\Lazarus\RecorderLnx\.\Components\ImpactHammer\uRecorderImpactHammerService.pas(976,22) Hint: (5091) Local variable "Resampled" of a managed type does not seem to be initialized
D:\works\OburecGH\Lazarus\RecorderLnx\.\Components\ImpactHammer\uRecorderImpactHammerService.pas(1073,21) Hint: (5091) Local variable "Included" of a managed type does not seem to be initialized
D:\works\OburecGH\Lazarus\RecorderLnx\.\Components\ImpactHammer\uRecorderImpactHammerService.pas(1094,19) Hint: (5091) Local variable "Curves" of a managed type does not seem to be initialized
D:\works\OburecGH\Lazarus\RecorderLnx\.\Components\ImpactHammer\uRecorderImpactHammerService.pas(1098,28) Hint: (5091) Local variable "EstimateInput" of a managed type does not seem to be initialized
D:\works\OburecGH\Lazarus\RecorderLnx\.\Components\ImpactHammer\uRecorderImpactHammerService.pas(1357,18) Warning: (4104) Implicit string type conversion from "AnsiString" to "UnicodeString"
D:\works\OburecGH\Lazarus\RecorderLnx\.\Components\ImpactHammer\uRecorderImpactHammerService.pas(1356,77) Warning: (4105) Implicit string type conversion with potential data loss from "UnicodeString" to "AnsiString"
D:\works\OburecGH\Lazarus\RecorderLnx\.\Components\ImpactHammer\uRecorderImpactHammerService.pas(1691,21) Hint: (5091) Local variable "Bindings" of a managed type does not seem to be initialized
(3104) Compiling .\Components\ImpactHammer\uRecorderImpactSessionCommands.pas
(3104) Compiling .\Components\ImpactHammer\uRecorderImpactSessionJson.pas
(3104) Compiling .\Components\ImpactHammer\uRecorderImpactSessionCsv.pas
D:\works\OburecGH\Lazarus\RecorderLnx\.\Components\ImpactHammer\uRecorderImpactHammerView.pas(180,30) Hint: (5024) Parameter "ATagRegistry" not used
D:\works\OburecGH\Lazarus\RecorderLnx\.\Components\ImpactHammer\uRecorderImpactHammerView.pas(181,7) Hint: (5024) Parameter "ADisplaySeconds" not used
D:\works\OburecGH\Lazarus\RecorderLnx\.\Components\ImpactHammer\uRecorderImpactHammerView.pas(101,30) Hint: (5024) Parameter "Sender" not used
D:\works\OburecGH\Lazarus\RecorderLnx\.\Components\ImpactHammer\uRecorderImpactHammerView.pas(102,7) Hint: (5024) Parameter "Shift" not used
D:\works\OburecGH\Lazarus\RecorderLnx\.\Components\ImpactHammer\uRecorderImpactHammerView.pas(103,28) Hint: (5024) Parameter "Sender" not used
D:\works\OburecGH\Lazarus\RecorderLnx\.\Components\ImpactHammer\uRecorderImpactHammerView.pas(104,7) Hint: (5024) Parameter "Shift" not used
D:\works\OburecGH\Lazarus\RecorderLnx\.\Components\ImpactHammer\uRecorderImpactHammerView.pas(104,27) Hint: (5024) Parameter "X" not used
D:\works\OburecGH\Lazarus\RecorderLnx\.\Components\ImpactHammer\uRecorderImpactHammerView.pas(95,39) Hint: (5024) Parameter "Sender" not used
D:\works\OburecGH\Lazarus\RecorderLnx\.\Components\ImpactHammer\uRecorderImpactHammerView.pas(88,33) Hint: (5024) Parameter "Sender" not used
D:\works\OburecGH\Lazarus\RecorderLnx\.\Components\ImpactHammer\uRecorderImpactHammerView.pas(90,36) Hint: (5024) Parameter "Sender" not used
D:\works\OburecGH\Lazarus\RecorderLnx\.\Components\ImpactHammer\uRecorderImpactHammerView.pas(91,41) Hint: (5024) Parameter "Sender" not used
D:\works\OburecGH\Lazarus\RecorderLnx\.\Components\ImpactHammer\uRecorderImpactHammerView.pas(92,35) Hint: (5024) Parameter "Sender" not used
D:\works\OburecGH\Lazarus\RecorderLnx\.\Components\ImpactHammer\uRecorderImpactHammerView.pas(93,29) Hint: (5024) Parameter "Control" not used
D:\works\OburecGH\Lazarus\RecorderLnx\.\Components\ImpactHammer\uRecorderImpactHammerView.pas(89,29) Hint: (5024) Parameter "Sender" not used
D:\works\OburecGH\Lazarus\RecorderLnx\.\Components\ImpactHammer\uRecorderImpactHammerView.pas(96,37) Hint: (5024) Parameter "Sender" not used
D:\works\OburecGH\Lazarus\RecorderLnx\.\Components\ImpactHammer\uRecorderImpactHammerView.pas(97,34) Hint: (5024) Parameter "Sender" not used
D:\works\OburecGH\Lazarus\RecorderLnx\.\Components\ImpactHammer\uRecorderImpactHammerView.pas(81,38) Hint: (5024) Parameter "Sender" not used
D:\works\OburecGH\Lazarus\RecorderLnx\.\Components\ImpactHammer\uRecorderImpactHammerView.pas(80,34) Hint: (5024) Parameter "Sender" not used
D:\works\OburecGH\Lazarus\RecorderLnx\.\Components\ImpactHammer\uRecorderImpactHammerView.pas(79,28) Hint: (5024) Parameter "Sender" not used
D:\works\OburecGH\Lazarus\RecorderLnx\.\Components\ImpactHammer\uRecorderImpactHammerView.pas(78,30) Hint: (5024) Parameter "Sender" not used
D:\works\OburecGH\Lazarus\RecorderLnx\.\Components\ImpactHammer\uRecorderImpactHammerView.pas(82,29) Hint: (5024) Parameter "Sender" not used
D:\works\OburecGH\Lazarus\RecorderLnx\.\Components\ImpactHammer\uRecorderImpactHammerView.pas(77,27) Hint: (5024) Parameter "Sender" not used
D:\works\OburecGH\Lazarus\RecorderLnx\.\Components\ImpactHammer\uRecorderImpactHammerView.pas(83,28) Hint: (5024) Parameter "Sender" not used
D:\works\OburecGH\Lazarus\RecorderLnx\.\Components\ImpactHammer\uRecorderImpactHammerView.pas(84,34) Hint: (5024) Parameter "Sender" not used
D:\works\OburecGH\Lazarus\RecorderLnx\.\Components\ImpactHammer\uRecorderImpactHammerView.pas(85,33) Hint: (5024) Parameter "Sender" not used
D:\works\OburecGH\Lazarus\RecorderLnx\.\Components\ImpactHammer\uRecorderImpactHammerView.pas(86,33) Hint: (5024) Parameter "Sender" not used
D:\works\OburecGH\Lazarus\RecorderLnx\.\Components\Editor\uFormEditorController.pas(1095,3) Note: (5025) Local variable "lShape" not used
D:\works\OburecGH\Lazarus\RecorderLnx\.\Components\Editor\uFormEditorController.pas(1098,3) Note: (5025) Local variable "lOsc" not used
D:\works\OburecGH\Lazarus\RecorderLnx\.\Components\Editor\uFormEditorController.pas(1116,3) Note: (5025) Local variable "lSelectionContainsImage" not used
D:\works\OburecGH\Lazarus\RecorderLnx\.\Components\Editor\uFormEditorController.pas(1561,18) Hint: (4055) Conversion between ordinals and pointers is not portable
D:\works\OburecGH\Lazarus\RecorderLnx\.\Components\Editor\uFormEditorController.pas(1563,10) Hint: (4055) Conversion between ordinals and pointers is not portable
D:\works\OburecGH\Lazarus\RecorderLnx\.\Components\Editor\uFormEditorController.pas(1565,22) Hint: (4055) Conversion between ordinals and pointers is not portable
D:\works\OburecGH\Lazarus\RecorderLnx\.\Components\Editor\uFormEditorController.pas(1593,21) Hint: (4055) Conversion between ordinals and pointers is not portable
D:\works\OburecGH\Lazarus\RecorderLnx\.\Components\Editor\uFormEditorController.pas(1617,49) Hint: (4055) Conversion between ordinals and pointers is not portable
D:\works\OburecGH\Lazarus\RecorderLnx\.\Components\Editor\uFormEditorController.pas(1802,44) Hint: (4055) Conversion between ordinals and pointers is not portable
D:\works\OburecGH\Lazarus\RecorderLnx\.\Components\Editor\uFormEditorController.pas(207,31) Hint: (5024) Parameter "Sender" not used
D:\works\OburecGH\Lazarus\RecorderLnx\.\Components\Editor\uFormEditorController.pas(207,48) Hint: (5024) Parameter "Shift" not used
D:\works\OburecGH\Lazarus\RecorderLnx\.\Components\Editor\uFormEditorController.pas(208,29) Hint: (5024) Parameter "Sender" not used
D:\works\OburecGH\Lazarus\RecorderLnx\.\Components\Editor\uFormEditorController.pas(209,7) Hint: (5024) Parameter "Shift" not used
D:\works\OburecGH\Lazarus\RecorderLnx\.\Components\Editor\uFormEditorController.pas(214,47) Hint: (5024) Parameter "Shift" not used
D:\works\OburecGH\Lazarus\RecorderLnx\.\Components\Editor\uFormEditorController.pas(213,7) Hint: (5024) Parameter "Shift" not used
D:\works\OburecGH\Lazarus\RecorderLnx\.\Components\Editor\uFormEditorController.pas(216,7) Hint: (5024) Parameter "Shift" not used
D:\works\OburecGH\Lazarus\RecorderLnx\.\Components\Editor\uFormEditorController.pas(225,7) Hint: (5024) Parameter "Shift" not used
D:\works\OburecGH\Lazarus\RecorderLnx\.\Components\Editor\uFormEditorController.pas(2092,42) Hint: (4055) Conversion between ordinals and pointers is not portable
D:\works\OburecGH\Lazarus\RecorderLnx\.\Components\Editor\uFormEditorController.pas(2168,29) Hint: (4055) Conversion between ordinals and pointers is not portable
D:\works\OburecGH\Lazarus\RecorderLnx\.\Components\Editor\uFormEditorController.pas(2224,23) Hint: (4055) Conversion between ordinals and pointers is not portable
D:\works\OburecGH\Lazarus\RecorderLnx\.\Components\Editor\uFormEditorController.pas(2402,25) Hint: (4055) Conversion between ordinals and pointers is not portable
D:\works\OburecGH\Lazarus\RecorderLnx\.\Components\Editor\uFormEditorController.pas(2516,21) Hint: (4055) Conversion between ordinals and pointers is not portable
D:\works\OburecGH\Lazarus\RecorderLnx\.\Components\Editor\uFormEditorController.pas(2707,45) Hint: (4055) Conversion between ordinals and pointers is not portable
D:\works\OburecGH\Lazarus\RecorderLnx\.\Components\Editor\uFormEditorController.pas(2833,23) Hint: (4055) Conversion between ordinals and pointers is not portable
D:\works\OburecGH\Lazarus\RecorderLnx\.\Components\Editor\uFormEditorController.pas(2886,21) Hint: (4055) Conversion between ordinals and pointers is not portable
D:\works\OburecGH\Lazarus\RecorderLnx\.\Components\Editor\uFormEditorController.pas(2994,31) Hint: (4055) Conversion between ordinals and pointers is not portable
D:\works\OburecGH\Lazarus\RecorderLnx\.\Components\Editor\uFormEditorController.pas(3015,19) Hint: (4055) Conversion between ordinals and pointers is not portable
D:\works\OburecGH\Lazarus\RecorderLnx\.\Components\Editor\uFormEditorController.pas(3026,29) Hint: (4055) Conversion between ordinals and pointers is not portable
D:\works\OburecGH\Lazarus\RecorderLnx\.\Components\Editor\uFormEditorController.pas(3050,21) Hint: (4055) Conversion between ordinals and pointers is not portable
D:\works\OburecGH\Lazarus\RecorderLnx\.\Components\Editor\uFormEditorController.pas(3171,39) Hint: (4055) Conversion between ordinals and pointers is not portable
D:\works\OburecGH\Lazarus\RecorderLnx\.\Components\Editor\uFormEditorController.pas(3180,41) Hint: (4055) Conversion between ordinals and pointers is not portable
D:\works\OburecGH\Lazarus\RecorderLnx\.\Components\Editor\uFormEditorController.pas(334,3) Hint: (5023) Unit "uRecorderImpactHammerModel" not used in uFormEditorController
(3104) Compiling .\UI\uDetachedMnemonicForm.pas
(3104) Compiling .\Components\Editor\uRecorderComponentToolGroup.pas
D:\works\OburecGH\Lazarus\RecorderLnx\.\Components\Editor\uRecorderComponentToolGroup.pas(35,24) Hint: (5024) Parameter "Sender" not used
D:\works\OburecGH\Lazarus\RecorderLnx\.\Components\Editor\uRecorderComponentToolGroup.pas(149,14) Hint: (4055) Conversion between ordinals and pointers is not portable
D:\works\OburecGH\Lazarus\RecorderLnx\.\Components\Editor\uRecorderComponentToolGroup.pas(256,54) Hint: (4055) Conversion between ordinals and pointers is not portable
D:\works\OburecGH\Lazarus\RecorderLnx\.\Components\Editor\uRecorderComponentToolGroup.pas(272,27) Hint: (4055) Conversion between ordinals and pointers is not portable
D:\works\OburecGH\Lazarus\RecorderLnx\.\Components\Editor\uRecorderComponentToolGroup.pas(274,54) Hint: (4055) Conversion between ordinals and pointers is not portable
D:\works\OburecGH\Lazarus\RecorderLnx\.\Components\Editor\uRecorderComponentToolGroup.pas(71,28) Hint: (5024) Parameter "Sender" not used
D:\works\OburecGH\Lazarus\RecorderLnx\.\Components\Editor\uRecorderComponentToolGroup.pas(294,27) Hint: (4055) Conversion between ordinals and pointers is not portable
D:\works\OburecGH\Lazarus\RecorderLnx\.\UI\uDetachedMnemonicForm.pas(47,28) Hint: (5024) Parameter "Sender" not used
D:\works\OburecGH\Lazarus\RecorderLnx\.\UI\uDetachedMnemonicForm.pas(48,29) Hint: (5024) Parameter "Sender" not used
D:\works\OburecGH\Lazarus\RecorderLnx\.\UI\uDetachedMnemonicForm.pas(49,27) Hint: (5024) Parameter "Sender" not used
D:\works\OburecGH\Lazarus\RecorderLnx\.\UI\uDetachedMnemonicForm.pas(50,29) Hint: (5024) Parameter "Sender" not used
D:\works\OburecGH\Lazarus\RecorderLnx\.\UI\uDetachedMnemonicForm.pas(51,32) Hint: (5024) Parameter "Sender" not used
D:\works\OburecGH\Lazarus\RecorderLnx\.\UI\uDetachedMnemonicForm.pas(52,31) Hint: (5024) Parameter "Sender" not used
D:\works\OburecGH\Lazarus\RecorderLnx\.\UI\uDetachedMnemonicForm.pas(53,32) Hint: (5024) Parameter "Sender" not used
D:\works\OburecGH\Lazarus\RecorderLnx\.\UI\uDetachedMnemonicForm.pas(54,29) Hint: (5024) Parameter "Sender" not used
D:\works\OburecGH\Lazarus\RecorderLnx\.\UI\uDetachedMnemonicForm.pas(55,29) Hint: (5024) Parameter "Sender" not used
D:\works\OburecGH\Lazarus\RecorderLnx\.\UI\uDetachedMnemonicForm.pas(56,27) Hint: (5024) Parameter "Sender" not used
D:\works\OburecGH\Lazarus\RecorderLnx\.\UI\uDetachedMnemonicForm.pas(57,33) Hint: (5024) Parameter "Sender" not used
D:\works\OburecGH\Lazarus\RecorderLnx\.\UI\uDetachedMnemonicForm.pas(58,33) Hint: (5024) Parameter "Sender" not used
D:\works\OburecGH\Lazarus\RecorderLnx\.\UI\uDetachedMnemonicForm.pas(59,33) Hint: (5024) Parameter "Sender" not used
D:\works\OburecGH\Lazarus\RecorderLnx\.\UI\uDetachedMnemonicForm.pas(60,31) Hint: (5024) Parameter "Sender" not used
D:\works\OburecGH\Lazarus\RecorderLnx\.\UI\uDetachedMnemonicForm.pas(62,27) Hint: (5024) Parameter "Sender" not used
D:\works\OburecGH\Lazarus\RecorderLnx\.\UI\uDetachedMnemonicForm.pas(61,25) Hint: (5024) Parameter "Sender" not used
D:\works\OburecGH\Lazarus\RecorderLnx\.\UI\uDetachedMnemonicForm.pas(64,32) Hint: (5024) Parameter "Sender" not used
D:\works\OburecGH\Lazarus\RecorderLnx\.\UI\uDetachedMnemonicForm.pas(397,35) Hint: (5057) Local variable "lIntersection" does not seem to be initialized
(3104) Compiling .\UI\uRecorderSettingsDialog.pas
(3104) Compiling .\UI\uTagSettingsDialog.pas
D:\works\OburecGH\Lazarus\RecorderLnx\.\UI\uTagSettingsDialog.pas(15,24) Warning: (2005) Comment level 2 found
(3104) Compiling .\Core\uRecorderTagSettingsProvider.pas
(3104) Compiling .\UI\uRecorderCalibrationAddDialog.pas
D:\works\OburecGH\Lazarus\RecorderLnx\.\UI\uRecorderCalibrationAddDialog.pas(18,26) Hint: (5024) Parameter "Sender" not used
D:\works\OburecGH\Lazarus\RecorderLnx\.\UI\uRecorderCalibrationAddDialog.pas(19,31) Hint: (5024) Parameter "Sender" not used
(3104) Compiling .\UI\uRecorderCalibrationPropertiesDialog.pas
D:\works\OburecGH\Lazarus\RecorderLnx\.\UI\uRecorderCalibrationPropertiesDialog.pas(61,26) Hint: (5024) Parameter "Sender" not used
D:\works\OburecGH\Lazarus\RecorderLnx\.\UI\uRecorderCalibrationPropertiesDialog.pas(447,26) Warning: (4104) Implicit string type conversion from "AnsiString" to "UnicodeString"
D:\works\OburecGH\Lazarus\RecorderLnx\.\UI\uRecorderCalibrationPropertiesDialog.pas(447,60) Warning: (4105) Implicit string type conversion with potential data loss from "UnicodeString" to "RawByteString"
D:\works\OburecGH\Lazarus\RecorderLnx\.\UI\uRecorderCalibrationPropertiesDialog.pas(447,61) Warning: (4105) Implicit string type conversion with potential data loss from "UnicodeString" to "TTranslateString"
D:\works\OburecGH\Lazarus\RecorderLnx\.\UI\uRecorderCalibrationPropertiesDialog.pas(451,26) Warning: (4104) Implicit string type conversion from "AnsiString" to "UnicodeString"
D:\works\OburecGH\Lazarus\RecorderLnx\.\UI\uRecorderCalibrationPropertiesDialog.pas(451,60) Warning: (4105) Implicit string type conversion with potential data loss from "UnicodeString" to "RawByteString"
D:\works\OburecGH\Lazarus\RecorderLnx\.\UI\uRecorderCalibrationPropertiesDialog.pas(451,61) Warning: (4105) Implicit string type conversion with potential data loss from "UnicodeString" to "TTranslateString"
D:\works\OburecGH\Lazarus\RecorderLnx\.\UI\uRecorderCalibrationPropertiesDialog.pas(456,72) Warning: (4104) Implicit string type conversion from "AnsiString" to "UnicodeString"
D:\works\OburecGH\Lazarus\RecorderLnx\.\UI\uRecorderCalibrationPropertiesDialog.pas(457,5) Warning: (4104) Implicit string type conversion from "AnsiString" to "UnicodeString"
D:\works\OburecGH\Lazarus\RecorderLnx\.\UI\uRecorderCalibrationPropertiesDialog.pas(457,20) Warning: (4105) Implicit string type conversion with potential data loss from "UnicodeString" to "RawByteString"
D:\works\OburecGH\Lazarus\RecorderLnx\.\UI\uRecorderCalibrationPropertiesDialog.pas(457,21) Warning: (4105) Implicit string type conversion with potential data loss from "UnicodeString" to "TTranslateString"
D:\works\OburecGH\Lazarus\RecorderLnx\.\UI\uRecorderCalibrationPropertiesDialog.pas(458,57) Warning: (4104) Implicit string type conversion from "AnsiString" to "UnicodeString"
D:\works\OburecGH\Lazarus\RecorderLnx\.\UI\uRecorderCalibrationPropertiesDialog.pas(458,70) Warning: (4105) Implicit string type conversion with potential data loss from "UnicodeString" to "RawByteString"
D:\works\OburecGH\Lazarus\RecorderLnx\.\UI\uRecorderCalibrationPropertiesDialog.pas(458,71) Warning: (4105) Implicit string type conversion with potential data loss from "UnicodeString" to "TTranslateString"
D:\works\OburecGH\Lazarus\RecorderLnx\.\UI\uRecorderCalibrationPropertiesDialog.pas(459,59) Warning: (4104) Implicit string type conversion from "AnsiString" to "UnicodeString"
D:\works\OburecGH\Lazarus\RecorderLnx\.\UI\uRecorderCalibrationPropertiesDialog.pas(459,74) Warning: (4105) Implicit string type conversion with potential data loss from "UnicodeString" to "RawByteString"
D:\works\OburecGH\Lazarus\RecorderLnx\.\UI\uRecorderCalibrationPropertiesDialog.pas(459,75) Warning: (4105) Implicit string type conversion with potential data loss from "UnicodeString" to "TTranslateString"
D:\works\OburecGH\Lazarus\RecorderLnx\.\UI\uRecorderCalibrationPropertiesDialog.pas(461,69) Warning: (4104) Implicit string type conversion from "AnsiString" to "UnicodeString"
D:\works\OburecGH\Lazarus\RecorderLnx\.\UI\uRecorderCalibrationPropertiesDialog.pas(462,32) Warning: (4104) Implicit string type conversion from "AnsiString" to "UnicodeString"
D:\works\OburecGH\Lazarus\RecorderLnx\.\UI\uRecorderCalibrationPropertiesDialog.pas(462,54) Warning: (4104) Implicit string type conversion from "AnsiString" to "UnicodeString"
D:\works\OburecGH\Lazarus\RecorderLnx\.\UI\uRecorderCalibrationPropertiesDialog.pas(462,76) Warning: (4104) Implicit string type conversion from "AnsiString" to "UnicodeString"
D:\works\OburecGH\Lazarus\RecorderLnx\.\UI\uRecorderCalibrationPropertiesDialog.pas(462,90) Warning: (4105) Implicit string type conversion with potential data loss from "UnicodeString" to "RawByteString"
D:\works\OburecGH\Lazarus\RecorderLnx\.\UI\uRecorderCalibrationPropertiesDialog.pas(463,3) Warning: (4105) Implicit string type conversion with potential data loss from "UnicodeString" to "TTranslateString"
D:\works\OburecGH\Lazarus\RecorderLnx\.\UI\uRecorderCalibrationPropertiesDialog.pas(464,69) Warning: (4104) Implicit string type conversion from "AnsiString" to "UnicodeString"
D:\works\OburecGH\Lazarus\RecorderLnx\.\UI\uRecorderCalibrationPropertiesDialog.pas(465,71) Warning: (4104) Implicit string type conversion from "AnsiString" to "UnicodeString"
D:\works\OburecGH\Lazarus\RecorderLnx\.\UI\uRecorderCalibrationPropertiesDialog.pas(466,7) Warning: (4104) Implicit string type conversion from "AnsiString" to "UnicodeString"
D:\works\OburecGH\Lazarus\RecorderLnx\.\UI\uRecorderCalibrationPropertiesDialog.pas(466,20) Warning: (4105) Implicit string type conversion with potential data loss from "UnicodeString" to "RawByteString"
D:\works\OburecGH\Lazarus\RecorderLnx\.\UI\uRecorderCalibrationPropertiesDialog.pas(466,21) Warning: (4105) Implicit string type conversion with potential data loss from "UnicodeString" to "TTranslateString"
D:\works\OburecGH\Lazarus\RecorderLnx\.\UI\uRecorderCalibrationPropertiesDialog.pas(68,7) Hint: (5024) Parameter "Shift" not used
D:\works\OburecGH\Lazarus\RecorderLnx\.\UI\uRecorderCalibrationPropertiesDialog.pas(546,72) Warning: (4104) Implicit string type conversion from "AnsiString" to "UnicodeString"
D:\works\OburecGH\Lazarus\RecorderLnx\.\UI\uRecorderCalibrationPropertiesDialog.pas(546,82) Warning: (4105) Implicit string type conversion with potential data loss from "UnicodeString" to "AnsiString"
D:\works\OburecGH\Lazarus\RecorderLnx\.\UI\uRecorderCalibrationPropertiesDialog.pas(551,89) Warning: (4104) Implicit string type conversion from "AnsiString" to "UnicodeString"
D:\works\OburecGH\Lazarus\RecorderLnx\.\UI\uRecorderCalibrationPropertiesDialog.pas(551,99) Warning: (4105) Implicit string type conversion with potential data loss from "UnicodeString" to "AnsiString"
D:\works\OburecGH\Lazarus\RecorderLnx\.\UI\uRecorderCalibrationPropertiesDialog.pas(63,40) Hint: (5024) Parameter "Sender" not used
D:\works\OburecGH\Lazarus\RecorderLnx\.\UI\uRecorderCalibrationPropertiesDialog.pas(64,28) Hint: (5024) Parameter "Sender" not used
D:\works\OburecGH\Lazarus\RecorderLnx\.\UI\uRecorderCalibrationPropertiesDialog.pas(54,32) Hint: (5024) Parameter "Sender" not used
D:\works\OburecGH\Lazarus\RecorderLnx\.\UI\uRecorderCalibrationPropertiesDialog.pas(56,35) Hint: (5024) Parameter "Sender" not used
D:\works\OburecGH\Lazarus\RecorderLnx\.\UI\uRecorderCalibrationPropertiesDialog.pas(55,29) Hint: (5024) Parameter "Sender" not used
D:\works\OburecGH\Lazarus\RecorderLnx\.\UI\uRecorderCalibrationPropertiesDialog.pas(57,26) Hint: (5024) Parameter "Sender" not used
D:\works\OburecGH\Lazarus\RecorderLnx\.\UI\uRecorderCalibrationPropertiesDialog.pas(58,28) Hint: (5024) Parameter "Sender" not used
D:\works\OburecGH\Lazarus\RecorderLnx\.\UI\uRecorderCalibrationPropertiesDialog.pas(59,29) Hint: (5024) Parameter "Sender" not used
D:\works\OburecGH\Lazarus\RecorderLnx\.\UI\uRecorderCalibrationPropertiesDialog.pas(60,32) Hint: (5024) Parameter "Sender" not used
D:\works\OburecGH\Lazarus\RecorderLnx\.\UI\uRecorderCalibrationPropertiesDialog.pas(62,26) Hint: (5024) Parameter "Sender" not used
(3104) Compiling .\UI\uRecorderCalibrationListDialog.pas
(3104) Compiling .\SDB\uRecorderSdbStore.pas
(3104) Compiling D:\works\OburecGH\Lazarus\SharedUtils\uBaseObjLaz.pas
(3104) Compiling .\SDB\uRecorderSdbTypes.pas
D:\works\OburecGH\Lazarus\RecorderLnx\.\SDB\uRecorderSdbTypes.pas(5,20) Warning: (2005) Comment level 2 found
(3104) Compiling .\SDB\uRecorderSdbPropBag.pas
(3104) Compiling D:\works\OburecGH\Lazarus\SharedUtils\uSharedStringEncoding.pas
D:\works\OburecGH\Lazarus\RecorderLnx\.\SDB\uRecorderSdbStore.pas(351,18) Warning: (4104) Implicit string type conversion from "AnsiString" to "UnicodeString"
D:\works\OburecGH\Lazarus\RecorderLnx\.\SDB\uRecorderSdbStore.pas(351,30) Warning: (4105) Implicit string type conversion with potential data loss from "UnicodeString" to "AnsiString"
D:\works\OburecGH\Lazarus\RecorderLnx\.\SDB\uRecorderSdbStore.pas(353,18) Warning: (4104) Implicit string type conversion from "AnsiString" to "UnicodeString"
D:\works\OburecGH\Lazarus\RecorderLnx\.\SDB\uRecorderSdbStore.pas(353,50) Warning: (4104) Implicit string type conversion from "AnsiString" to "UnicodeString"
D:\works\OburecGH\Lazarus\RecorderLnx\.\SDB\uRecorderSdbStore.pas(353,68) Warning: (4105) Implicit string type conversion with potential data loss from "UnicodeString" to "AnsiString"
D:\works\OburecGH\Lazarus\RecorderLnx\.\SDB\uRecorderSdbStore.pas(687,9) Warning: (4104) Implicit string type conversion from "AnsiString" to "UnicodeString"
D:\works\OburecGH\Lazarus\RecorderLnx\.\SDB\uRecorderSdbStore.pas(686,99) Warning: (4105) Implicit string type conversion with potential data loss from "UnicodeString" to "AnsiString"
D:\works\OburecGH\Lazarus\RecorderLnx\.\SDB\uRecorderSdbStore.pas(1124,3) Note: (5027) Local variable "lCsvPath" is assigned but never used
D:\works\OburecGH\Lazarus\RecorderLnx\.\SDB\uRecorderSdbStore.pas(1129,3) Note: (5027) Local variable "lXmlPath" is assigned but never used
(3104) Compiling .\Calibrations\Strains\uRecorderStrainCalibrationDialog.pas
(3104) Compiling .\Calibrations\Strains\uRecorderStrainCalibration.pas
(3104) Compiling .\Calibrations\Strains\uRecorderStrainCalibrationFrame.pas
D:\works\OburecGH\Lazarus\RecorderLnx\.\Calibrations\Strains\uRecorderStrainCalibrationFrame.pas(18,38) Hint: (5024) Parameter "Sender" not used
D:\works\OburecGH\Lazarus\RecorderLnx\.\Calibrations\Strains\uRecorderStrainCalibrationDialog.pas(42,7) Warning: (4104) Implicit string type conversion from "AnsiString" to "UnicodeString"
D:\works\OburecGH\Lazarus\RecorderLnx\.\Calibrations\Strains\uRecorderStrainCalibrationDialog.pas(43,12) Warning: (4104) Implicit string type conversion from "AnsiString" to "UnicodeString"
D:\works\OburecGH\Lazarus\RecorderLnx\.\Calibrations\Strains\uRecorderStrainCalibrationDialog.pas(43,37) Warning: (4104) Implicit string type conversion from "AnsiString" to "UnicodeString"
D:\works\OburecGH\Lazarus\RecorderLnx\.\Calibrations\Strains\uRecorderStrainCalibrationDialog.pas(44,27) Warning: (4104) Implicit string type conversion from "AnsiString" to "UnicodeString"
D:\works\OburecGH\Lazarus\RecorderLnx\.\Calibrations\Strains\uRecorderStrainCalibrationDialog.pas(46,12) Warning: (4104) Implicit string type conversion from "AnsiString" to "UnicodeString"
D:\works\OburecGH\Lazarus\RecorderLnx\.\Calibrations\Strains\uRecorderStrainCalibrationDialog.pas(47,12) Warning: (4104) Implicit string type conversion from "AnsiString" to "WideString"
D:\works\OburecGH\Lazarus\RecorderLnx\.\Calibrations\Strains\uRecorderStrainCalibrationDialog.pas(48,12) Warning: (4104) Implicit string type conversion from "AnsiString" to "UnicodeString"
D:\works\OburecGH\Lazarus\RecorderLnx\.\Calibrations\Strains\uRecorderStrainCalibrationDialog.pas(18,26) Hint: (5024) Parameter "Sender" not used
D:\works\OburecGH\Lazarus\RecorderLnx\.\Calibrations\Strains\uRecorderStrainCalibrationDialog.pas(17,26) Hint: (5024) Parameter "Sender" not used
(3104) Compiling .\SDB\uRecorderSdbSelectDialog.pas
(3104) Compiling .\SDB\uRecorderSdbImages.pas
D:\works\OburecGH\Lazarus\RecorderLnx\.\SDB\uRecorderSdbSelectDialog.pas(94,32) Hint: (5024) Parameter "Sender" not used
D:\works\OburecGH\Lazarus\RecorderLnx\.\SDB\uRecorderSdbSelectDialog.pas(95,7) Hint: (5024) Parameter "Shift" not used
D:\works\OburecGH\Lazarus\RecorderLnx\.\SDB\uRecorderSdbSelectDialog.pas(89,30) Hint: (5024) Parameter "Sender" not used
D:\works\OburecGH\Lazarus\RecorderLnx\.\SDB\uRecorderSdbSelectDialog.pas(87,38) Hint: (5024) Parameter "Sender" not used
D:\works\OburecGH\Lazarus\RecorderLnx\.\SDB\uRecorderSdbSelectDialog.pas(88,39) Hint: (5024) Parameter "Sender" not used
D:\works\OburecGH\Lazarus\RecorderLnx\.\SDB\uRecorderSdbSelectDialog.pas(86,40) Hint: (5024) Parameter "Sender" not used
D:\works\OburecGH\Lazarus\RecorderLnx\.\SDB\uRecorderSdbSelectDialog.pas(85,35) Hint: (5024) Parameter "Sender" not used
D:\works\OburecGH\Lazarus\RecorderLnx\.\SDB\uRecorderSdbSelectDialog.pas(82,26) Hint: (5024) Parameter "Sender" not used
D:\works\OburecGH\Lazarus\RecorderLnx\.\SDB\uRecorderSdbSelectDialog.pas(80,27) Hint: (5024) Parameter "Sender" not used
D:\works\OburecGH\Lazarus\RecorderLnx\.\SDB\uRecorderSdbSelectDialog.pas(81,28) Hint: (5024) Parameter "Sender" not used
D:\works\OburecGH\Lazarus\RecorderLnx\.\SDB\uRecorderSdbSelectDialog.pas(81,60) Hint: (5024) Parameter "Shift" not used
D:\works\OburecGH\Lazarus\RecorderLnx\.\SDB\uRecorderSdbSelectDialog.pas(79,33) Hint: (5024) Parameter "Sender" not used
D:\works\OburecGH\Lazarus\RecorderLnx\.\SDB\uRecorderSdbSelectDialog.pas(84,33) Hint: (5024) Parameter "Sender" not used
D:\works\OburecGH\Lazarus\RecorderLnx\.\SDB\uRecorderSdbSelectDialog.pas(93,31) Hint: (5024) Parameter "Sender" not used
D:\works\OburecGH\Lazarus\RecorderLnx\.\SDB\uRecorderSdbSelectDialog.pas(91,32) Hint: (5024) Parameter "Sender" not used
D:\works\OburecGH\Lazarus\RecorderLnx\.\SDB\uRecorderSdbSelectDialog.pas(635,74) Warning: (4104) Implicit string type conversion from "AnsiString" to "UnicodeString"
D:\works\OburecGH\Lazarus\RecorderLnx\.\SDB\uRecorderSdbSelectDialog.pas(636,3) Warning: (4105) Implicit string type conversion with potential data loss from "UnicodeString" to "TTranslateString"
D:\works\OburecGH\Lazarus\RecorderLnx\.\SDB\uRecorderSdbSelectDialog.pas(90,29) Hint: (5024) Parameter "Sender" not used
D:\works\OburecGH\Lazarus\RecorderLnx\.\SDB\uRecorderSdbSelectDialog.pas(90,46) Hint: (5024) Parameter "Node" not used
D:\works\OburecGH\Lazarus\RecorderLnx\.\SDB\uRecorderSdbSelectDialog.pas(77,30) Hint: (5024) Parameter "Sender" not used
D:\works\OburecGH\Lazarus\RecorderLnx\.\SDB\uRecorderSdbSelectDialog.pas(78,34) Hint: (5024) Parameter "Sender" not used
D:\works\OburecGH\Lazarus\RecorderLnx\.\SDB\uRecorderSdbSelectDialog.pas(21,3) Hint: (5023) Unit "uSharedStringEncoding" not used in uRecorderSdbSelectDialog
D:\works\OburecGH\Lazarus\RecorderLnx\.\UI\uRecorderCalibrationListDialog.pas(34,26) Hint: (5024) Parameter "Sender" not used
D:\works\OburecGH\Lazarus\RecorderLnx\.\UI\uRecorderCalibrationListDialog.pas(29,27) Hint: (5024) Parameter "Sender" not used
D:\works\OburecGH\Lazarus\RecorderLnx\.\UI\uRecorderCalibrationListDialog.pas(30,30) Hint: (5024) Parameter "Sender" not used
D:\works\OburecGH\Lazarus\RecorderLnx\.\UI\uRecorderCalibrationListDialog.pas(366,77) Warning: (4104) Implicit string type conversion from "AnsiString" to "UnicodeString"
D:\works\OburecGH\Lazarus\RecorderLnx\.\UI\uRecorderCalibrationListDialog.pas(367,44) Warning: (4105) Implicit string type conversion with potential data loss from "UnicodeString" to "AnsiString"
D:\works\OburecGH\Lazarus\RecorderLnx\.\UI\uRecorderCalibrationListDialog.pas(377,81) Warning: (4104) Implicit string type conversion from "AnsiString" to "UnicodeString"
D:\works\OburecGH\Lazarus\RecorderLnx\.\UI\uRecorderCalibrationListDialog.pas(377,87) Warning: (4105) Implicit string type conversion with potential data loss from "UnicodeString" to "AnsiString"
D:\works\OburecGH\Lazarus\RecorderLnx\.\UI\uRecorderCalibrationListDialog.pas(32,34) Hint: (5024) Parameter "Sender" not used
D:\works\OburecGH\Lazarus\RecorderLnx\.\UI\uRecorderCalibrationListDialog.pas(494,9) Warning: (4104) Implicit string type conversion from "AnsiString" to "UnicodeString"
D:\works\OburecGH\Lazarus\RecorderLnx\.\UI\uRecorderCalibrationListDialog.pas(494,58) Warning: (4104) Implicit string type conversion from "AnsiString" to "UnicodeString"
D:\works\OburecGH\Lazarus\RecorderLnx\.\UI\uRecorderCalibrationListDialog.pas(494,74) Warning: (4104) Implicit string type conversion from "AnsiString" to "UnicodeString"
D:\works\OburecGH\Lazarus\RecorderLnx\.\UI\uRecorderCalibrationListDialog.pas(495,5) Warning: (4105) Implicit string type conversion with potential data loss from "UnicodeString" to "TTranslateString"
D:\works\OburecGH\Lazarus\RecorderLnx\.\UI\uRecorderCalibrationListDialog.pas(497,9) Warning: (4104) Implicit string type conversion from "AnsiString" to "UnicodeString"
D:\works\OburecGH\Lazarus\RecorderLnx\.\UI\uRecorderCalibrationListDialog.pas(497,49) Warning: (4105) Implicit string type conversion with potential data loss from "UnicodeString" to "TTranslateString"
D:\works\OburecGH\Lazarus\RecorderLnx\.\UI\uRecorderCalibrationListDialog.pas(36,29) Hint: (5024) Parameter "Sender" not used
D:\works\OburecGH\Lazarus\RecorderLnx\.\UI\uRecorderCalibrationListDialog.pas(33,26) Hint: (5024) Parameter "Sender" not used
D:\works\OburecGH\Lazarus\RecorderLnx\.\UI\uRecorderCalibrationListDialog.pas(31,28) Hint: (5024) Parameter "Sender" not used
D:\works\OburecGH\Lazarus\RecorderLnx\.\UI\uRecorderCalibrationListDialog.pas(35,26) Hint: (5024) Parameter "Sender" not used
(3104) Compiling .\Core\uRecorderFrequencyGrids.pas
D:\works\OburecGH\Lazarus\RecorderLnx\.\Core\uRecorderFrequencyGrids.pas(74,18) Hint: (5092) Variable "AGrid" of a managed type does not seem to be initialized
(3104) Compiling .\UI\uRecorderTagCalibrationDialog.pas
D:\works\OburecGH\Lazarus\RecorderLnx\.\UI\uRecorderTagCalibrationDialog.pas(299,5) Warning: (4104) Implicit string type conversion from "AnsiString" to "UnicodeString"
D:\works\OburecGH\Lazarus\RecorderLnx\.\UI\uRecorderTagCalibrationDialog.pas(299,23) Warning: (4105) Implicit string type conversion with potential data loss from "UnicodeString" to "TTranslateString"
D:\works\OburecGH\Lazarus\RecorderLnx\.\UI\uRecorderTagCalibrationDialog.pas(418,44) Warning: (4104) Implicit string type conversion from "AnsiString" to "UnicodeString"
D:\works\OburecGH\Lazarus\RecorderLnx\.\UI\uRecorderTagCalibrationDialog.pas(418,38) Warning: (4105) Implicit string type conversion with potential data loss from "UnicodeString" to "AnsiString"
D:\works\OburecGH\Lazarus\RecorderLnx\.\UI\uRecorderTagCalibrationDialog.pas(602,85) Warning: (4104) Implicit string type conversion from "AnsiString" to "UnicodeString"
D:\works\OburecGH\Lazarus\RecorderLnx\.\UI\uRecorderTagCalibrationDialog.pas(602,79) Warning: (4105) Implicit string type conversion with potential data loss from "UnicodeString" to "AnsiString"
D:\works\OburecGH\Lazarus\RecorderLnx\.\UI\uRecorderTagCalibrationDialog.pas(43,32) Hint: (5024) Parameter "Sender" not used
D:\works\OburecGH\Lazarus\RecorderLnx\.\UI\uRecorderTagCalibrationDialog.pas(45,32) Hint: (5024) Parameter "Sender" not used
D:\works\OburecGH\Lazarus\RecorderLnx\.\UI\uRecorderTagCalibrationDialog.pas(47,30) Hint: (5024) Parameter "Sender" not used
D:\works\OburecGH\Lazarus\RecorderLnx\.\UI\uRecorderTagCalibrationDialog.pas(49,26) Hint: (5024) Parameter "Sender" not used
D:\works\OburecGH\Lazarus\RecorderLnx\.\UI\uTagSettingsDialog.pas(691,102) Warning: (4104) Implicit string type conversion from "AnsiString" to "UnicodeString"
D:\works\OburecGH\Lazarus\RecorderLnx\.\UI\uTagSettingsDialog.pas(691,108) Warning: (4105) Implicit string type conversion with potential data loss from "UnicodeString" to "AnsiString"
D:\works\OburecGH\Lazarus\RecorderLnx\.\UI\uTagSettingsDialog.pas(164,41) Hint: (5024) Parameter "Sender" not used
D:\works\OburecGH\Lazarus\RecorderLnx\.\UI\uTagSettingsDialog.pas(258,43) Hint: (5024) Parameter "ATag" not used
D:\works\OburecGH\Lazarus\RecorderLnx\.\UI\uTagSettingsDialog.pas(733,3) Note: (5027) Local variable "lCalibration" is assigned but never used
D:\works\OburecGH\Lazarus\RecorderLnx\.\UI\uTagSettingsDialog.pas(234,39) Hint: (5024) Parameter "Sender" not used
D:\works\OburecGH\Lazarus\RecorderLnx\.\UI\uTagSettingsDialog.pas(236,38) Hint: (5024) Parameter "Sender" not used
D:\works\OburecGH\Lazarus\RecorderLnx\.\UI\uTagSettingsDialog.pas(189,34) Hint: (5024) Parameter "Sender" not used
D:\works\OburecGH\Lazarus\RecorderLnx\.\UI\uTagSettingsDialog.pas(160,38) Hint: (5024) Parameter "Sender" not used
D:\works\OburecGH\Lazarus\RecorderLnx\.\UI\uTagSettingsDialog.pas(158,36) Hint: (5024) Parameter "Sender" not used
D:\works\OburecGH\Lazarus\RecorderLnx\.\UI\uTagSettingsDialog.pas(156,26) Hint: (5024) Parameter "Sender" not used
D:\works\OburecGH\Lazarus\RecorderLnx\.\UI\uTagSettingsDialog.pas(250,46) Hint: (5024) Parameter "Sender" not used
D:\works\OburecGH\Lazarus\RecorderLnx\.\UI\uTagSettingsDialog.pas(1558,61) Warning: (4104) Implicit string type conversion from "AnsiString" to "UnicodeString"
D:\works\OburecGH\Lazarus\RecorderLnx\.\UI\uTagSettingsDialog.pas(1558,66) Warning: (4105) Implicit string type conversion with potential data loss from "UnicodeString" to "TTranslateString"
D:\works\OburecGH\Lazarus\RecorderLnx\.\UI\uTagSettingsDialog.pas(1927,33) Warning: (4104) Implicit string type conversion from "TTranslateString" to "UnicodeString"
D:\works\OburecGH\Lazarus\RecorderLnx\.\UI\uTagSettingsDialog.pas(1942,35) Warning: (4104) Implicit string type conversion from "TTranslateString" to "UnicodeString"
D:\works\OburecGH\Lazarus\RecorderLnx\.\UI\uTagSettingsDialog.pas(185,32) Hint: (5024) Parameter "Sender" not used
D:\works\OburecGH\Lazarus\RecorderLnx\.\UI\uTagSettingsDialog.pas(191,29) Hint: (5024) Parameter "Sender" not used
D:\works\OburecGH\Lazarus\RecorderLnx\.\UI\uTagSettingsDialog.pas(193,44) Hint: (5024) Parameter "Sender" not used
D:\works\OburecGH\Lazarus\RecorderLnx\.\UI\uTagSettingsDialog.pas(240,33) Hint: (5024) Parameter "Sender" not used
D:\works\OburecGH\Lazarus\RecorderLnx\.\UI\uTagSettingsDialog.pas(242,31) Hint: (5024) Parameter "Sender" not used
D:\works\OburecGH\Lazarus\RecorderLnx\.\UI\uTagSettingsDialog.pas(238,34) Hint: (5024) Parameter "Sender" not used
D:\works\OburecGH\Lazarus\RecorderLnx\.\UI\uTagSettingsDialog.pas(248,42) Hint: (5024) Parameter "Sender" not used
D:\works\OburecGH\Lazarus\RecorderLnx\.\UI\uTagSettingsDialog.pas(2332,36) Warning: (4104) Implicit string type conversion from "AnsiString" to "UnicodeString"
D:\works\OburecGH\Lazarus\RecorderLnx\.\UI\uTagSettingsDialog.pas(2332,34) Warning: (4105) Implicit string type conversion with potential data loss from "UnicodeString" to "AnsiString"
D:\works\OburecGH\Lazarus\RecorderLnx\.\UI\uTagSettingsDialog.pas(197,41) Hint: (5024) Parameter "Sender" not used
D:\works\OburecGH\Lazarus\RecorderLnx\.\UI\uTagSettingsDialog.pas(199,44) Hint: (5024) Parameter "Sender" not used
D:\works\OburecGH\Lazarus\RecorderLnx\.\UI\uTagSettingsDialog.pas(201,42) Hint: (5024) Parameter "Sender" not used
D:\works\OburecGH\Lazarus\RecorderLnx\.\UI\uTagSettingsDialog.pas(2411,55) Warning: (4104) Implicit string type conversion from "AnsiString" to "UnicodeString"
D:\works\OburecGH\Lazarus\RecorderLnx\.\UI\uTagSettingsDialog.pas(2412,71) Warning: (4105) Implicit string type conversion with potential data loss from "UnicodeString" to "AnsiString"
D:\works\OburecGH\Lazarus\RecorderLnx\.\UI\uTagSettingsDialog.pas(2432,19) Warning: (4104) Implicit string type conversion from "AnsiString" to "UnicodeString"
D:\works\OburecGH\Lazarus\RecorderLnx\.\UI\uTagSettingsDialog.pas(2434,69) Warning: (4105) Implicit string type conversion with potential data loss from "UnicodeString" to "AnsiString"
D:\works\OburecGH\Lazarus\RecorderLnx\.\UI\uTagSettingsDialog.pas(2450,45) Warning: (4104) Implicit string type conversion from "AnsiString" to "UnicodeString"
D:\works\OburecGH\Lazarus\RecorderLnx\.\UI\uTagSettingsDialog.pas(2451,50) Warning: (4105) Implicit string type conversion with potential data loss from "UnicodeString" to "AnsiString"
D:\works\OburecGH\Lazarus\RecorderLnx\.\UI\uTagSettingsDialog.pas(2459,89) Warning: (4104) Implicit string type conversion from "AnsiString" to "UnicodeString"
D:\works\OburecGH\Lazarus\RecorderLnx\.\UI\uTagSettingsDialog.pas(2459,95) Warning: (4105) Implicit string type conversion with potential data loss from "UnicodeString" to "AnsiString"
D:\works\OburecGH\Lazarus\RecorderLnx\.\UI\uTagSettingsDialog.pas(195,41) Hint: (5024) Parameter "Sender" not used
D:\works\OburecGH\Lazarus\RecorderLnx\.\UI\uTagSettingsDialog.pas(2540,103) Warning: (4104) Implicit string type conversion from "AnsiString" to "UnicodeString"
D:\works\OburecGH\Lazarus\RecorderLnx\.\UI\uTagSettingsDialog.pas(2540,114) Warning: (4105) Implicit string type conversion with potential data loss from "UnicodeString" to "AnsiString"
D:\works\OburecGH\Lazarus\RecorderLnx\.\UI\uTagSettingsDialog.pas(2551,9) Warning: (4104) Implicit string type conversion from "AnsiString" to "UnicodeString"
D:\works\OburecGH\Lazarus\RecorderLnx\.\UI\uTagSettingsDialog.pas(2551,20) Warning: (4105) Implicit string type conversion with potential data loss from "UnicodeString" to "AnsiString"
D:\works\OburecGH\Lazarus\RecorderLnx\.\UI\uTagSettingsDialog.pas(2556,5) Warning: (4104) Implicit string type conversion from "AnsiString" to "UnicodeString"
D:\works\OburecGH\Lazarus\RecorderLnx\.\UI\uTagSettingsDialog.pas(2556,11) Warning: (4105) Implicit string type conversion with potential data loss from "UnicodeString" to "AnsiString"
D:\works\OburecGH\Lazarus\RecorderLnx\.\UI\uTagSettingsDialog.pas(205,44) Hint: (5024) Parameter "Sender" not used
D:\works\OburecGH\Lazarus\RecorderLnx\.\UI\uTagSettingsDialog.pas(207,52) Hint: (5024) Parameter "Sender" not used
D:\works\OburecGH\Lazarus\RecorderLnx\.\UI\uTagSettingsDialog.pas(209,50) Hint: (5024) Parameter "Sender" not used
D:\works\OburecGH\Lazarus\RecorderLnx\.\UI\uTagSettingsDialog.pas(2654,37) Warning: (4104) Implicit string type conversion from "AnsiString" to "UnicodeString"
D:\works\OburecGH\Lazarus\RecorderLnx\.\UI\uTagSettingsDialog.pas(2654,90) Warning: (4105) Implicit string type conversion with potential data loss from "UnicodeString" to "AnsiString"
D:\works\OburecGH\Lazarus\RecorderLnx\.\UI\uTagSettingsDialog.pas(2663,9) Warning: (4104) Implicit string type conversion from "AnsiString" to "UnicodeString"
D:\works\OburecGH\Lazarus\RecorderLnx\.\UI\uTagSettingsDialog.pas(2663,15) Warning: (4105) Implicit string type conversion with potential data loss from "UnicodeString" to "AnsiString"
D:\works\OburecGH\Lazarus\RecorderLnx\.\UI\uTagSettingsDialog.pas(2777,11) Warning: (4104) Implicit string type conversion from "AnsiString" to "UnicodeString"
D:\works\OburecGH\Lazarus\RecorderLnx\.\UI\uTagSettingsDialog.pas(2777,23) Warning: (4105) Implicit string type conversion with potential data loss from "UnicodeString" to "AnsiString"
D:\works\OburecGH\Lazarus\RecorderLnx\.\UI\uTagSettingsDialog.pas(214,58) Hint: (5024) Parameter "Sender" not used
D:\works\OburecGH\Lazarus\RecorderLnx\.\UI\uTagSettingsDialog.pas(25,22) Hint: (5023) Unit "Math" not used in uTagSettingsDialog
(3104) Compiling .\UI\uRecorderFrequencyBandsDialog.pas
D:\works\OburecGH\Lazarus\RecorderLnx\.\UI\uRecorderFrequencyBandsDialog.pas(306,45) Warning: (4104) Implicit string type conversion from "AnsiString" to "UnicodeString"
D:\works\OburecGH\Lazarus\RecorderLnx\.\UI\uRecorderFrequencyBandsDialog.pas(306,75) Warning: (4105) Implicit string type conversion with potential data loss from "UnicodeString" to "AnsiString"
D:\works\OburecGH\Lazarus\RecorderLnx\.\UI\uRecorderFrequencyBandsDialog.pas(31,28) Hint: (5024) Parameter "Sender" not used
D:\works\OburecGH\Lazarus\RecorderLnx\.\UI\uRecorderFrequencyBandsDialog.pas(32,31) Hint: (5024) Parameter "Sender" not used
D:\works\OburecGH\Lazarus\RecorderLnx\.\UI\uRecorderFrequencyBandsDialog.pas(33,30) Hint: (5024) Parameter "Sender" not used
D:\works\OburecGH\Lazarus\RecorderLnx\.\UI\uRecorderFrequencyBandsDialog.pas(34,28) Hint: (5024) Parameter "Sender" not used
D:\works\OburecGH\Lazarus\RecorderLnx\.\UI\uRecorderFrequencyBandsDialog.pas(35,31) Hint: (5024) Parameter "Sender" not used
D:\works\OburecGH\Lazarus\RecorderLnx\.\UI\uRecorderFrequencyBandsDialog.pas(36,29) Hint: (5024) Parameter "Sender" not used
(3104) Compiling .\Core\uRecorderHardwareTree.pas
(3104) Compiling .\Device\MIC140\uRecorderMic140DeviceConfig.pas
(3104) Compiling .\Device\MIC140\uRecorderMic140Utils.pas
(3104) Compiling .\Device\MIC140\uRecorderMic140StreamTypes.pas
D:\works\OburecGH\Lazarus\RecorderLnx\.\Device\MIC140\uRecorderMic140Utils.pas(36,19) Warning: (2005) Comment level 2 found
D:\works\OburecGH\Lazarus\RecorderLnx\.\Device\MIC140\uRecorderMic140Utils.pas(36,27) Warning: (2005) Comment level 2 found
(3104) Compiling .\Device\MIC140\uRecorderMic140LegacyConstants.pas
D:\works\OburecGH\Lazarus\RecorderLnx\.\Device\MIC140\uRecorderMic140Utils.pas(33,42) Hint: (5024) Parameter "ATag" not used
D:\works\OburecGH\Lazarus\RecorderLnx\.\Device\MIC140\uRecorderMic140Utils.pas(321,32) Hint: (5057) Local variable "lWsaData" does not seem to be initialized
D:\works\OburecGH\Lazarus\RecorderLnx\.\Device\MIC140\uRecorderMic140Utils.pas(332,21) Hint: (5057) Local variable "lAddr" does not seem to be initialized
D:\works\OburecGH\Lazarus\RecorderLnx\.\Device\MIC140\uRecorderMic140Utils.pas(347,24) Hint: (5057) Local variable "lTimeVal" does not seem to be initialized
D:\works\OburecGH\Lazarus\RecorderLnx\.\Device\MIC140\uRecorderMic140Utils.pas(350,24) Hint: (5057) Local variable "lWriteSet" does not seem to be initialized
(3104) Compiling .\Core\uRecorderMeraSdbThermocouples.pas
(3104) Compiling .\Core\uRecorderProjectFiles.pas
D:\works\OburecGH\Lazarus\RecorderLnx\.\Core\uRecorderProjectFiles.pas(727,3) Note: (5025) Local variable "lTerm" not used
D:\works\OburecGH\Lazarus\RecorderLnx\.\Core\uRecorderProjectFiles.pas(1131,3) Note: (5025) Local variable "lGeneratedSignal" not used
D:\works\OburecGH\Lazarus\RecorderLnx\.\Core\uRecorderProjectFiles.pas(2915,51) Warning: (4104) Implicit string type conversion from "AnsiString" to "UnicodeString"
D:\works\OburecGH\Lazarus\RecorderLnx\.\Core\uRecorderProjectFiles.pas(2915,66) Warning: (4105) Implicit string type conversion with potential data loss from "UnicodeString" to "AnsiString"
(3104) Compiling .\Device\MIC140\uRecorderMic140DataSource.pas
(3104) Compiling .\Device\MIC140\uRecorderMic140DeviceApi.pas
(3104) Compiling .\Device\MIC140\utils\uRecorderMic140WireTypes.pas
D:\works\OburecGH\Lazarus\RecorderLnx\.\Device\MIC140\utils\uRecorderMic140WireTypes.pas(21,89) Warning: (2005) Comment level 2 found
D:\works\OburecGH\Lazarus\RecorderLnx\.\Device\MIC140\uRecorderMic140DataSource.pas(130,15) Note: (3250) Virtual method "PrepareHardware;" has a lower visibility (protected) than parent class TRecorderDataSourceBase (public)
(3104) Compiling .\Device\MIC140\uRecorderMic140LegacyTiming.pas
(3104) Compiling .\Device\MIC140\uRecorderMic140Thermocouple.pas
(3104) Compiling .\Device\MIC140\uRecorderMic140StreamHelpers.pas
D:\works\OburecGH\Lazarus\RecorderLnx\.\Device\MIC140\uRecorderMic140StreamHelpers.pas(202,19) Hint: (5058) Variable "ASubRaw" does not seem to be initialized
D:\works\OburecGH\Lazarus\RecorderLnx\.\Device\MIC140\uRecorderMic140StreamHelpers.pas(44,3) Hint: (5028) Local const "CMic140MisalignSatThreshold" is not used
(3104) Compiling .\Device\MIC140\uRecorderMic140Calibration.pas
(3104) Compiling .\Device\MIC140\uRecorderMic140Flash.pas
(3104) Compiling .\Device\MIC140\uRecorderMic140FlashConstants.pas
(3104) Compiling .\Device\MIC140\uRecorderMic140MebiusConstants.pas
D:\works\OburecGH\Lazarus\RecorderLnx\.\Device\MIC140\uRecorderMic140Flash.pas(123,19) Hint: (5094) Function result variable of a managed type does not seem to be initialized
D:\works\OburecGH\Lazarus\RecorderLnx\.\Device\MIC140\uRecorderMic140Flash.pas(158,26) Hint: (5058) Variable "AEntries" does not seem to be initialized
D:\works\OburecGH\Lazarus\RecorderLnx\.\Device\MIC140\uRecorderMic140Flash.pas(200,22) Hint: (5091) Local variable "lDirBytes" of a managed type does not seem to be initialized
D:\works\OburecGH\Lazarus\RecorderLnx\.\Device\MIC140\uRecorderMic140Flash.pas(209,21) Hint: (5091) Local variable "lEntries" of a managed type does not seem to be initialized
D:\works\OburecGH\Lazarus\RecorderLnx\.\Device\MIC140\uRecorderMic140Flash.pas(62,20) Hint: (5024) Parameter "AMaxTinChannels" not used
D:\works\OburecGH\Lazarus\RecorderLnx\.\Device\MIC140\uRecorderMic140Flash.pas(430,17) Hint: (5058) Variable "ATare" does not seem to be initialized
D:\works\OburecGH\Lazarus\RecorderLnx\.\Device\MIC140\uRecorderMic140Flash.pas(443,24) Hint: (5057) Local variable "lCandidate" does not seem to be initialized
D:\works\OburecGH\Lazarus\RecorderLnx\.\Device\MIC140\uRecorderMic140Flash.pas(506,17) Hint: (5058) Variable "ATare" does not seem to be initialized
D:\works\OburecGH\Lazarus\RecorderLnx\.\Device\MIC140\uRecorderMic140Flash.pas(519,24) Hint: (5057) Local variable "lCandidate" does not seem to be initialized
D:\works\OburecGH\Lazarus\RecorderLnx\.\Device\MIC140\uRecorderMic140Flash.pas(89,3) Hint: (5023) Unit "Math" not used in uRecorderMic140Flash
D:\works\OburecGH\Lazarus\RecorderLnx\.\Device\MIC140\uRecorderMic140Flash.pas(89,9) Hint: (5023) Unit "StrUtils" not used in uRecorderMic140Flash
(3104) Compiling .\Device\MIC140\uRecorderMic140Protocol.pas
(3104) Compiling .\Device\MIC140\utils\uRecorderMic140Timing.pas
(3104) Compiling .\Device\MIC140\utils\uRecorderMic140Consts.pas
D:\works\OburecGH\Lazarus\RecorderLnx\.\Device\MIC140\uRecorderMic140Protocol.pas(320,29) Hint: (5057) Local variable "lBuf" does not seem to be initialized
D:\works\OburecGH\Lazarus\RecorderLnx\.\Device\MIC140\uRecorderMic140Protocol.pas(440,18) Hint: (5058) Variable "AUts" does not seem to be initialized
D:\works\OburecGH\Lazarus\RecorderLnx\.\Device\MIC140\uRecorderMic140Protocol.pas(483,5) Warning: (6018) unreachable code
D:\works\OburecGH\Lazarus\RecorderLnx\.\Device\MIC140\uRecorderMic140Protocol.pas(544,18) Hint: (5057) Local variable "lUts" does not seem to be initialized
D:\works\OburecGH\Lazarus\RecorderLnx\.\Device\MIC140\uRecorderMic140Protocol.pas(588,13) Hint: (5092) Variable "ABlock" of a managed type does not seem to be initialized
D:\works\OburecGH\Lazarus\RecorderLnx\.\Device\MIC140\uRecorderMic140Protocol.pas(736,20) Hint: (5092) Variable "AVerdict" of a managed type does not seem to be initialized
D:\works\OburecGH\Lazarus\RecorderLnx\.\Device\MIC140\uRecorderMic140Protocol.pas(961,19) Hint: (5091) Local variable "lBytes" of a managed type does not seem to be initialized
D:\works\OburecGH\Lazarus\RecorderLnx\.\Device\MIC140\uRecorderMic140Protocol.pas(991,19) Hint: (5092) Variable "AWords" of a managed type does not seem to be initialized
D:\works\OburecGH\Lazarus\RecorderLnx\.\Device\MIC140\uRecorderMic140Protocol.pas(1054,19) Hint: (5092) Variable "ARet" of a managed type does not seem to be initialized
D:\works\OburecGH\Lazarus\RecorderLnx\.\Device\MIC140\uRecorderMic140Protocol.pas(1058,25) Hint: (5091) Local variable "lRequest" of a managed type does not seem to be initialized
D:\works\OburecGH\Lazarus\RecorderLnx\.\Device\MIC140\uRecorderMic140Protocol.pas(1130,20) Hint: (5091) Local variable "lArgs" of a managed type does not seem to be initialized
D:\works\OburecGH\Lazarus\RecorderLnx\.\Device\MIC140\uRecorderMic140Protocol.pas(1178,19) Hint: (5092) Variable "AWords" of a managed type does not seem to be initialized
D:\works\OburecGH\Lazarus\RecorderLnx\.\Device\MIC140\uRecorderMic140Protocol.pas(1187,20) Hint: (5091) Local variable "lArgs" of a managed type does not seem to be initialized
D:\works\OburecGH\Lazarus\RecorderLnx\.\Device\MIC140\uRecorderMic140Protocol.pas(1214,18) Hint: (5091) Local variable "lArgs" of a managed type does not seem to be initialized
D:\works\OburecGH\Lazarus\RecorderLnx\.\Device\MIC140\uRecorderMic140Protocol.pas(1234,21) Hint: (5058) Variable "AFirmware" does not seem to be initialized
D:\works\OburecGH\Lazarus\RecorderLnx\.\Device\MIC140\uRecorderMic140Protocol.pas(1309,20) Hint: (5091) Local variable "lArgs" of a managed type does not seem to be initialized
D:\works\OburecGH\Lazarus\RecorderLnx\.\Device\MIC140\uRecorderMic140Protocol.pas(1340,13) Hint: (5092) Variable "ABlock" of a managed type does not seem to be initialized
D:\works\OburecGH\Lazarus\RecorderLnx\.\Device\MIC140\uRecorderMic140Calibration.pas(818,17) Hint: (5057) Local variable "lTare" does not seem to be initialized
D:\works\OburecGH\Lazarus\RecorderLnx\.\Device\MIC140\uRecorderMic140Calibration.pas(819,18) Hint: (5057) Local variable "lTare2" does not seem to be initialized
D:\works\OburecGH\Lazarus\RecorderLnx\.\Device\MIC140\uRecorderMic140Calibration.pas(58,3) Hint: (5023) Unit "Math" not used in uRecorderMic140Calibration
(3104) Compiling .\Device\MIC140\uRecorderMic140Factory.pas
(3104) Compiling .\Device\MIC140\uRecorderMic140Scan.pas
(3104) Compiling .\Device\MIC140\utils\uRecorderMic140ChanDesc.pas
D:\works\OburecGH\Lazarus\RecorderLnx\.\Device\MIC140\utils\uRecorderMic140ChanDesc.pas(193,16) Hint: (5057) Local variable "lReg" does not seem to be initialized
D:\works\OburecGH\Lazarus\RecorderLnx\.\Device\MIC140\utils\uRecorderMic140ChanDesc.pas(387,51) Hint: (5057) Local variable "lCode" does not seem to be initialized
D:\works\OburecGH\Lazarus\RecorderLnx\.\Device\MIC140\utils\uRecorderMic140ChanDesc.pas(395,43) Hint: (5057) Local variable "lCode" does not seem to be initialized
D:\works\OburecGH\Lazarus\RecorderLnx\.\Device\MIC140\utils\uRecorderMic140ChanDesc.pas(404,59) Hint: (5057) Local variable "lCode" does not seem to be initialized
(3104) Compiling .\Device\MIC140\utils\uRecorderMic140Helper.pas
D:\works\OburecGH\Lazarus\RecorderLnx\.\Device\MIC140\utils\uRecorderMic140Helper.pas(49,27) Hint: (5057) Local variable "wsa" does not seem to be initialized
D:\works\OburecGH\Lazarus\RecorderLnx\.\Device\MIC140\utils\uRecorderMic140Helper.pas(59,20) Hint: (5057) Local variable "addr" does not seem to be initialized
D:\works\OburecGH\Lazarus\RecorderLnx\.\Device\MIC140\utils\uRecorderMic140Helper.pas(70,18) Hint: (5057) Local variable "tv" does not seem to be initialized
D:\works\OburecGH\Lazarus\RecorderLnx\.\Device\MIC140\utils\uRecorderMic140Helper.pas(73,17) Hint: (5057) Local variable "ws" does not seem to be initialized
(3104) Compiling .\Device\MIC140\utils\uRecorderMic140Diag.pas
D:\works\OburecGH\Lazarus\RecorderLnx\.\Device\MIC140\utils\uRecorderMic140Diag.pas(155,43) Hint: (5024) Parameter "AChannelIndex" not used
D:\works\OburecGH\Lazarus\RecorderLnx\.\Device\MIC140\uRecorderMic140Scan.pas(303,17) Hint: (5091) Local variable "args" of a managed type does not seem to be initialized
D:\works\OburecGH\Lazarus\RecorderLnx\.\Device\MIC140\uRecorderMic140Scan.pas(424,17) Hint: (5091) Local variable "args" of a managed type does not seem to be initialized
D:\works\OburecGH\Lazarus\RecorderLnx\.\Device\MIC140\uRecorderMic140Scan.pas(514,17) Hint: (5091) Local variable "desc" of a managed type does not seem to be initialized
D:\works\OburecGH\Lazarus\RecorderLnx\.\Device\MIC140\uRecorderMic140Scan.pas(638,21) Hint: (5091) Local variable "chanDump" of a managed type does not seem to be initialized
D:\works\OburecGH\Lazarus\RecorderLnx\.\Device\MIC140\uRecorderMic140Scan.pas(97,3) Hint: (5028) Local const "CNormalDesc" is not used
D:\works\OburecGH\Lazarus\RecorderLnx\.\Device\MIC140\uRecorderMic140Scan.pas(14,19) Hint: (5023) Unit "StrUtils" not used in uRecorderMic140Scan
D:\works\OburecGH\Lazarus\RecorderLnx\.\Device\MIC140\uRecorderMic140Scan.pas(18,51) Hint: (5023) Unit "uRecorderMic140Helper" not used in uRecorderMic140Scan
(3104) Compiling .\Device\MIC140\uRecorderMic140Device.pas
(3104) Compiling .\Device\uRecorderDeviceDataThread.pas
D:\works\OburecGH\Lazarus\RecorderLnx\.\Device\uRecorderDeviceDataThread.pas(346,40) Hint: (5092) Variable "ABlock" of a managed type does not seem to be initialized
(3104) Compiling .\Device\MIC140\uRecorderMic140Stream.pas
D:\works\OburecGH\Lazarus\RecorderLnx\.\Device\MIC140\uRecorderMic140Stream.pas(299,18) Hint: (5057) Local variable "lProbe" does not seem to be initialized
D:\works\OburecGH\Lazarus\RecorderLnx\.\Device\MIC140\uRecorderMic140Stream.pas(429,16) Hint: (5058) Variable "ARaw" does not seem to be initialized
D:\works\OburecGH\Lazarus\RecorderLnx\.\Device\MIC140\uRecorderMic140Stream.pas(503,28) Hint: (5057) Local variable "originalData" does not seem to be initialized
D:\works\OburecGH\Lazarus\RecorderLnx\.\Device\MIC140\uRecorderMic140Stream.pas(56,29) Hint: (5024) Parameter "AFreq" not used
(3104) Compiling .\Device\MIC140\uRecorderMic140DataThread.pas
D:\works\OburecGH\Lazarus\RecorderLnx\.\Device\MIC140\uRecorderMic140DataThread.pas(17,22) Hint: (5023) Unit "syncobjs" not used in uRecorderMic140DataThread
D:\works\OburecGH\Lazarus\RecorderLnx\.\Device\MIC140\uRecorderMic140Device.pas(209,20) Hint: (5092) Variable "AValues" of a managed type does not seem to be initialized
D:\works\OburecGH\Lazarus\RecorderLnx\.\Device\MIC140\uRecorderMic140Device.pas(129,34) Hint: (5024) Parameter "AAction" not used
D:\works\OburecGH\Lazarus\RecorderLnx\.\Device\MIC140\uRecorderMic140Device.pas(130,13) Hint: (5024) Parameter "AChannelIndices" not used
D:\works\OburecGH\Lazarus\RecorderLnx\.\Device\MIC140\uRecorderMic140Device.pas(219,21) Hint: (5058) Variable "AFirmware" does not seem to be initialized
D:\works\OburecGH\Lazarus\RecorderLnx\.\Device\MIC140\uRecorderMic140Device.pas(387,24) Note: (6058) Call to subroutine "operator :=(const source:AnsiString):Variant;" marked as inline is not inlined
D:\works\OburecGH\Lazarus\RecorderLnx\.\Device\MIC140\uRecorderMic140Device.pas(388,24) Note: (6058) Call to subroutine "operator :=(const source:AnsiString):Variant;" marked as inline is not inlined
D:\works\OburecGH\Lazarus\RecorderLnx\.\Device\MIC140\uRecorderMic140Device.pas(389,24) Note: (6058) Call to subroutine "operator :=(const source:LongInt):Variant;" marked as inline is not inlined
D:\works\OburecGH\Lazarus\RecorderLnx\.\Device\MIC140\uRecorderMic140Device.pas(390,35) Note: (6058) Call to subroutine "operator :=(const source:Double):Variant;" marked as inline is not inlined
D:\works\OburecGH\Lazarus\RecorderLnx\.\Device\MIC140\uRecorderMic140Device.pas(391,32) Note: (6058) Call to subroutine "operator :=(const source:LongInt):Variant;" marked as inline is not inlined
D:\works\OburecGH\Lazarus\RecorderLnx\.\Device\MIC140\uRecorderMic140Device.pas(392,32) Note: (6058) Call to subroutine "operator :=(const source:LongInt):Variant;" marked as inline is not inlined
D:\works\OburecGH\Lazarus\RecorderLnx\.\Device\MIC140\uRecorderMic140Device.pas(393,32) Note: (6058) Call to subroutine "operator :=(const source:LongInt):Variant;" marked as inline is not inlined
D:\works\OburecGH\Lazarus\RecorderLnx\.\Device\MIC140\uRecorderMic140Device.pas(396,32) Note: (6058) Call to subroutine "operator :=(const source:LongInt):Variant;" marked as inline is not inlined
D:\works\OburecGH\Lazarus\RecorderLnx\.\Device\MIC140\uRecorderMic140Device.pas(401,33) Note: (6058) Call to subroutine "operator :=(const source:LongInt):Variant;" marked as inline is not inlined
D:\works\OburecGH\Lazarus\RecorderLnx\.\Device\MIC140\uRecorderMic140Device.pas(406,38) Note: (6058) Call to subroutine "operator :=(const source:LongInt):Variant;" marked as inline is not inlined
D:\works\OburecGH\Lazarus\RecorderLnx\.\Device\MIC140\uRecorderMic140Device.pas(409,40) Note: (6058) Call to subroutine "operator :=(const source:LongInt):Variant;" marked as inline is not inlined
D:\works\OburecGH\Lazarus\RecorderLnx\.\Device\MIC140\uRecorderMic140Device.pas(410,29) Note: (6058) Call to subroutine "operator :=(const source:ShortInt):Variant;" marked as inline is not inlined
D:\works\OburecGH\Lazarus\RecorderLnx\.\Device\MIC140\uRecorderMic140Device.pas(411,29) Note: (6058) Call to subroutine "operator :=(const source:ShortString):Variant;" marked as inline is not inlined
D:\works\OburecGH\Lazarus\RecorderLnx\.\Device\MIC140\uRecorderMic140Device.pas(428,18) Note: (6058) Call to subroutine "operator :=(const source:Variant):AnsiString;" marked as inline is not inlined
D:\works\OburecGH\Lazarus\RecorderLnx\.\Device\MIC140\uRecorderMic140Device.pas(434,14) Note: (6058) Call to subroutine "operator :=(const source:Variant):Double;" marked as inline is not inlined
D:\works\OburecGH\Lazarus\RecorderLnx\.\Device\MIC140\uRecorderMic140Device.pas(441,32) Note: (6058) Call to subroutine "operator :=(const source:Variant):Double;" marked as inline is not inlined
D:\works\OburecGH\Lazarus\RecorderLnx\.\Device\MIC140\uRecorderMic140Device.pas(447,14) Note: (6058) Call to subroutine "operator :=(const source:Variant):Double;" marked as inline is not inlined
D:\works\OburecGH\Lazarus\RecorderLnx\.\Device\MIC140\uRecorderMic140Device.pas(454,14) Note: (6058) Call to subroutine "operator :=(const source:Variant):Double;" marked as inline is not inlined
D:\works\OburecGH\Lazarus\RecorderLnx\.\Device\MIC140\uRecorderMic140Device.pas(466,14) Note: (6058) Call to subroutine "operator :=(const source:Variant):Double;" marked as inline is not inlined
D:\works\OburecGH\Lazarus\RecorderLnx\.\Device\MIC140\uRecorderMic140Device.pas(474,14) Note: (6058) Call to subroutine "operator :=(const source:Variant):Double;" marked as inline is not inlined
D:\works\OburecGH\Lazarus\RecorderLnx\.\Device\MIC140\uRecorderMic140Device.pas(482,14) Note: (6058) Call to subroutine "operator :=(const source:Variant):Double;" marked as inline is not inlined
D:\works\OburecGH\Lazarus\RecorderLnx\.\Device\MIC140\uRecorderMic140Device.pas(85,43) Hint: (5024) Parameter "AIndex" not used
D:\works\OburecGH\Lazarus\RecorderLnx\.\Device\MIC140\uRecorderMic140Device.pas(86,43) Hint: (5024) Parameter "AIndex" not used
D:\works\OburecGH\Lazarus\RecorderLnx\.\Device\MIC140\uRecorderMic140Device.pas(1042,18) Hint: (5091) Local variable "lArgs" of a managed type does not seem to be initialized
D:\works\OburecGH\Lazarus\RecorderLnx\.\Device\MIC140\uRecorderMic140Device.pas(1161,41) Hint: (5092) Variable "ABlock" of a managed type does not seem to be initialized
D:\works\OburecGH\Lazarus\RecorderLnx\.\Device\MIC140\uRecorderMic140Device.pas(1195,61) Hint: (5092) Variable "ABlock" of a managed type does not seem to be initialized
D:\works\OburecGH\Lazarus\RecorderLnx\.\Device\MIC140\uRecorderMic140Device.pas(1307,19) Hint: (5092) Variable "AMeans" of a managed type does not seem to be initialized
D:\works\OburecGH\Lazarus\RecorderLnx\.\Device\MIC140\uRecorderMic140Device.pas(1313,17) Hint: (5091) Local variable "sums" of a managed type does not seem to be initialized
D:\works\OburecGH\Lazarus\RecorderLnx\.\Device\MIC140\uRecorderMic140Device.pas(1314,16) Hint: (5091) Local variable "cnt" of a managed type does not seem to be initialized
D:\works\OburecGH\Lazarus\RecorderLnx\.\Device\MIC140\uRecorderMic140Device.pas(1315,16) Hint: (5091) Local variable "eff" of a managed type does not seem to be initialized
D:\works\OburecGH\Lazarus\RecorderLnx\.\Device\MIC140\uRecorderMic140Device.pas(1298,16) Note: (5025) Local variable "k" not used
D:\works\OburecGH\Lazarus\RecorderLnx\.\Device\MIC140\uRecorderMic140DataSource.pas(439,23) Hint: (5024) Parameter "AChannelIndex" not used
D:\works\OburecGH\Lazarus\RecorderLnx\.\Device\MIC140\uRecorderMic140DataSource.pas(174,3) Hint: (5024) Parameter "ADevSubRev" not used
D:\works\OburecGH\Lazarus\RecorderLnx\.\Device\MIC140\uRecorderMic140DataSource.pas(727,3) Note: (5025) Local variable "lResolvedKey" not used
D:\works\OburecGH\Lazarus\RecorderLnx\.\Device\MIC140\uRecorderMic140DataSource.pas(112,45) Hint: (5024) Parameter "ATag" not used
D:\works\OburecGH\Lazarus\RecorderLnx\.\Device\MIC140\uRecorderMic140DataSource.pas(1308,28) Hint: (5091) Local variable "lChannelNumbers" of a managed type does not seem to be initialized
D:\works\OburecGH\Lazarus\RecorderLnx\.\Device\MIC140\uRecorderMic140DataSource.pas(1624,77) Note: (6058) Call to subroutine "operator :=(const source:LongInt):Variant;" marked as inline is not inlined
D:\works\OburecGH\Lazarus\RecorderLnx\.\Device\MIC140\uRecorderMic140DataSource.pas(1626,79) Note: (6058) Call to subroutine "operator :=(const source:LongInt):Variant;" marked as inline is not inlined
D:\works\OburecGH\Lazarus\RecorderLnx\.\Device\MIC140\uRecorderMic140DataSource.pas(1660,74) Note: (6058) Call to subroutine "operator :=(const source:LongInt):Variant;" marked as inline is not inlined
D:\works\OburecGH\Lazarus\RecorderLnx\.\Device\MIC140\uRecorderMic140DataSource.pas(1661,76) Note: (6058) Call to subroutine "operator :=(const source:LongInt):Variant;" marked as inline is not inlined
D:\works\OburecGH\Lazarus\RecorderLnx\.\Device\MIC140\uRecorderMic140DataSource.pas(1662,84) Note: (6058) Call to subroutine "operator :=(const source:LongInt):Variant;" marked as inline is not inlined
D:\works\OburecGH\Lazarus\RecorderLnx\.\Device\MIC140\uRecorderMic140DataSource.pas(1738,28) Note: (6058) Call to subroutine "operator :=(const source:LongInt):Variant;" marked as inline is not inlined
D:\works\OburecGH\Lazarus\RecorderLnx\.\Device\MIC140\uRecorderMic140DataSource.pas(1951,3) Note: (5025) Local variable "lSum" not used
D:\works\OburecGH\Lazarus\RecorderLnx\.\Device\MIC140\uRecorderMic140DataSource.pas(1953,3) Note: (5025) Local variable "lPreview" not used
D:\works\OburecGH\Lazarus\RecorderLnx\.\Device\MIC140\uRecorderMic140DataSource.pas(1954,3) Note: (5025) Local variable "lAll48" not used
D:\works\OburecGH\Lazarus\RecorderLnx\.\Device\MIC140\uRecorderMic140DataSource.pas(1955,3) Note: (5025) Local variable "lAll48S1" not used
D:\works\OburecGH\Lazarus\RecorderLnx\.\Device\MIC140\uRecorderMic140DataSource.pas(1956,3) Note: (5025) Local variable "lGood48" not used
D:\works\OburecGH\Lazarus\RecorderLnx\.\Device\MIC140\uRecorderMic140DataSource.pas(1957,3) Note: (5025) Local variable "lGood48S1" not used
D:\works\OburecGH\Lazarus\RecorderLnx\.\Device\MIC140\uRecorderMic140DataSource.pas(198,9) Hint: (5023) Unit "StrUtils" not used in uRecorderMic140DataSource
D:\works\OburecGH\Lazarus\RecorderLnx\.\Device\MIC140\uRecorderMic140DeviceConfig.pas(140,3) Hint: (5024) Parameter "ADevSubRev" not used
D:\works\OburecGH\Lazarus\RecorderLnx\.\Device\MIC140\uRecorderMic140DeviceConfig.pas(102,3) Hint: (5024) Parameter "ARegistry" not used
D:\works\OburecGH\Lazarus\RecorderLnx\.\Device\MIC140\uRecorderMic140DeviceConfig.pas(612,19) Hint: (5092) Variable "AFields" of a managed type does not seem to be initialized
D:\works\OburecGH\Lazarus\RecorderLnx\.\Device\MIC140\uRecorderMic140DeviceConfig.pas(653,30) Warning: (4045) Comparison might be always true due to range of constant and expression
D:\works\OburecGH\Lazarus\RecorderLnx\.\Device\MIC140\uRecorderMic140DeviceConfig.pas(129,54) Hint: (5024) Parameter "ARegistry" not used
D:\works\OburecGH\Lazarus\RecorderLnx\.\Device\MIC140\uRecorderMic140DeviceConfig.pas(1087,41) Hint: (5024) Parameter "AJson" not used
D:\works\OburecGH\Lazarus\RecorderLnx\.\Device\MIC140\uRecorderMic140DeviceConfig.pas(18,3) Hint: (5023) Unit "uRecorderDeviceInterfaces" not used in uRecorderMic140DeviceConfig
D:\works\OburecGH\Lazarus\RecorderLnx\.\Device\MIC140\uRecorderMic140DeviceConfig.pas(151,9) Hint: (5023) Unit "StrUtils" not used in uRecorderMic140DeviceConfig
D:\works\OburecGH\Lazarus\RecorderLnx\.\Core\uRecorderHardwareTree.pas(261,21) Hint: (5092) Variable "AEntries" of a managed type does not seem to be initialized
(3104) Compiling .\Core\uRecorderTagBalance.pas
D:\works\OburecGH\Lazarus\RecorderLnx\.\Core\uRecorderTagBalance.pas(84,25) Hint: (5024) Parameter "Sender" not used
D:\works\OburecGH\Lazarus\RecorderLnx\.\Core\uRecorderTagBalance.pas(18,3) Hint: (5024) Parameter "ARegistry" not used
D:\works\OburecGH\Lazarus\RecorderLnx\.\Core\uRecorderTagBalance.pas(15,40) Hint: (5023) Unit "Contnrs" not used in uRecorderTagBalance
(3104) Compiling .\UI\uRecorderSettingsSourceProbe.pas
(3104) Compiling .\Device\mic185\uRecorderMic185DataSource.pas
(3104) Compiling .\Device\mic185\uMic185Device.pas
(3104) Compiling .\Device\mic185\uMic185MebiusTcpProtocol.pas
(3104) Compiling .\Device\mic185\uMic185Constants.pas
(3104) Compiling .\Device\mic185\uMic185DebugLog.pas
(3104) Compiling .\Device\mic185\uRecorderMic185Runtime.pas
(3104) Compiling .\Device\mic185\uMic185MebiusTypes.pas
D:\works\OburecGH\Lazarus\RecorderLnx\.\Device\mic185\uMic185MebiusTypes.pas(182,21) Hint: (5058) Variable "ASettings" does not seem to be initialized
D:\works\OburecGH\Lazarus\RecorderLnx\.\Device\mic185\uMic185MebiusTypes.pas(219,21) Hint: (5058) Variable "ASettings" does not seem to be initialized
D:\works\OburecGH\Lazarus\RecorderLnx\.\Device\mic185\uMic185MebiusTypes.pas(300,21) Hint: (5057) Local variable "lSettings" does not seem to be initialized
D:\works\OburecGH\Lazarus\RecorderLnx\.\Device\mic185\uMic185MebiusTypes.pas(359,19) Warning: (5093) function result variable of a managed type does not seem to be initialized
D:\works\OburecGH\Lazarus\RecorderLnx\.\Device\mic185\uRecorderMic185Runtime.pas(60,3) Hint: (5023) Unit "syncobjs" not used in uRecorderMic185Runtime
D:\works\OburecGH\Lazarus\RecorderLnx\.\Device\mic185\uMic185MebiusTcpProtocol.pas(331,19) Warning: (5093) function result variable of a managed type does not seem to be initialized
D:\works\OburecGH\Lazarus\RecorderLnx\.\Device\mic185\uMic185MebiusTcpProtocol.pas(332,19) Hint: (5057) Local variable "lHeader" does not seem to be initialized
D:\works\OburecGH\Lazarus\RecorderLnx\.\Device\mic185\uMic185MebiusTcpProtocol.pas(348,20) Hint: (5060) Function result variable does not seem to be initialized
D:\works\OburecGH\Lazarus\RecorderLnx\.\Device\mic185\uMic185MebiusTcpProtocol.pas(367,18) Hint: (5092) Variable "ABlock" of a managed type does not seem to be initialized
D:\works\OburecGH\Lazarus\RecorderLnx\.\Device\mic185\uMic185MebiusTcpProtocol.pas(495,20) Hint: (5092) Variable "AValues" of a managed type does not seem to be initialized
D:\works\OburecGH\Lazarus\RecorderLnx\.\Device\mic185\uMic185MebiusTcpProtocol.pas(696,29) Hint: (4055) Conversion between ordinals and pointers is not portable
D:\works\OburecGH\Lazarus\RecorderLnx\.\Device\mic185\uMic185MebiusTcpProtocol.pas(696,29) Warning: (4056) Conversion between ordinals and pointers is not portable
D:\works\OburecGH\Lazarus\RecorderLnx\.\Device\mic185\uMic185MebiusTcpProtocol.pas(934,19) Hint: (5092) Variable "APacket" of a managed type does not seem to be initialized
D:\works\OburecGH\Lazarus\RecorderLnx\.\Device\mic185\uMic185MebiusTcpProtocol.pas(938,38) Hint: (5057) Local variable "lHeader" does not seem to be initialized
D:\works\OburecGH\Lazarus\RecorderLnx\.\Device\mic185\uMic185MebiusTcpProtocol.pas(987,29) Hint: (5060) Function result variable does not seem to be initialized
D:\works\OburecGH\Lazarus\RecorderLnx\.\Device\mic185\uMic185MebiusTcpProtocol.pas(1004,21) Hint: (5092) Variable "AOutData" of a managed type does not seem to be initialized
D:\works\OburecGH\Lazarus\RecorderLnx\.\Device\mic185\uMic185MebiusTcpProtocol.pas(1006,20) Hint: (5091) Local variable "lBody" of a managed type does not seem to be initialized
D:\works\OburecGH\Lazarus\RecorderLnx\.\Device\mic185\uMic185MebiusTcpProtocol.pas(1070,16) Hint: (5091) Local variable "lIn" of a managed type does not seem to be initialized
D:\works\OburecGH\Lazarus\RecorderLnx\.\Device\mic185\uMic185MebiusTcpProtocol.pas(1096,23) Hint: (5057) Local variable "lCode" does not seem to be initialized
D:\works\OburecGH\Lazarus\RecorderLnx\.\Device\mic185\uMic185MebiusTcpProtocol.pas(1113,21) Hint: (5092) Variable "AOutData" of a managed type does not seem to be initialized
D:\works\OburecGH\Lazarus\RecorderLnx\.\Device\mic185\uMic185MebiusTcpProtocol.pas(1115,19) Hint: (5091) Local variable "lBlock" of a managed type does not seem to be initialized
D:\works\OburecGH\Lazarus\RecorderLnx\.\Device\mic185\uMic185MebiusTcpProtocol.pas(1144,19) Hint: (5091) Local variable "lBlock" of a managed type does not seem to be initialized
D:\works\OburecGH\Lazarus\RecorderLnx\.\Device\mic185\uMic185MebiusTcpProtocol.pas(1248,31) Hint: (5092) Variable "ABlock" of a managed type does not seem to be initialized
D:\works\OburecGH\Lazarus\RecorderLnx\.\Device\mic185\uMic185MebiusTcpProtocol.pas(1249,24) Hint: (5092) Variable "ATempValues" of a managed type does not seem to be initialized
D:\works\OburecGH\Lazarus\RecorderLnx\.\Device\mic185\uMic185Device.pas(53,82) Warning: (2005) Comment level 2 found
D:\works\OburecGH\Lazarus\RecorderLnx\.\Device\mic185\uMic185Device.pas(210,19) Warning: (5093) function result variable of a managed type does not seem to be initialized
D:\works\OburecGH\Lazarus\RecorderLnx\.\Device\mic185\uMic185Device.pas(303,19) Warning: (5093) function result variable of a managed type does not seem to be initialized
D:\works\OburecGH\Lazarus\RecorderLnx\.\Device\mic185\uMic185Device.pas(319,32) Note: (6058) Call to subroutine "operator :=(const source:LongWord):Variant;" marked as inline is not inlined
D:\works\OburecGH\Lazarus\RecorderLnx\.\Device\mic185\uMic185Device.pas(320,32) Note: (6058) Call to subroutine "operator :=(const source:LongInt):Variant;" marked as inline is not inlined
D:\works\OburecGH\Lazarus\RecorderLnx\.\Device\mic185\uMic185Device.pas(321,35) Note: (6058) Call to subroutine "operator :=(const source:Double):Variant;" marked as inline is not inlined
D:\works\OburecGH\Lazarus\RecorderLnx\.\Device\mic185\uMic185Device.pas(335,43) Note: (6058) Call to subroutine "operator :=(const source:Variant):Double;" marked as inline is not inlined
D:\works\OburecGH\Lazarus\RecorderLnx\.\Device\mic185\uMic185Device.pas(344,28) Note: (6058) Call to subroutine "operator :=(const source:Variant):LongInt;" marked as inline is not inlined
D:\works\OburecGH\Lazarus\RecorderLnx\.\Device\mic185\uMic185Device.pas(401,26) Hint: (5057) Local variable "lInfo" does not seem to be initialized
D:\works\OburecGH\Lazarus\RecorderLnx\.\Device\mic185\uMic185Device.pas(542,23) Hint: (5091) Local variable "lCommandIn" of a managed type does not seem to be initialized
D:\works\OburecGH\Lazarus\RecorderLnx\.\Device\mic185\uMic185Device.pas(851,26) Hint: (5092) Variable "ASoftBalances" of a managed type does not seem to be initialized
D:\works\OburecGH\Lazarus\RecorderLnx\.\Device\mic185\uMic185Device.pas(864,16) Hint: (5091) Local variable "lIn" of a managed type does not seem to be initialized
D:\works\OburecGH\Lazarus\RecorderLnx\.\Device\mic185\uMic185Device.pas(933,39) Hint: (5092) Variable "ABlock" of a managed type does not seem to be initialized
D:\works\OburecGH\Lazarus\RecorderLnx\.\Device\mic185\uMic185Device.pas(989,23) Hint: (5057) Local variable "lGroupOrder" does not seem to be initialized
D:\works\OburecGH\Lazarus\RecorderLnx\.\Device\mic185\uRecorderMic185DataSource.pas(258,15) Note: (3250) Virtual method "PrepareHardware;" has a lower visibility (protected) than parent class TRecorderDataSourceBase (public)
(3104) Compiling .\Device\mic185\uRecorderMic185Calibration.pas
D:\works\OburecGH\Lazarus\RecorderLnx\.\Device\mic185\uRecorderMic185Calibration.pas(328,19) Warning: (5093) function result variable of a managed type does not seem to be initialized
D:\works\OburecGH\Lazarus\RecorderLnx\.\Device\mic185\uRecorderMic185Calibration.pas(534,17) Hint: (5057) Local variable "lInfo" does not seem to be initialized
(3104) Compiling .\Device\uRecorderDeviceConfigSignature.pas
D:\works\OburecGH\Lazarus\RecorderLnx\.\Device\uRecorderDeviceConfigSignature.pas(25,50) Hint: (5024) Parameter "ARegistry" not used
D:\works\OburecGH\Lazarus\RecorderLnx\.\Device\mic185\uRecorderMic185DataSource.pas(170,42) Hint: (5024) Parameter "ARegistry" not used
D:\works\OburecGH\Lazarus\RecorderLnx\.\Device\mic185\uRecorderMic185DataSource.pas(1170,3) Note: (5025) Local variable "I" not used
D:\works\OburecGH\Lazarus\RecorderLnx\.\Device\mic185\uRecorderMic185DataSource.pas(1271,48) Note: (6058) Call to subroutine "operator :=(const source:AnsiString):Variant;" marked as inline is not inlined
D:\works\OburecGH\Lazarus\RecorderLnx\.\Device\mic185\uRecorderMic185DataSource.pas(1272,57) Note: (6058) Call to subroutine "operator :=(const source:LongInt):Variant;" marked as inline is not inlined
D:\works\OburecGH\Lazarus\RecorderLnx\.\Device\mic185\uRecorderMic185DataSource.pas(1273,61) Note: (6058) Call to subroutine "operator :=(const source:Double):Variant;" marked as inline is not inlined
D:\works\OburecGH\Lazarus\RecorderLnx\.\Device\mic185\uRecorderMic185DataSource.pas(1448,20) Hint: (5091) Local variable "lSums" of a managed type does not seem to be initialized
D:\works\OburecGH\Lazarus\RecorderLnx\.\Device\mic185\uRecorderMic185DataSource.pas(1449,22) Hint: (5091) Local variable "lCounts" of a managed type does not seem to be initialized
D:\works\OburecGH\Lazarus\RecorderLnx\.\Device\mic185\uRecorderMic185DataSource.pas(1605,48) Note: (6058) Call to subroutine "operator :=(const source:AnsiString):Variant;" marked as inline is not inlined
D:\works\OburecGH\Lazarus\RecorderLnx\.\Device\mic185\uRecorderMic185DataSource.pas(1606,57) Note: (6058) Call to subroutine "operator :=(const source:LongInt):Variant;" marked as inline is not inlined
D:\works\OburecGH\Lazarus\RecorderLnx\.\Device\mic185\uRecorderMic185DataSource.pas(1607,61) Note: (6058) Call to subroutine "operator :=(const source:Double):Variant;" marked as inline is not inlined
D:\works\OburecGH\Lazarus\RecorderLnx\.\Device\mic185\uRecorderMic185DataSource.pas(37,27) Hint: (5024) Parameter "ATimeoutMs" not used
D:\works\OburecGH\Lazarus\RecorderLnx\.\Device\mic185\uRecorderMic185DataSource.pas(2950,22) Hint: (5091) Local variable "lChannels" of a managed type does not seem to be initialized
D:\works\OburecGH\Lazarus\RecorderLnx\.\Device\mic185\uRecorderMic185DataSource.pas(269,30) Hint: (5024) Parameter "AOwner" not used
D:\works\OburecGH\Lazarus\RecorderLnx\.\Device\mic185\uRecorderMic185DataSource.pas(3047,46) Note: (6058) Call to subroutine "operator :=(const source:AnsiString):Variant;" marked as inline is not inlined
D:\works\OburecGH\Lazarus\RecorderLnx\.\Device\mic185\uRecorderMic185DataSource.pas(3048,55) Note: (6058) Call to subroutine "operator :=(const source:LongInt):Variant;" marked as inline is not inlined
D:\works\OburecGH\Lazarus\RecorderLnx\.\Device\mic185\uRecorderMic185DataSource.pas(3049,68) Note: (6058) Call to subroutine "operator :=(const source:Double):Variant;" marked as inline is not inlined
D:\works\OburecGH\Lazarus\RecorderLnx\.\Device\mic185\uRecorderMic185DataSource.pas(3050,70) Note: (6058) Call to subroutine "operator :=(const source:LongInt):Variant;" marked as inline is not inlined
D:\works\OburecGH\Lazarus\RecorderLnx\.\Device\mic185\uRecorderMic185DataSource.pas(3171,64) Warning: (2005) Comment level 2 found
D:\works\OburecGH\Lazarus\RecorderLnx\.\Device\mic185\uRecorderMic185DataSource.pas(3431,70) Note: (6058) Call to subroutine "operator :=(const source:Double):Variant;" marked as inline is not inlined
D:\works\OburecGH\Lazarus\RecorderLnx\.\Device\mic185\uRecorderMic185DataSource.pas(3432,72) Note: (6058) Call to subroutine "operator :=(const source:LongInt):Variant;" marked as inline is not inlined
D:\works\OburecGH\Lazarus\RecorderLnx\.\Device\mic185\uRecorderMic185DataSource.pas(3704,34) Hint: (5024) Parameter "AJson" not used
D:\works\OburecGH\Lazarus\RecorderLnx\.\Device\mic185\uRecorderMic185DataSource.pas(3705,3) Hint: (5024) Parameter "ARegistry" not used
(3104) Compiling .\Device\MCbus\UI\uRecorderMc032SettingsDialog.pas
(3104) Compiling .\Device\MCbus\uMc032Device.pas
(3104) Compiling .\Device\MCbus\uMc201LegacyMdpClient.pas
(3104) Compiling .\Device\MCbus\uMc201ProtocolTypes.pas
D:\works\OburecGH\Lazarus\RecorderLnx\.\Device\MCbus\uMc201ProtocolTypes.pas(287,18) Hint: (5091) Local variable "lGrid" of a managed type does not seem to be initialized
(3104) Compiling .\Device\MCbus\uMc201FirmwareResources.pas
(3104) Compiling .\Core\uRecorderResourcePaths.pas
D:\works\OburecGH\Lazarus\RecorderLnx\.\Device\MCbus\uMc201FirmwareResources.pas(38,19) Hint: (5092) Variable "ABytes" of a managed type does not seem to be initialized
D:\works\OburecGH\Lazarus\RecorderLnx\.\Device\MCbus\uMc201FirmwareResources.pas(54,19) Hint: (5092) Variable "ABytes" of a managed type does not seem to be initialized
D:\works\OburecGH\Lazarus\RecorderLnx\.\Device\MCbus\uMc201LegacyMdpClient.pas(181,19) Hint: (5057) Local variable "lAddr" does not seem to be initialized
D:\works\OburecGH\Lazarus\RecorderLnx\.\Device\MCbus\uMc201LegacyMdpClient.pas(183,23) Warning: (5043) Symbol "ShortHostToNet" is deprecated
D:\works\OburecGH\Lazarus\RecorderLnx\.\Device\MCbus\uMc201LegacyMdpClient.pas(184,30) Warning: (5043) Symbol "HostToNet" is deprecated
D:\works\OburecGH\Lazarus\RecorderLnx\.\Device\MCbus\uMc201LegacyMdpClient.pas(215,20) Hint: (5057) Local variable "lFds" does not seem to be initialized
D:\works\OburecGH\Lazarus\RecorderLnx\.\Device\MCbus\uMc201LegacyMdpClient.pas(404,19) Hint: (5091) Local variable "lBytes" of a managed type does not seem to be initialized
D:\works\OburecGH\Lazarus\RecorderLnx\.\Device\MCbus\uMc201LegacyMdpClient.pas(433,19) Hint: (5092) Variable "AWords" of a managed type does not seem to be initialized
D:\works\OburecGH\Lazarus\RecorderLnx\.\Device\MCbus\uMc201LegacyMdpClient.pas(482,17) Hint: (5092) Variable "ARet" of a managed type does not seem to be initialized
D:\works\OburecGH\Lazarus\RecorderLnx\.\Device\MCbus\uMc201LegacyMdpClient.pas(484,23) Hint: (5091) Local variable "lRequest" of a managed type does not seem to be initialized
D:\works\OburecGH\Lazarus\RecorderLnx\.\Device\MCbus\uMc201LegacyMdpClient.pas(528,23) Hint: (5091) Local variable "lRequest" of a managed type does not seem to be initialized
D:\works\OburecGH\Lazarus\RecorderLnx\.\Device\MCbus\uMc201LegacyMdpClient.pas(547,17) Hint: (5058) Variable "ABios" does not seem to be initialized
D:\works\OburecGH\Lazarus\RecorderLnx\.\Device\MCbus\uMc201LegacyMdpClient.pas(561,18) Hint: (5091) Local variable "lArgs" of a managed type does not seem to be initialized
D:\works\OburecGH\Lazarus\RecorderLnx\.\Device\MCbus\uMc201LegacyMdpClient.pas(602,18) Hint: (5092) Variable "AData" of a managed type does not seem to be initialized
D:\works\OburecGH\Lazarus\RecorderLnx\.\Device\MCbus\uMc201LegacyMdpClient.pas(603,18) Hint: (5091) Local variable "lArgs" of a managed type does not seem to be initialized
D:\works\OburecGH\Lazarus\RecorderLnx\.\Device\MCbus\uMc201LegacyMdpClient.pas(615,18) Hint: (5091) Local variable "lArgs" of a managed type does not seem to be initialized
D:\works\OburecGH\Lazarus\RecorderLnx\.\Device\MCbus\uMc201LegacyMdpClient.pas(636,18) Hint: (5092) Variable "AData" of a managed type does not seem to be initialized
D:\works\OburecGH\Lazarus\RecorderLnx\.\Device\MCbus\uMc201LegacyMdpClient.pas(643,20) Hint: (5091) Local variable "lArgs" of a managed type does not seem to be initialized
D:\works\OburecGH\Lazarus\RecorderLnx\.\Device\MCbus\uMc201LegacyMdpClient.pas(684,20) Hint: (5091) Local variable "lArgs" of a managed type does not seem to be initialized
D:\works\OburecGH\Lazarus\RecorderLnx\.\Device\MCbus\uMc201LegacyMdpClient.pas(710,18) Hint: (5091) Local variable "lArgs" of a managed type does not seem to be initialized
D:\works\OburecGH\Lazarus\RecorderLnx\.\Device\MCbus\uMc201LegacyMdpClient.pas(779,80) Warning: (4104) Implicit string type conversion from "AnsiString" to "UnicodeString"
D:\works\OburecGH\Lazarus\RecorderLnx\.\Device\MCbus\uMc201LegacyMdpClient.pas(779,78) Warning: (4105) Implicit string type conversion with potential data loss from "UnicodeString" to "AnsiString"
D:\works\OburecGH\Lazarus\RecorderLnx\.\Device\MCbus\uMc201LegacyMdpClient.pas(782,23) Hint: (5091) Local variable "lBiosWords" of a managed type does not seem to be initialized
D:\works\OburecGH\Lazarus\RecorderLnx\.\Device\MCbus\uMc201LegacyMdpClient.pas(801,18) Hint: (5091) Local variable "lVars" of a managed type does not seem to be initialized
D:\works\OburecGH\Lazarus\RecorderLnx\.\Device\MCbus\uMc201LegacyMdpClient.pas(808,23) Hint: (5091) Local variable "lCodeWords" of a managed type does not seem to be initialized
D:\works\OburecGH\Lazarus\RecorderLnx\.\Device\MCbus\uMc201LegacyMdpClient.pas(867,17) Hint: (5092) Variable "ARet" of a managed type does not seem to be initialized
D:\works\OburecGH\Lazarus\RecorderLnx\.\Device\MCbus\uMc201LegacyMdpClient.pas(872,21) Hint: (5091) Local variable "lCommand" of a managed type does not seem to be initialized
D:\works\OburecGH\Lazarus\RecorderLnx\.\Device\MCbus\uMc201LegacyMdpClient.pas(914,17) Hint: (5092) Variable "ARet" of a managed type does not seem to be initialized
D:\works\OburecGH\Lazarus\RecorderLnx\.\Device\MCbus\uMc201LegacyMdpClient.pas(915,18) Hint: (5091) Local variable "lArgs" of a managed type does not seem to be initialized
D:\works\OburecGH\Lazarus\RecorderLnx\.\Device\MCbus\uMc201LegacyMdpClient.pas(952,17) Hint: (5092) Variable "ARet" of a managed type does not seem to be initialized
D:\works\OburecGH\Lazarus\RecorderLnx\.\Device\MCbus\uMc201LegacyMdpClient.pas(955,20) Hint: (5091) Local variable "lTail" of a managed type does not seem to be initialized
D:\works\OburecGH\Lazarus\RecorderLnx\.\Device\MCbus\uMc201LegacyMdpClient.pas(962,22) Hint: (5091) Local variable "lFirstArg" of a managed type does not seem to be initialized
D:\works\OburecGH\Lazarus\RecorderLnx\.\Device\MCbus\uMc032Device.pas(668,21) Hint: (5091) Local variable "lWords" of a managed type does not seem to be initialized
D:\works\OburecGH\Lazarus\RecorderLnx\.\Device\MCbus\uMc032Device.pas(837,3) Warning: (6018) unreachable code
D:\works\OburecGH\Lazarus\RecorderLnx\.\Device\MCbus\uMc032Device.pas(1029,26) Hint: (5091) Local variable "lTestData" of a managed type does not seem to be initialized
D:\works\OburecGH\Lazarus\RecorderLnx\.\Device\MCbus\uMc032Device.pas(1053,17) Hint: (5058) Variable "AInfo" does not seem to be initialized
D:\works\OburecGH\Lazarus\RecorderLnx\.\Device\MCbus\uMc032Device.pas(1090,21) Hint: (5092) Variable "AModules" of a managed type does not seem to be initialized
D:\works\OburecGH\Lazarus\RecorderLnx\.\Device\MCbus\uMc032Device.pas(1308,19) Hint: (5092) Variable "AWords" of a managed type does not seem to be initialized
D:\works\OburecGH\Lazarus\RecorderLnx\.\Device\MCbus\uMc032Device.pas(1380,18) Hint: (5091) Local variable "lArgs" of a managed type does not seem to be initialized
D:\works\OburecGH\Lazarus\RecorderLnx\.\Device\MCbus\uMc032Device.pas(1599,23) Hint: (5091) Local variable "lMessage" of a managed type does not seem to be initialized
D:\works\OburecGH\Lazarus\RecorderLnx\.\Device\MCbus\uMc032Device.pas(1614,3) Note: (5027) Local variable "lQueued" is assigned but never used
(3104) Compiling .\Device\MCbus\uRecorderMcbusDataSource.pas
(3104) Compiling .\Device\MCbus\uRecorderMcbusDevice.pas
D:\works\OburecGH\Lazarus\RecorderLnx\.\Device\MCbus\uRecorderMcbusDevice.pas(46,34) Hint: (5024) Parameter "Sender" not used
D:\works\OburecGH\Lazarus\RecorderLnx\.\Device\MCbus\uRecorderMcbusDevice.pas(590,43) Note: (6058) Call to subroutine "operator :=(const source:Word):Variant;" marked as inline is not inlined
D:\works\OburecGH\Lazarus\RecorderLnx\.\Device\MCbus\uRecorderMcbusDevice.pas(591,29) Note: (6058) Call to subroutine "operator :=(const source:AnsiString):Variant;" marked as inline is not inlined
D:\works\OburecGH\Lazarus\RecorderLnx\.\Device\MCbus\uRecorderMcbusDevice.pas(917,19) Hint: (5092) Variable "AMeans" of a managed type does not seem to be initialized
D:\works\OburecGH\Lazarus\RecorderLnx\.\Device\MCbus\uRecorderMcbusDevice.pas(918,16) Hint: (5092) Variable "AOk" of a managed type does not seem to be initialized
D:\works\OburecGH\Lazarus\RecorderLnx\.\Device\MCbus\uRecorderMcbusDevice.pas(919,20) Hint: (5091) Local variable "lCounts" of a managed type does not seem to be initialized
D:\works\OburecGH\Lazarus\RecorderLnx\.\Device\MCbus\uRecorderMcbusDevice.pas(920,18) Hint: (5091) Local variable "lSums" of a managed type does not seem to be initialized
D:\works\OburecGH\Lazarus\RecorderLnx\.\Device\MCbus\uRecorderMcbusDevice.pas(1032,19) Hint: (5092) Variable "AMeans" of a managed type does not seem to be initialized
D:\works\OburecGH\Lazarus\RecorderLnx\.\Device\MCbus\uRecorderMcbusDevice.pas(1046,19) Hint: (5091) Local variable "lNeeds" of a managed type does not seem to be initialized
D:\works\OburecGH\Lazarus\RecorderLnx\.\Device\MCbus\uRecorderMcbusDevice.pas(1047,22) Hint: (5091) Local variable "lOldCodes" of a managed type does not seem to be initialized
D:\works\OburecGH\Lazarus\RecorderLnx\.\Device\MCbus\uRecorderMcbusDevice.pas(1048,19) Hint: (5091) Local variable "lCodes" of a managed type does not seem to be initialized
D:\works\OburecGH\Lazarus\RecorderLnx\.\Device\MCbus\uRecorderMcbusDevice.pas(1206,19) Hint: (5091) Local variable "lChans" of a managed type does not seem to be initialized
D:\works\OburecGH\Lazarus\RecorderLnx\.\Device\MCbus\uRecorderMcbusDevice.pas(1317,20) Hint: (5092) Variable "AValues" of a managed type does not seem to be initialized
D:\works\OburecGH\Lazarus\RecorderLnx\.\Device\MCbus\uRecorderMcbusDevice.pas(1341,12) Warning: (4104) Implicit string type conversion from "AnsiString" to "UnicodeString"
D:\works\OburecGH\Lazarus\RecorderLnx\.\Device\MCbus\uRecorderMcbusDevice.pas(1340,114) Warning: (4105) Implicit string type conversion with potential data loss from "UnicodeString" to "AnsiString"
(3104) Compiling .\Device\MCbus\uRecorderMc201Calibration.pas
D:\works\OburecGH\Lazarus\RecorderLnx\.\Device\MCbus\uRecorderMc201Calibration.pas(148,19) Hint: (5091) Local variable "lBytes" of a managed type does not seem to be initialized
D:\works\OburecGH\Lazarus\RecorderLnx\.\Device\MCbus\uRecorderMc201Calibration.pas(482,28) Warning: (4104) Implicit string type conversion from "AnsiString" to "UnicodeString"
D:\works\OburecGH\Lazarus\RecorderLnx\.\Device\MCbus\uRecorderMc201Calibration.pas(482,44) Warning: (4105) Implicit string type conversion with potential data loss from "UnicodeString" to "AnsiString"
D:\works\OburecGH\Lazarus\RecorderLnx\.\Device\MCbus\uRecorderMc201Calibration.pas(668,83) Warning: (4104) Implicit string type conversion from "AnsiString" to "UnicodeString"
D:\works\OburecGH\Lazarus\RecorderLnx\.\Device\MCbus\uRecorderMc201Calibration.pas(668,81) Warning: (4105) Implicit string type conversion with potential data loss from "UnicodeString" to "AnsiString"
D:\works\OburecGH\Lazarus\RecorderLnx\.\Device\MCbus\uRecorderMc201Calibration.pas(95,3) Hint: (5028) Local const "CMc201CalibLoOff" is not used
D:\works\OburecGH\Lazarus\RecorderLnx\.\Device\MCbus\uRecorderMc201Calibration.pas(96,3) Hint: (5028) Local const "CMc201CalibHiOff" is not used
D:\works\OburecGH\Lazarus\RecorderLnx\.\Device\MCbus\uRecorderMc201Calibration.pas(22,22) Hint: (5023) Unit "Types" not used in uRecorderMc201Calibration
D:\works\OburecGH\Lazarus\RecorderLnx\.\Device\MCbus\uRecorderMcbusDataSource.pas(268,28) Note: (6058) Call to subroutine "operator :=(const source:LongInt):Variant;" marked as inline is not inlined
D:\works\OburecGH\Lazarus\RecorderLnx\.\Device\MCbus\uRecorderMcbusDataSource.pas(47,28) Hint: (5024) Parameter "ARegistry" not used
D:\works\OburecGH\Lazarus\RecorderLnx\.\Device\MCbus\uRecorderMcbusDataSource.pas(309,46) Note: (6058) Call to subroutine "operator :=(const source:AnsiString):Variant;" marked as inline is not inlined
D:\works\OburecGH\Lazarus\RecorderLnx\.\Device\MCbus\uRecorderMcbusDataSource.pas(310,55) Note: (6058) Call to subroutine "operator :=(const source:LongInt):Variant;" marked as inline is not inlined
D:\works\OburecGH\Lazarus\RecorderLnx\.\Device\MCbus\uRecorderMcbusDataSource.pas(311,68) Note: (6058) Call to subroutine "operator :=(const source:Double):Variant;" marked as inline is not inlined
D:\works\OburecGH\Lazarus\RecorderLnx\.\Device\MCbus\uRecorderMcbusDataSource.pas(312,70) Note: (6058) Call to subroutine "operator :=(const source:LongInt):Variant;" marked as inline is not inlined
D:\works\OburecGH\Lazarus\RecorderLnx\.\Device\MCbus\uRecorderMcbusDataSource.pas(510,21) Hint: (5091) Local variable "lIndices" of a managed type does not seem to be initialized
D:\works\OburecGH\Lazarus\RecorderLnx\.\Device\MCbus\uRecorderMcbusDataSource.pas(575,21) Hint: (5091) Local variable "lCodes" of a managed type does not seem to be initialized
D:\works\OburecGH\Lazarus\RecorderLnx\.\Device\MCbus\uRecorderMcbusDataSource.pas(59,30) Hint: (5024) Parameter "AOwner" not used
D:\works\OburecGH\Lazarus\RecorderLnx\.\Device\MCbus\UI\uRecorderMc032SettingsDialog.pas(43,31) Hint: (5024) Parameter "Sender" not used
D:\works\OburecGH\Lazarus\RecorderLnx\.\Device\MCbus\UI\uRecorderMc032SettingsDialog.pas(44,25) Hint: (5024) Parameter "Sender" not used
D:\works\OburecGH\Lazarus\RecorderLnx\.\Device\MCbus\UI\uRecorderMc032SettingsDialog.pas(45,28) Hint: (5024) Parameter "Sender" not used
D:\works\OburecGH\Lazarus\RecorderLnx\.\Device\MCbus\UI\uRecorderMc032SettingsDialog.pas(34,3) Hint: (5023) Unit "Math" not used in uRecorderMc032SettingsDialog
(3104) Compiling .\Device\MCbus\UI\uRecorderMc201SlotSettingsDialog.pas
D:\works\OburecGH\Lazarus\RecorderLnx\.\Device\MCbus\UI\uRecorderMc201SlotSettingsDialog.pas(181,85) Warning: (4104) Implicit string type conversion from "AnsiString" to "UnicodeString"
D:\works\OburecGH\Lazarus\RecorderLnx\.\Device\MCbus\UI\uRecorderMc201SlotSettingsDialog.pas(181,92) Warning: (4105) Implicit string type conversion with potential data loss from "UnicodeString" to "AnsiString"
D:\works\OburecGH\Lazarus\RecorderLnx\.\Device\MCbus\UI\uRecorderMc201SlotSettingsDialog.pas(96,30) Hint: (5024) Parameter "Sender" not used
D:\works\OburecGH\Lazarus\RecorderLnx\.\Device\MCbus\UI\uRecorderMc201SlotSettingsDialog.pas(75,24) Hint: (5024) Parameter "Sender" not used
D:\works\OburecGH\Lazarus\RecorderLnx\.\Device\MCbus\UI\uRecorderMc201SlotSettingsDialog.pas(78,31) Hint: (5024) Parameter "Sender" not used
D:\works\OburecGH\Lazarus\RecorderLnx\.\Device\MCbus\UI\uRecorderMc201SlotSettingsDialog.pas(76,23) Hint: (5024) Parameter "Sender" not used
D:\works\OburecGH\Lazarus\RecorderLnx\.\Device\MCbus\UI\uRecorderMc201SlotSettingsDialog.pas(692,40) Warning: (2005) Comment level 2 found
D:\works\OburecGH\Lazarus\RecorderLnx\.\Device\MCbus\UI\uRecorderMc201SlotSettingsDialog.pas(692,53) Warning: (2005) Comment level 2 found
(3104) Compiling .\UI\uRecorderAlgorithmEditorFrame.pas
(3104) Compiling .\UI\uRecorderVirtualTagDialog.pas
D:\works\OburecGH\Lazarus\RecorderLnx\.\UI\uRecorderVirtualTagDialog.pas(21,30) Hint: (5024) Parameter "Sender" not used
D:\works\OburecGH\Lazarus\RecorderLnx\.\UI\uRecorderVirtualTagDialog.pas(20,26) Hint: (5024) Parameter "Sender" not used
(3104) Compiling .\UI\uLuaCalcSettingsDialog.pas
(3104) Compiling .\UI\uLuaSyntaxHighlighter.pas
D:\works\OburecGH\Lazarus\RecorderLnx\.\UI\uLuaSyntaxHighlighter.pas(285,13) Hint: (4055) Conversion between ordinals and pointers is not portable
D:\works\OburecGH\Lazarus\RecorderLnx\.\UI\uLuaSyntaxHighlighter.pas(290,28) Hint: (4055) Conversion between ordinals and pointers is not portable
D:\works\OburecGH\Lazarus\RecorderLnx\.\UI\uLuaSyntaxHighlighter.pas(8,32) Hint: (5023) Unit "SynEditTypes" not used in uLuaSyntaxHighlighter
D:\works\OburecGH\Lazarus\RecorderLnx\.\UI\uLuaCalcSettingsDialog.pas(40,28) Hint: (5024) Parameter "Sender" not used
D:\works\OburecGH\Lazarus\RecorderLnx\.\UI\uLuaCalcSettingsDialog.pas(39,32) Hint: (5024) Parameter "Sender" not used
D:\works\OburecGH\Lazarus\RecorderLnx\.\UI\uLuaCalcSettingsDialog.pas(41,25) Hint: (5024) Parameter "Sender" not used
D:\works\OburecGH\Lazarus\RecorderLnx\.\UI\uLuaCalcSettingsDialog.pas(42,28) Hint: (5024) Parameter "Sender" not used
D:\works\OburecGH\Lazarus\RecorderLnx\.\UI\uLuaCalcSettingsDialog.pas(43,26) Hint: (5024) Parameter "Sender" not used
D:\works\OburecGH\Lazarus\RecorderLnx\.\UI\uLuaCalcSettingsDialog.pas(44,26) Hint: (5024) Parameter "Sender" not used
D:\works\OburecGH\Lazarus\RecorderLnx\.\UI\uLuaCalcSettingsDialog.pas(45,29) Hint: (5024) Parameter "Sender" not used
D:\works\OburecGH\Lazarus\RecorderLnx\.\UI\uLuaCalcSettingsDialog.pas(472,30) Warning: (5066) Symbol "SelStart" is deprecated: "Use "BlockBegin" / SynMemo compatibility - very slow / SynEdit operates on x/y"
D:\works\OburecGH\Lazarus\RecorderLnx\.\UI\uLuaCalcSettingsDialog.pas(503,13) Warning: (5066) Symbol "SelStart" is deprecated: "Use "BlockBegin" / SynMemo compatibility - very slow / SynEdit operates on x/y"
D:\works\OburecGH\Lazarus\RecorderLnx\.\UI\uLuaCalcSettingsDialog.pas(504,13) Warning: (5066) Symbol "SelEnd" is deprecated: "Use "BlockEnd" / SynMemo compatibility - very slow / SynEdit operates on x/y"
D:\works\OburecGH\Lazarus\RecorderLnx\.\UI\uLuaCalcSettingsDialog.pas(48,23) Hint: (5024) Parameter "Sender" not used
D:\works\OburecGH\Lazarus\RecorderLnx\.\UI\uLuaCalcSettingsDialog.pas(48,44) Hint: (5024) Parameter "CloseAction" not used
D:\works\OburecGH\Lazarus\RecorderLnx\.\UI\uLuaCalcSettingsDialog.pas(49,25) Hint: (5024) Parameter "Sender" not used
D:\works\OburecGH\Lazarus\RecorderLnx\.\UI\uLuaCalcSettingsDialog.pas(50,30) Hint: (5024) Parameter "Sender" not used
D:\works\OburecGH\Lazarus\RecorderLnx\.\UI\uLuaCalcSettingsDialog.pas(632,14) Warning: (5066) Symbol "SelStart" is deprecated: "Use "BlockBegin" / SynMemo compatibility - very slow / SynEdit operates on x/y"
D:\works\OburecGH\Lazarus\RecorderLnx\.\UI\uLuaCalcSettingsDialog.pas(633,51) Warning: (5066) Symbol "SelStart" is deprecated: "Use "BlockBegin" / SynMemo compatibility - very slow / SynEdit operates on x/y"
D:\works\OburecGH\Lazarus\RecorderLnx\.\UI\uLuaCalcSettingsDialog.pas(56,33) Hint: (5024) Parameter "Sender" not used
D:\works\OburecGH\Lazarus\RecorderLnx\.\UI\uLuaCalcSettingsDialog.pas(57,7) Hint: (5024) Parameter "Shift" not used
D:\works\OburecGH\Lazarus\RecorderLnx\.\UI\uLuaCalcSettingsDialog.pas(59,7) Hint: (5024) Parameter "Shift" not used
D:\works\OburecGH\Lazarus\RecorderLnx\.\UI\uLuaCalcSettingsDialog.pas(673,15) Hint: (4055) Conversion between ordinals and pointers is not portable
D:\works\OburecGH\Lazarus\RecorderLnx\.\UI\uLuaCalcSettingsDialog.pas(673,15) Warning: (4082) Converting pointers to signed integers may result in wrong comparison results and range errors, use an unsigned type instead.
D:\works\OburecGH\Lazarus\RecorderLnx\.\UI\uLuaCalcSettingsDialog.pas(683,19) Hint: (4055) Conversion between ordinals and pointers is not portable
D:\works\OburecGH\Lazarus\RecorderLnx\.\UI\uLuaCalcSettingsDialog.pas(55,32) Hint: (5024) Parameter "Sender" not used
(3104) Compiling .\UI\uRecorderWindowDragTrace.pas
D:\works\OburecGH\Lazarus\RecorderLnx\.\UI\uRecorderWindowDragTrace.pas(75,37) Hint: (5057) Local variable "lRect" does not seem to be initialized
(3104) Compiling .\UI\uRecorderTachoAlgorithmFrame.pas
D:\works\OburecGH\Lazarus\RecorderLnx\.\UI\uRecorderTachoAlgorithmFrame.pas(42,32) Hint: (5024) Parameter "Sender" not used
D:\works\OburecGH\Lazarus\RecorderLnx\.\UI\uRecorderTachoAlgorithmFrame.pas(43,28) Hint: (5024) Parameter "Sender" not used
(3104) Compiling .\UI\uRecorderPhaseAlgorithmFrame.pas
D:\works\OburecGH\Lazarus\RecorderLnx\.\UI\uRecorderPhaseAlgorithmFrame.pas(36,33) Hint: (5024) Parameter "Sender" not used
(3104) Compiling .\UI\uRecorderCounterAlgorithmFrame.pas
(3104) Compiling .\UI\uRecorderArithmeticAlgorithmFrame.pas
(3104) Compiling .\Device\uRecorderConfiguredSourceEditor.pas
(3104) Compiling .\Device\uRecorderRuntimeSourceFactory.pas
(3104) Compiling .\SQLdb\uRecorderSqlDataSource.pas
(3104) Compiling .\Core\uRecorderSignalGeneratorSource.pas
(3104) Compiling .\UI\uRecorderDeviceSearchDialog.pas
D:\works\OburecGH\Lazarus\RecorderLnx\.\UI\uRecorderDeviceSearchDialog.pas(27,33) Hint: (5024) Parameter "Sender" not used
D:\works\OburecGH\Lazarus\RecorderLnx\.\UI\uRecorderDeviceSearchDialog.pas(28,35) Hint: (5024) Parameter "Sender" not used
(3104) Compiling .\Core\uRecorderTagTableExchange.pas
(3104) Compiling D:\works\OburecGH\Lazarus\third_party\fpspreadsheet\xlsxooxml.pas
(3104) Compiling D:\works\OburecGH\Lazarus\third_party\fpspreadsheet\fpspalette.pas
(3104) Compiling D:\works\OburecGH\Lazarus\third_party\fpspreadsheet\xlscommon.pas
D:\works\OburecGH\Lazarus\third_party\fpspreadsheet\xlscommon.pas(1139,18) Hint: (5091) Local variable "s" of a managed type does not seem to be initialized
D:\works\OburecGH\Lazarus\third_party\fpspreadsheet\xlscommon.pas(1357,14) Hint: (5091) Local variable "s" of a managed type does not seem to be initialized
D:\works\OburecGH\Lazarus\third_party\fpspreadsheet\xlscommon.pas(1550,9) Warning: (4045) Comparison might be always true due to range of constant and expression
D:\works\OburecGH\Lazarus\third_party\fpspreadsheet\xlscommon.pas(2138,14) Hint: (5091) Local variable "s" of a managed type does not seem to be initialized
D:\works\OburecGH\Lazarus\third_party\fpspreadsheet\xlscommon.pas(3730,16) Note: (6058) Call to subroutine "operator :=(const source:ShortInt):Variant;" marked as inline is not inlined
D:\works\OburecGH\Lazarus\third_party\fpspreadsheet\xlscommon.pas(3746,30) Note: (6058) Call to subroutine "operator :=(const source:Variant):Double;" marked as inline is not inlined
D:\works\OburecGH\Lazarus\third_party\fpspreadsheet\xlscommon.pas(3761,34) Note: (6058) Call to subroutine "operator =(const op1:Variant;const op2:Variant):Boolean;" marked as inline is not inlined
D:\works\OburecGH\Lazarus\third_party\fpspreadsheet\xlscommon.pas(3761,34) Note: (6058) Call to subroutine "operator :=(const source:ShortInt):Variant;" marked as inline is not inlined
D:\works\OburecGH\Lazarus\third_party\fpspreadsheet\xlscommon.pas(3765,16) Note: (6058) Call to subroutine "operator :=(const source:ShortInt):Variant;" marked as inline is not inlined
D:\works\OburecGH\Lazarus\third_party\fpspreadsheet\xlscommon.pas(568,8) Hint: (5023) Unit "fpspatches" not used in xlscommon
D:\works\OburecGH\Lazarus\third_party\fpspreadsheet\xlsxooxml.pas(2533,18) Note: (6058) Call to subroutine "operator :=(const source:ShortInt):Variant;" marked as inline is not inlined
D:\works\OburecGH\Lazarus\third_party\fpspreadsheet\xlsxooxml.pas(2550,32) Note: (6058) Call to subroutine "operator :=(const source:Variant):Double;" marked as inline is not inlined
D:\works\OburecGH\Lazarus\third_party\fpspreadsheet\xlsxooxml.pas(2565,36) Note: (6058) Call to subroutine "operator =(const op1:Variant;const op2:Variant):Boolean;" marked as inline is not inlined
D:\works\OburecGH\Lazarus\third_party\fpspreadsheet\xlsxooxml.pas(2565,36) Note: (6058) Call to subroutine "operator :=(const source:ShortInt):Variant;" marked as inline is not inlined
D:\works\OburecGH\Lazarus\third_party\fpspreadsheet\xlsxooxml.pas(2568,9) Note: (6058) Call to subroutine "procedure VarClear(var V:Variant);" marked as inline is not inlined
D:\works\OburecGH\Lazarus\third_party\fpspreadsheet\xlsxooxml.pas(221,6) Hint: (5028) Local const "OOXML_PATH_RELS" is not used
D:\works\OburecGH\Lazarus\third_party\fpspreadsheet\xlsxooxml.pas(224,6) Hint: (5028) Local const "OOXML_PATH_XL_RELS" is not used
D:\works\OburecGH\Lazarus\third_party\fpspreadsheet\xlsxooxml.pas(209,8) Hint: (5023) Unit "fpspatches" not used in xlsxooxml
D:\works\OburecGH\Lazarus\RecorderLnx\.\Core\uRecorderTagTableExchange.pas(250,19) Hint: (5058) Variable "AResult" does not seem to be initialized
D:\works\OburecGH\Lazarus\RecorderLnx\.\Core\uRecorderTagTableExchange.pas(467,6) Warning: (4104) Implicit string type conversion from "AnsiString" to "UnicodeString"
D:\works\OburecGH\Lazarus\RecorderLnx\.\Core\uRecorderTagTableExchange.pas(467,26) Warning: (4104) Implicit string type conversion from "AnsiString" to "UnicodeString"
D:\works\OburecGH\Lazarus\RecorderLnx\.\Core\uRecorderTagTableExchange.pas(470,6) Warning: (4104) Implicit string type conversion from "AnsiString" to "UnicodeString"
D:\works\OburecGH\Lazarus\RecorderLnx\.\Core\uRecorderTagTableExchange.pas(470,28) Warning: (4104) Implicit string type conversion from "AnsiString" to "UnicodeString"
D:\works\OburecGH\Lazarus\RecorderLnx\.\Core\uRecorderTagTableExchange.pas(808,26) Hint: (5091) Local variable "lUniqueRows" of a managed type does not seem to be initialized
D:\works\OburecGH\Lazarus\RecorderLnx\.\Core\uRecorderTagTableExchange.pas(1103,20) Hint: (5091) Local variable "lRows" of a managed type does not seem to be initialized
(3104) Compiling .\SQLdb\uRecorderSqlDbSettingsDialog.pas
(3104) Compiling .\SQLdb\uRecorderSqlDbFirebirdTools.pas
D:\works\OburecGH\Lazarus\RecorderLnx\.\SQLdb\uRecorderSqlDbFirebirdTools.pas(86,46) Hint: (5057) Local variable "lBuffer" does not seem to be initialized
(3104) Compiling .\SQLdb\uRecorderSqlDbProjectManager.pas
(3104) Compiling .\SQLdb\uRecorderSqlSelectionImportDialog.pas
D:\works\OburecGH\Lazarus\RecorderLnx\.\SQLdb\uRecorderSqlDbSettingsDialog.pas(85,39) Hint: (5024) Parameter "Sender" not used
D:\works\OburecGH\Lazarus\RecorderLnx\.\SQLdb\uRecorderSqlDbSettingsDialog.pas(107,32) Hint: (5024) Parameter "Sender" not used
D:\works\OburecGH\Lazarus\RecorderLnx\.\SQLdb\uRecorderSqlDbSettingsDialog.pas(108,34) Hint: (5024) Parameter "Sender" not used
D:\works\OburecGH\Lazarus\RecorderLnx\.\SQLdb\uRecorderSqlDbSettingsDialog.pas(90,36) Hint: (5024) Parameter "Sender" not used
D:\works\OburecGH\Lazarus\RecorderLnx\.\SQLdb\uRecorderSqlDbSettingsDialog.pas(89,38) Hint: (5024) Parameter "Sender" not used
D:\works\OburecGH\Lazarus\RecorderLnx\.\SQLdb\uRecorderSqlDbSettingsDialog.pas(77,37) Hint: (5024) Parameter "Sender" not used
D:\works\OburecGH\Lazarus\RecorderLnx\.\SQLdb\uRecorderSqlDbSettingsDialog.pas(75,39) Hint: (5024) Parameter "Sender" not used
D:\works\OburecGH\Lazarus\RecorderLnx\.\SQLdb\uRecorderSqlDbSettingsDialog.pas(78,31) Hint: (5024) Parameter "Sender" not used
D:\works\OburecGH\Lazarus\RecorderLnx\.\SQLdb\uRecorderSqlDbSettingsDialog.pas(88,31) Hint: (5024) Parameter "Sender" not used
D:\works\OburecGH\Lazarus\RecorderLnx\.\SQLdb\uRecorderSqlDbSettingsDialog.pas(81,36) Hint: (5024) Parameter "Sender" not used
D:\works\OburecGH\Lazarus\RecorderLnx\.\SQLdb\uRecorderSqlDbSettingsDialog.pas(79,37) Hint: (5024) Parameter "Sender" not used
D:\works\OburecGH\Lazarus\RecorderLnx\.\SQLdb\uRecorderSqlDbSettingsDialog.pas(74,30) Hint: (5024) Parameter "Sender" not used
D:\works\OburecGH\Lazarus\RecorderLnx\.\SQLdb\uRecorderSqlDbSettingsDialog.pas(80,28) Hint: (5024) Parameter "Sender" not used
D:\works\OburecGH\Lazarus\RecorderLnx\.\SQLdb\uRecorderSqlDbSettingsDialog.pas(84,42) Hint: (5024) Parameter "Sender" not used
D:\works\OburecGH\Lazarus\RecorderLnx\.\SQLdb\uRecorderSqlDbSettingsDialog.pas(82,33) Hint: (5024) Parameter "Sender" not used
D:\works\OburecGH\Lazarus\RecorderLnx\.\SQLdb\uRecorderSqlDbSettingsDialog.pas(83,34) Hint: (5024) Parameter "Sender" not used
D:\works\OburecGH\Lazarus\RecorderLnx\.\SQLdb\uRecorderSqlDbSettingsDialog.pas(86,38) Hint: (5024) Parameter "Sender" not used
D:\works\OburecGH\Lazarus\RecorderLnx\.\SQLdb\uRecorderSqlDbSettingsDialog.pas(87,40) Hint: (5024) Parameter "Sender" not used
D:\works\OburecGH\Lazarus\RecorderLnx\.\SQLdb\uRecorderSqlDbSettingsDialog.pas(76,26) Hint: (5024) Parameter "Sender" not used
D:\works\OburecGH\Lazarus\RecorderLnx\.\UI\uRecorderSettingsDialog.pas(370,32) Hint: (5024) Parameter "Sender" not used
D:\works\OburecGH\Lazarus\RecorderLnx\.\UI\uRecorderSettingsDialog.pas(371,34) Hint: (5024) Parameter "Sender" not used
D:\works\OburecGH\Lazarus\RecorderLnx\.\UI\uRecorderSettingsDialog.pas(150,31) Hint: (5024) Parameter "Sender" not used
D:\works\OburecGH\Lazarus\RecorderLnx\.\UI\uRecorderSettingsDialog.pas(151,7) Hint: (5024) Parameter "State" not used
D:\works\OburecGH\Lazarus\RecorderLnx\.\UI\uRecorderSettingsDialog.pas(149,31) Hint: (5024) Parameter "Sender" not used
D:\works\OburecGH\Lazarus\RecorderLnx\.\UI\uRecorderSettingsDialog.pas(153,32) Hint: (5024) Parameter "Sender" not used
D:\works\OburecGH\Lazarus\RecorderLnx\.\UI\uRecorderSettingsDialog.pas(154,7) Hint: (5024) Parameter "Shift" not used
D:\works\OburecGH\Lazarus\RecorderLnx\.\UI\uRecorderSettingsDialog.pas(156,37) Hint: (5024) Parameter "Sender" not used
D:\works\OburecGH\Lazarus\RecorderLnx\.\UI\uRecorderSettingsDialog.pas(157,36) Hint: (5024) Parameter "Sender" not used
D:\works\OburecGH\Lazarus\RecorderLnx\.\UI\uRecorderSettingsDialog.pas(158,38) Hint: (5024) Parameter "Sender" not used
D:\works\OburecGH\Lazarus\RecorderLnx\.\UI\uRecorderSettingsDialog.pas(159,35) Hint: (5024) Parameter "Sender" not used
D:\works\OburecGH\Lazarus\RecorderLnx\.\UI\uRecorderSettingsDialog.pas(160,36) Hint: (5024) Parameter "Sender" not used
D:\works\OburecGH\Lazarus\RecorderLnx\.\UI\uRecorderSettingsDialog.pas(161,34) Hint: (5024) Parameter "Sender" not used
D:\works\OburecGH\Lazarus\RecorderLnx\.\UI\uRecorderSettingsDialog.pas(162,34) Hint: (5024) Parameter "Sender" not used
D:\works\OburecGH\Lazarus\RecorderLnx\.\UI\uRecorderSettingsDialog.pas(283,46) Hint: (5024) Parameter "Sender" not used
D:\works\OburecGH\Lazarus\RecorderLnx\.\UI\uRecorderSettingsDialog.pas(2497,23) Warning: (4104) Implicit string type conversion from "AnsiString" to "UnicodeString"
D:\works\OburecGH\Lazarus\RecorderLnx\.\UI\uRecorderSettingsDialog.pas(2497,66) Warning: (4105) Implicit string type conversion with potential data loss from "UnicodeString" to "AnsiString"
D:\works\OburecGH\Lazarus\RecorderLnx\.\UI\uRecorderSettingsDialog.pas(348,39) Hint: (5024) Parameter "Sender" not used
D:\works\OburecGH\Lazarus\RecorderLnx\.\UI\uRecorderSettingsDialog.pas(195,38) Hint: (5024) Parameter "Sender" not used
D:\works\OburecGH\Lazarus\RecorderLnx\.\UI\uRecorderSettingsDialog.pas(196,7) Hint: (5024) Parameter "Shift" not used
D:\works\OburecGH\Lazarus\RecorderLnx\.\UI\uRecorderSettingsDialog.pas(197,59) Hint: (5024) Parameter "Shift" not used
D:\works\OburecGH\Lazarus\RecorderLnx\.\UI\uRecorderSettingsDialog.pas(198,44) Hint: (5024) Parameter "Sender" not used
D:\works\OburecGH\Lazarus\RecorderLnx\.\UI\uRecorderSettingsDialog.pas(202,32) Hint: (5024) Parameter "Sender" not used
D:\works\OburecGH\Lazarus\RecorderLnx\.\UI\uRecorderSettingsDialog.pas(311,35) Hint: (5024) Parameter "Sender" not used
D:\works\OburecGH\Lazarus\RecorderLnx\.\UI\uRecorderSettingsDialog.pas(187,35) Hint: (5024) Parameter "Sender" not used
D:\works\OburecGH\Lazarus\RecorderLnx\.\UI\uRecorderSettingsDialog.pas(325,38) Hint: (5024) Parameter "Sender" not used
D:\works\OburecGH\Lazarus\RecorderLnx\.\UI\uRecorderSettingsDialog.pas(328,30) Hint: (5024) Parameter "Sender" not used
D:\works\OburecGH\Lazarus\RecorderLnx\.\UI\uRecorderSettingsDialog.pas(335,41) Hint: (5024) Parameter "Sender" not used
D:\works\OburecGH\Lazarus\RecorderLnx\.\UI\uRecorderSettingsDialog.pas(336,41) Hint: (5024) Parameter "Sender" not used
D:\works\OburecGH\Lazarus\RecorderLnx\.\UI\uRecorderSettingsDialog.pas(5112,21) Hint: (5091) Local variable "lTasks" of a managed type does not seem to be initialized
D:\works\OburecGH\Lazarus\RecorderLnx\.\UI\uRecorderSettingsDialog.pas(5113,26) Hint: (5091) Local variable "lProcedures" of a managed type does not seem to be initialized
D:\works\OburecGH\Lazarus\RecorderLnx\.\UI\uRecorderSettingsDialog.pas(5175,28) Hint: (5091) Local variable "lRetryTasks" of a managed type does not seem to be initialized
D:\works\OburecGH\Lazarus\RecorderLnx\.\UI\uRecorderSettingsDialog.pas(5176,33) Hint: (5091) Local variable "lRetryProcedures" of a managed type does not seem to be initialized
D:\works\OburecGH\Lazarus\RecorderLnx\.\UI\uRecorderSettingsDialog.pas(338,44) Hint: (5024) Parameter "Sender" not used
D:\works\OburecGH\Lazarus\RecorderLnx\.\UI\uRecorderSettingsDialog.pas(339,41) Hint: (5024) Parameter "Sender" not used
D:\works\OburecGH\Lazarus\RecorderLnx\.\UI\uRecorderSettingsDialog.pas(340,39) Hint: (5024) Parameter "Sender" not used
D:\works\OburecGH\Lazarus\RecorderLnx\.\UI\uRecorderSettingsDialog.pas(189,38) Hint: (5024) Parameter "Sender" not used
D:\works\OburecGH\Lazarus\RecorderLnx\.\UI\uRecorderSettingsDialog.pas(189,55) Hint: (5024) Parameter "Shift" not used
D:\works\OburecGH\Lazarus\RecorderLnx\.\UI\uRecorderSettingsDialog.pas(191,38) Hint: (5024) Parameter "Sender" not used
D:\works\OburecGH\Lazarus\RecorderLnx\.\UI\uRecorderSettingsDialog.pas(192,7) Hint: (5024) Parameter "Shift" not used
D:\works\OburecGH\Lazarus\RecorderLnx\.\UI\uRecorderSettingsDialog.pas(199,34) Hint: (5024) Parameter "Sender" not used
D:\works\OburecGH\Lazarus\RecorderLnx\.\UI\uRecorderSettingsDialog.pas(201,40) Hint: (5024) Parameter "Sender" not used
D:\works\OburecGH\Lazarus\RecorderLnx\.\UI\uRecorderSettingsDialog.pas(139,32) Hint: (5024) Parameter "Sender" not used
D:\works\OburecGH\Lazarus\RecorderLnx\.\UI\uRecorderSettingsDialog.pas(326,32) Hint: (5024) Parameter "Sender" not used
D:\works\OburecGH\Lazarus\RecorderLnx\.\UI\uRecorderSettingsDialog.pas(326,49) Hint: (5024) Parameter "ARegistry" not used
D:\works\OburecGH\Lazarus\RecorderLnx\.\UI\uRecorderSettingsDialog.pas(188,47) Hint: (5024) Parameter "Sender" not used
D:\works\OburecGH\Lazarus\RecorderLnx\.\UI\uRecorderSettingsDialog.pas(140,29) Hint: (5024) Parameter "Sender" not used
D:\works\OburecGH\Lazarus\RecorderLnx\.\UI\uRecorderSettingsDialog.pas(141,32) Hint: (5024) Parameter "Sender" not used
D:\works\OburecGH\Lazarus\RecorderLnx\.\UI\uRecorderSettingsDialog.pas(142,33) Hint: (5024) Parameter "Sender" not used
D:\works\OburecGH\Lazarus\RecorderLnx\.\UI\uRecorderSettingsDialog.pas(143,34) Hint: (5024) Parameter "Sender" not used
D:\works\OburecGH\Lazarus\RecorderLnx\.\UI\uRecorderSettingsDialog.pas(144,37) Hint: (5024) Parameter "Sender" not used
D:\works\OburecGH\Lazarus\RecorderLnx\.\UI\uRecorderSettingsDialog.pas(173,7) Hint: (5024) Parameter "Shift" not used
D:\works\OburecGH\Lazarus\RecorderLnx\.\UI\uRecorderSettingsDialog.pas(163,46) Hint: (5024) Parameter "Sender" not used
D:\works\OburecGH\Lazarus\RecorderLnx\.\UI\uRecorderSettingsDialog.pas(145,35) Hint: (5024) Parameter "Sender" not used
D:\works\OburecGH\Lazarus\RecorderLnx\.\UI\uRecorderSettingsDialog.pas(362,37) Hint: (5024) Parameter "Sender" not used
D:\works\OburecGH\Lazarus\RecorderLnx\.\UI\uRecorderSettingsDialog.pas(358,33) Hint: (5024) Parameter "Sender" not used
D:\works\OburecGH\Lazarus\RecorderLnx\.\UI\uRecorderSettingsDialog.pas(359,30) Hint: (5024) Parameter "Sender" not used
D:\works\OburecGH\Lazarus\RecorderLnx\.\UI\uRecorderSettingsDialog.pas(360,33) Hint: (5024) Parameter "Sender" not used
D:\works\OburecGH\Lazarus\RecorderLnx\.\UI\uRecorderSettingsDialog.pas(6771,3) Note: (5025) Local variable "lOutput" not used
D:\works\OburecGH\Lazarus\RecorderLnx\.\UI\uRecorderSettingsDialog.pas(6772,3) Note: (5025) Local variable "lProcess" not used
D:\works\OburecGH\Lazarus\RecorderLnx\.\UI\uRecorderSettingsDialog.pas(200,37) Hint: (5024) Parameter "Sender" not used
D:\works\OburecGH\Lazarus\RecorderLnx\.\UI\uRecorderSettingsDialog.pas(146,37) Hint: (5024) Parameter "Sender" not used
D:\works\OburecGH\Lazarus\RecorderLnx\.\UI\uRecorderSettingsDialog.pas(147,37) Hint: (5024) Parameter "Sender" not used
D:\works\OburecGH\Lazarus\RecorderLnx\.\UI\uRecorderSettingsDialog.pas(148,40) Hint: (5024) Parameter "Sender" not used
D:\works\OburecGH\Lazarus\RecorderLnx\.\UI\uRecorderSettingsDialog.pas(171,45) Hint: (5024) Parameter "Sender" not used
D:\works\OburecGH\Lazarus\RecorderLnx\.\UI\uRecorderSettingsDialog.pas(174,85) Hint: (5024) Parameter "Shift" not used
D:\works\OburecGH\Lazarus\RecorderLnx\.\UI\uRecorderSettingsDialog.pas(241,61) Hint: (5024) Parameter "Button" not used
D:\works\OburecGH\Lazarus\RecorderLnx\.\UI\uRecorderSettingsDialog.pas(241,83) Hint: (5024) Parameter "Shift" not used
D:\works\OburecGH\Lazarus\RecorderLnx\.\UI\uRecorderSettingsDialog.pas(241,103) Hint: (5024) Parameter "X" not used
D:\works\OburecGH\Lazarus\RecorderLnx\.\UI\uRecorderSettingsDialog.pas(241,106) Hint: (5024) Parameter "Y" not used
D:\works\OburecGH\Lazarus\RecorderLnx\.\UI\uRecorderSettingsDialog.pas(175,37) Hint: (5024) Parameter "Sender" not used
D:\works\OburecGH\Lazarus\RecorderLnx\.\UI\uRecorderSettingsDialog.pas(175,54) Hint: (5024) Parameter "Node" not used
D:\works\OburecGH\Lazarus\RecorderLnx\.\UI\uRecorderSettingsDialog.pas(176,39) Hint: (5024) Parameter "Sender" not used
D:\works\OburecGH\Lazarus\RecorderLnx\.\UI\uRecorderSettingsDialog.pas(177,39) Hint: (5024) Parameter "Sender" not used
D:\works\OburecGH\Lazarus\RecorderLnx\.\UI\uRecorderSettingsDialog.pas(177,64) Hint: (5024) Parameter "X" not used
D:\works\OburecGH\Lazarus\RecorderLnx\.\UI\uRecorderSettingsDialog.pas(177,67) Hint: (5024) Parameter "Y" not used
D:\works\OburecGH\Lazarus\RecorderLnx\.\UI\uRecorderSettingsDialog.pas(178,7) Hint: (5024) Parameter "State" not used
D:\works\OburecGH\Lazarus\RecorderLnx\.\UI\uRecorderSettingsDialog.pas(179,36) Hint: (5024) Parameter "Sender" not used
D:\works\OburecGH\Lazarus\RecorderLnx\.\UI\uRecorderSettingsDialog.pas(180,39) Hint: (5024) Parameter "Sender" not used
D:\works\OburecGH\Lazarus\RecorderLnx\.\UI\uRecorderSettingsDialog.pas(181,39) Hint: (5024) Parameter "Sender" not used
D:\works\OburecGH\Lazarus\RecorderLnx\.\UI\uRecorderSettingsDialog.pas(182,38) Hint: (5024) Parameter "Sender" not used
D:\works\OburecGH\Lazarus\RecorderLnx\.\UI\uRecorderSettingsDialog.pas(183,49) Hint: (5024) Parameter "Sender" not used
D:\works\OburecGH\Lazarus\RecorderLnx\.\UI\uRecorderSettingsDialog.pas(184,40) Hint: (5024) Parameter "Sender" not used
D:\works\OburecGH\Lazarus\RecorderLnx\.\UI\uRecorderSettingsDialog.pas(185,44) Hint: (5024) Parameter "Sender" not used
D:\works\OburecGH\Lazarus\RecorderLnx\.\UI\uRecorderSettingsDialog.pas(168,45) Hint: (5024) Parameter "Sender" not used
D:\works\OburecGH\Lazarus\RecorderLnx\.\UI\uRecorderSettingsDialog.pas(168,70) Hint: (5024) Parameter "X" not used
D:\works\OburecGH\Lazarus\RecorderLnx\.\UI\uRecorderSettingsDialog.pas(168,73) Hint: (5024) Parameter "Y" not used
D:\works\OburecGH\Lazarus\RecorderLnx\.\UI\uRecorderSettingsDialog.pas(169,45) Hint: (5024) Parameter "Sender" not used
D:\works\OburecGH\Lazarus\RecorderLnx\.\UI\uRecorderSettingsDialog.pas(169,70) Hint: (5024) Parameter "X" not used
D:\works\OburecGH\Lazarus\RecorderLnx\.\UI\uRecorderSettingsDialog.pas(169,73) Hint: (5024) Parameter "Y" not used
D:\works\OburecGH\Lazarus\RecorderLnx\.\UI\uRecorderSettingsDialog.pas(170,7) Hint: (5024) Parameter "State" not used
D:\works\OburecGH\Lazarus\RecorderLnx\.\UI\uRecorderSettingsDialog.pas(186,37) Hint: (5024) Parameter "Sender" not used
D:\works\OburecGH\Lazarus\RecorderLnx\.\UI\uRecorderSettingsDialog.pas(242,45) Hint: (5024) Parameter "Sender" not used
D:\works\OburecGH\Lazarus\RecorderLnx\.\UI\uRecorderSettingsDialog.pas(243,48) Hint: (5024) Parameter "Sender" not used
D:\works\OburecGH\Lazarus\RecorderLnx\.\UI\uRecorderSettingsDialog.pas(193,36) Hint: (5024) Parameter "Sender" not used
D:\works\OburecGH\Lazarus\RecorderLnx\.\UI\uRecorderSettingsDialog.pas(194,7) Hint: (5024) Parameter "Shift" not used
D:\works\OburecGH\Lazarus\RecorderLnx\.\UI\uRecorderSettingsDialog.pas(450,3) Hint: (5028) Local const "CShareFolderHelper" is not used
D:\works\OburecGH\Lazarus\RecorderLnx\.\UI\uRecorderSettingsDialog.pas(785,3) Hint: (5028) Local const "CDeviceTreeProbeTimeoutMs" is not used
D:\works\OburecGH\Lazarus\RecorderLnx\.\UI\uRecorderSettingsDialog.pas(28,26) Hint: (5023) Unit "uRecorderMeraSdbThermocouples" not used in uRecorderSettingsDialog
D:\works\OburecGH\Lazarus\RecorderLnx\.\UI\uRecorderSettingsDialog.pas(437,54) Hint: (5023) Unit "uMic185Constants" not used in uRecorderSettingsDialog
(3104) Compiling .\Components\Editor\uRecorderDigitalPageView.pas
(3104) Compiling .\Core\uRecorderDataStorage.pas
(3104) Compiling .\Device\uRecorderTagDeviceServices.pas
(3104) Compiling .\Device\MIC140\UI\uRecorderMic140SettingsDialog.pas
(3104) Compiling .\Device\MIC140\UI\uRecorderMic140ChannelDialog.pas
D:\works\OburecGH\Lazarus\RecorderLnx\.\Device\MIC140\UI\uRecorderMic140ChannelDialog.pas(49,26) Hint: (5024) Parameter "Sender" not used
D:\works\OburecGH\Lazarus\RecorderLnx\.\Device\MIC140\UI\uRecorderMic140ChannelDialog.pas(50,27) Hint: (5024) Parameter "Sender" not used
D:\works\OburecGH\Lazarus\RecorderLnx\.\Device\MIC140\UI\uRecorderMic140ChannelDialog.pas(53,39) Hint: (5024) Parameter "Sender" not used
D:\works\OburecGH\Lazarus\RecorderLnx\.\Device\MIC140\UI\uRecorderMic140ChannelDialog.pas(54,38) Hint: (5024) Parameter "Sender" not used
D:\works\OburecGH\Lazarus\RecorderLnx\.\Device\MIC140\UI\uRecorderMic140ChannelDialog.pas(55,32) Hint: (5024) Parameter "Sender" not used
D:\works\OburecGH\Lazarus\RecorderLnx\.\Device\MIC140\UI\uRecorderMic140ChannelDialog.pas(16,25) Hint: (5023) Unit "uRecorderMic140Thermocouple" not used in uRecorderMic140ChannelDialog
D:\works\OburecGH\Lazarus\RecorderLnx\.\Device\MIC140\UI\uRecorderMic140SettingsDialog.pas(54,26) Hint: (5024) Parameter "Sender" not used
D:\works\OburecGH\Lazarus\RecorderLnx\.\Device\MIC140\UI\uRecorderMic140SettingsDialog.pas(63,28) Hint: (5024) Parameter "Sender" not used
D:\works\OburecGH\Lazarus\RecorderLnx\.\Device\MIC140\UI\uRecorderMic140SettingsDialog.pas(57,29) Hint: (5024) Parameter "Sender" not used
D:\works\OburecGH\Lazarus\RecorderLnx\.\Device\MIC140\UI\uRecorderMic140SettingsDialog.pas(58,7) Hint: (5024) Parameter "Shift" not used
D:\works\OburecGH\Lazarus\RecorderLnx\.\Device\MIC140\UI\uRecorderMic140SettingsDialog.pas(59,38) Hint: (5024) Parameter "Sender" not used
D:\works\OburecGH\Lazarus\RecorderLnx\.\Device\MIC140\UI\uRecorderMic140SettingsDialog.pas(55,25) Hint: (5024) Parameter "Sender" not used
D:\works\OburecGH\Lazarus\RecorderLnx\.\Device\MIC140\UI\uRecorderMic140SettingsDialog.pas(56,28) Hint: (5024) Parameter "Sender" not used
D:\works\OburecGH\Lazarus\RecorderLnx\.\Device\MIC140\UI\uRecorderMic140SettingsDialog.pas(60,34) Hint: (5024) Parameter "Sender" not used
D:\works\OburecGH\Lazarus\RecorderLnx\.\Device\MIC140\UI\uRecorderMic140SettingsDialog.pas(548,56) Warning: (4104) Implicit string type conversion from "AnsiString" to "UnicodeString"
D:\works\OburecGH\Lazarus\RecorderLnx\.\Device\MIC140\UI\uRecorderMic140SettingsDialog.pas(548,66) Warning: (4105) Implicit string type conversion with potential data loss from "UnicodeString" to "AnsiString"
D:\works\OburecGH\Lazarus\RecorderLnx\.\Device\MIC140\UI\uRecorderMic140SettingsDialog.pas(61,27) Hint: (5024) Parameter "Sender" not used
D:\works\OburecGH\Lazarus\RecorderLnx\.\Device\MIC140\UI\uRecorderMic140SettingsDialog.pas(62,25) Hint: (5024) Parameter "Sender" not used
D:\works\OburecGH\Lazarus\RecorderLnx\.\Device\MIC140\UI\uRecorderMic140SettingsDialog.pas(664,41) Hint: (5091) Local variable "lResult" of a managed type does not seem to be initialized
(3104) Compiling .\Device\mic185\UI\uRecorderMic185SettingsDialog.pas
(3104) Compiling .\Device\mic185\UI\uRecorderMic185AdditionalDialog.pas
D:\works\OburecGH\Lazarus\RecorderLnx\.\Device\mic185\UI\uRecorderMic185AdditionalDialog.pas(31,31) Hint: (5024) Parameter "Sender" not used
D:\works\OburecGH\Lazarus\RecorderLnx\.\Device\mic185\UI\uRecorderMic185AdditionalDialog.pas(32,36) Hint: (5024) Parameter "Sender" not used
D:\works\OburecGH\Lazarus\RecorderLnx\.\Device\mic185\UI\uRecorderMic185AdditionalDialog.pas(33,35) Hint: (5024) Parameter "Sender" not used
(3104) Compiling .\Device\mic185\UI\uRecorderMic185ChannelDialog.pas
D:\works\OburecGH\Lazarus\RecorderLnx\.\Device\mic185\UI\uRecorderMic185ChannelDialog.pas(52,29) Hint: (5024) Parameter "Sender" not used
D:\works\OburecGH\Lazarus\RecorderLnx\.\Device\mic185\UI\uRecorderMic185ChannelDialog.pas(53,31) Hint: (5024) Parameter "Sender" not used
D:\works\OburecGH\Lazarus\RecorderLnx\.\Device\mic185\UI\uRecorderMic185ChannelDialog.pas(246,55) Warning: (4104) Implicit string type conversion from "AnsiString" to "UnicodeString"
D:\works\OburecGH\Lazarus\RecorderLnx\.\Device\mic185\UI\uRecorderMic185ChannelDialog.pas(246,63) Warning: (4105) Implicit string type conversion with potential data loss from "UnicodeString" to "TTranslateString"
(3104) Compiling .\Device\mic185\uRecorderMic185DeviceInfoProbe.pas
D:\works\OburecGH\Lazarus\RecorderLnx\.\Device\mic185\uRecorderMic185DeviceInfoProbe.pas(73,19) Hint: (5057) Local variable "lInfo" does not seem to be initialized
D:\works\OburecGH\Lazarus\RecorderLnx\.\Device\mic185\UI\uRecorderMic185SettingsDialog.pas(45,26) Hint: (5024) Parameter "Sender" not used
D:\works\OburecGH\Lazarus\RecorderLnx\.\Device\mic185\UI\uRecorderMic185SettingsDialog.pas(360,18) Hint: (5092) Variable "ARows" of a managed type does not seem to be initialized
D:\works\OburecGH\Lazarus\RecorderLnx\.\Device\mic185\UI\uRecorderMic185SettingsDialog.pas(624,26) Hint: (5057) Local variable "lAppliedGroups" does not seem to be initialized
D:\works\OburecGH\Lazarus\RecorderLnx\.\Device\mic185\UI\uRecorderMic185SettingsDialog.pas(38,34) Hint: (5024) Parameter "Sender" not used
D:\works\OburecGH\Lazarus\RecorderLnx\.\Device\mic185\UI\uRecorderMic185SettingsDialog.pas(39,29) Hint: (5024) Parameter "Sender" not used
D:\works\OburecGH\Lazarus\RecorderLnx\.\Device\mic185\UI\uRecorderMic185SettingsDialog.pas(740,22) Hint: (5091) Local variable "lChannels" of a managed type does not seem to be initialized
D:\works\OburecGH\Lazarus\RecorderLnx\.\Device\mic185\UI\uRecorderMic185SettingsDialog.pas(40,31) Hint: (5024) Parameter "Sender" not used
D:\works\OburecGH\Lazarus\RecorderLnx\.\Device\mic185\UI\uRecorderMic185SettingsDialog.pas(41,33) Hint: (5024) Parameter "Sender" not used
D:\works\OburecGH\Lazarus\RecorderLnx\.\Device\mic185\UI\uRecorderMic185SettingsDialog.pas(42,26) Hint: (5024) Parameter "Sender" not used
D:\works\OburecGH\Lazarus\RecorderLnx\.\Device\mic185\UI\uRecorderMic185SettingsDialog.pas(43,34) Hint: (5024) Parameter "Sender" not used
D:\works\OburecGH\Lazarus\RecorderLnx\.\Device\mic185\UI\uRecorderMic185SettingsDialog.pas(44,33) Hint: (5024) Parameter "Sender" not used
D:\works\OburecGH\Lazarus\RecorderLnx\.\Device\mic185\UI\uRecorderMic185SettingsDialog.pas(96,18) Hint: (5023) Unit "StrUtils" not used in uRecorderMic185SettingsDialog
(3104) Compiling .\UI\uRecorderMic185SettingsSelfTest.pas
D:\works\OburecGH\Lazarus\RecorderLnx\.\UI\uRecorderMic185SettingsSelfTest.pas(60,25) Hint: (5024) Parameter "Sender" not used
D:\works\OburecGH\Lazarus\RecorderLnx\.\Device\uRecorderTagDeviceServices.pas(89,30) Warning: (4104) Implicit string type conversion from "AnsiString" to "UnicodeString"
(3104) Compiling .\Core\uRecorderRecordChannelMetadata.pas
(3104) Compiling .\Device\uRecorderDeviceRecordChannelMetadata.pas
(3104) Compiling .\Core\uRecorderRecordTimebase.pas
(3104) Compiling .\Components\SqlTrend\uRecorderSqlTrendView.pas
(3104) Compiling .\Components\SqlTrend\uRecorderMeraEventDialog.pas
(3104) Compiling .\SQLdb\uRecorderNetworkPathResolver.pas
D:\works\OburecGH\Lazarus\RecorderLnx\.\Components\SqlTrend\uRecorderMeraEventDialog.pas(59,33) Hint: (5024) Parameter "Sender" not used
D:\works\OburecGH\Lazarus\RecorderLnx\.\Components\SqlTrend\uRecorderMeraEventDialog.pas(54,40) Hint: (5024) Parameter "Sender" not used
D:\works\OburecGH\Lazarus\RecorderLnx\.\Components\SqlTrend\uRecorderMeraEventDialog.pas(61,42) Hint: (5024) Parameter "Sender" not used
D:\works\OburecGH\Lazarus\RecorderLnx\.\Components\SqlTrend\uRecorderMeraEventDialog.pas(62,16) Hint: (5024) Parameter "CanSelect" not used
D:\works\OburecGH\Lazarus\RecorderLnx\.\Components\SqlTrend\uRecorderMeraEventDialog.pas(60,40) Hint: (5024) Parameter "Sender" not used
D:\works\OburecGH\Lazarus\RecorderLnx\.\Components\SqlTrend\uRecorderMeraEventDialog.pas(496,79) Warning: (4104) Implicit string type conversion from "RawByteString" to "UnicodeString"
D:\works\OburecGH\Lazarus\RecorderLnx\.\Components\SqlTrend\uRecorderMeraEventDialog.pas(497,65) Warning: (4105) Implicit string type conversion with potential data loss from "UnicodeString" to "AnsiString"
D:\works\OburecGH\Lazarus\RecorderLnx\.\Components\SqlTrend\uRecorderMeraEventDialog.pas(540,17) Hint: (5091) Local variable "lIds" of a managed type does not seem to be initialized
D:\works\OburecGH\Lazarus\RecorderLnx\.\Components\SqlTrend\uRecorderMeraEventDialog.pas(56,41) Hint: (5024) Parameter "Sender" not used
D:\works\OburecGH\Lazarus\RecorderLnx\.\Components\SqlTrend\uRecorderMeraEventDialog.pas(55,36) Hint: (5024) Parameter "Sender" not used
D:\works\OburecGH\Lazarus\RecorderLnx\.\Components\SqlTrend\uRecorderMeraEventDialog.pas(58,45) Hint: (5024) Parameter "Sender" not used
D:\works\OburecGH\Lazarus\RecorderLnx\.\Components\SqlTrend\uRecorderMeraEventDialog.pas(57,40) Hint: (5024) Parameter "Sender" not used
(3104) Compiling .\Components\SqlTrend\uRecorderSqlTrendExportDialog.pas
(3104) Compiling .\SQLdb\SqlTrend\uRecorderSqlTrendCsvExport.pas
(3104) Compiling .\SQLdb\SqlTrend\uRecorderSqlTrendMeraExport.pas
D:\works\OburecGH\Lazarus\RecorderLnx\.\Components\SqlTrend\uRecorderSqlTrendExportDialog.pas(38,35) Hint: (5024) Parameter "Sender" not used
D:\works\OburecGH\Lazarus\RecorderLnx\.\Components\SqlTrend\uRecorderSqlTrendExportDialog.pas(39,36) Hint: (5024) Parameter "Sender" not used
D:\works\OburecGH\Lazarus\RecorderLnx\.\Components\SqlTrend\uRecorderSqlTrendExportDialog.pas(40,34) Hint: (5024) Parameter "Sender" not used
D:\works\OburecGH\Lazarus\RecorderLnx\.\Components\SqlTrend\uRecorderSqlTrendExportDialog.pas(41,34) Hint: (5024) Parameter "Sender" not used
D:\works\OburecGH\Lazarus\RecorderLnx\.\Components\SqlTrend\uRecorderSqlTrendExportDialog.pas(42,32) Hint: (5024) Parameter "Sender" not used
D:\works\OburecGH\Lazarus\RecorderLnx\.\Components\SqlTrend\uRecorderSqlTrendExportDialog.pas(48,31) Hint: (5024) Parameter "Sender" not used
D:\works\OburecGH\Lazarus\RecorderLnx\.\Components\SqlTrend\uRecorderSqlTrendExportDialog.pas(439,89) Warning: (4104) Implicit string type conversion from "AnsiString" to "UnicodeString"
D:\works\OburecGH\Lazarus\RecorderLnx\.\Components\SqlTrend\uRecorderSqlTrendExportDialog.pas(439,98) Warning: (4105) Implicit string type conversion with potential data loss from "UnicodeString" to "AnsiString"
D:\works\OburecGH\Lazarus\RecorderLnx\.\Components\SqlTrend\uRecorderSqlTrendView.pas(116,38) Hint: (5024) Parameter "Sender" not used
D:\works\OburecGH\Lazarus\RecorderLnx\.\Components\SqlTrend\uRecorderSqlTrendView.pas(120,45) Hint: (5024) Parameter "Sender" not used
D:\works\OburecGH\Lazarus\RecorderLnx\.\Components\SqlTrend\uRecorderSqlTrendView.pas(121,39) Hint: (5024) Parameter "Sender" not used
D:\works\OburecGH\Lazarus\RecorderLnx\.\Components\SqlTrend\uRecorderSqlTrendView.pas(123,37) Hint: (5024) Parameter "Sender" not used
D:\works\OburecGH\Lazarus\RecorderLnx\.\Components\SqlTrend\uRecorderSqlTrendView.pas(122,37) Hint: (5024) Parameter "Sender" not used
D:\works\OburecGH\Lazarus\RecorderLnx\.\Components\SqlTrend\uRecorderSqlTrendView.pas(114,37) Hint: (5024) Parameter "Sender" not used
D:\works\OburecGH\Lazarus\RecorderLnx\.\Components\SqlTrend\uRecorderSqlTrendView.pas(113,38) Hint: (5024) Parameter "Sender" not used
D:\works\OburecGH\Lazarus\RecorderLnx\.\Components\SqlTrend\uRecorderSqlTrendView.pas(115,46) Hint: (5024) Parameter "Sender" not used
D:\works\OburecGH\Lazarus\RecorderLnx\.\Components\SqlTrend\uRecorderSqlTrendView.pas(135,39) Hint: (5024) Parameter "Sender" not used
D:\works\OburecGH\Lazarus\RecorderLnx\.\Components\SqlTrend\uRecorderSqlTrendView.pas(137,41) Hint: (5024) Parameter "Sender" not used
D:\works\OburecGH\Lazarus\RecorderLnx\.\Components\SqlTrend\uRecorderSqlTrendView.pas(137,63) Hint: (5024) Parameter "ACol" not used
D:\works\OburecGH\Lazarus\RecorderLnx\.\Components\SqlTrend\uRecorderSqlTrendView.pas(138,31) Hint: (5024) Parameter "CanSelect" not used
D:\works\OburecGH\Lazarus\RecorderLnx\.\Components\SqlTrend\uRecorderSqlTrendView.pas(139,39) Hint: (5024) Parameter "Sender" not used
D:\works\OburecGH\Lazarus\RecorderLnx\.\Components\SqlTrend\uRecorderSqlTrendView.pas(177,12) Hint: (5024) Parameter "ATagRegistry" not used
D:\works\OburecGH\Lazarus\RecorderLnx\.\Components\SqlTrend\uRecorderSqlTrendView.pas(112,36) Hint: (5024) Parameter "Sender" not used
D:\works\OburecGH\Lazarus\RecorderLnx\.\Components\SqlTrend\uRecorderSqlTrendView.pas(111,40) Hint: (5024) Parameter "Sender" not used
D:\works\OburecGH\Lazarus\RecorderLnx\.\Components\SqlTrend\uRecorderSqlTrendView.pas(142,35) Hint: (5024) Parameter "Sender" not used
D:\works\OburecGH\Lazarus\RecorderLnx\.\Components\SqlTrend\uRecorderSqlTrendView.pas(178,35) Hint: (5024) Parameter "ATagRegistry" not used
D:\works\OburecGH\Lazarus\RecorderLnx\.\Components\SqlTrend\uRecorderSqlTrendView.pas(179,12) Hint: (5024) Parameter "ADisplaySeconds" not used
D:\works\OburecGH\Lazarus\RecorderLnx\.\Components\SqlTrend\uRecorderSqlTrendView.pas(143,37) Hint: (5024) Parameter "Sender" not used
D:\works\OburecGH\Lazarus\RecorderLnx\.\Components\SqlTrend\uRecorderSqlTrendView.pas(144,41) Hint: (5024) Parameter "Sender" not used
(3104) Compiling .\Components\FrequencyResponse\uRecorderFrequencyResponseView.pas
D:\works\OburecGH\Lazarus\RecorderLnx\.\Components\FrequencyResponse\uRecorderFrequencyResponseView.pas(35,27) Hint: (5024) Parameter "ASender" not used
D:\works\OburecGH\Lazarus\RecorderLnx\.\Components\FrequencyResponse\uRecorderFrequencyResponseView.pas(46,7) Hint: (5024) Parameter "ADisplaySeconds" not used
(3104) Compiling .\Components\SignalGenerator\uRecorderSignalGeneratorView.pas
D:\works\OburecGH\Lazarus\RecorderLnx\.\Components\SignalGenerator\uRecorderSignalGeneratorView.pas(27,27) Hint: (5024) Parameter "Sender" not used
D:\works\OburecGH\Lazarus\RecorderLnx\.\Components\SignalGenerator\uRecorderSignalGeneratorView.pas(31,28) Hint: (5024) Parameter "Sender" not used
D:\works\OburecGH\Lazarus\RecorderLnx\.\Components\SignalGenerator\uRecorderSignalGeneratorView.pas(36,7) Hint: (5024) Parameter "ATagRegistry" not used
D:\works\OburecGH\Lazarus\RecorderLnx\.\Components\SignalGenerator\uRecorderSignalGeneratorView.pas(37,30) Hint: (5024) Parameter "ATagRegistry" not used
D:\works\OburecGH\Lazarus\RecorderLnx\.\Components\SignalGenerator\uRecorderSignalGeneratorView.pas(38,7) Hint: (5024) Parameter "ADisplaySeconds" not used
(3104) Compiling .\Core\uRecorderApplicationController.pas
D:\works\OburecGH\Lazarus\RecorderLnx\.\Core\uRecorderApplicationController.pas(28,29) Hint: (5024) Parameter "ASender" not used
D:\works\OburecGH\Lazarus\RecorderLnx\.\Core\uRecorderApplicationController.pas(28,47) Hint: (5024) Parameter "AOldState" not used
D:\works\OburecGH\Lazarus\RecorderLnx\.\Core\uRecorderApplicationController.pas(28,58) Hint: (5024) Parameter "ANewState" not used
(3104) Compiling .\Core\uRecorderConfigurationService.pas
(3104) Compiling .\Core\uRecorderCoordinatorProtocol.pas
(3104) Compiling .\Core\uRecorderCoordinatorClient.pas
(3104) Compiling D:\works\OburecGH\Lazarus\SharedUtils\uRecorderLanDiscovery.pas
D:\works\OburecGH\Lazarus\SharedUtils\uRecorderLanDiscovery.pas(188,20) Hint: (5057) Local variable "lAddress" does not seem to be initialized
D:\works\OburecGH\Lazarus\SharedUtils\uRecorderLanDiscovery.pas(290,18) Hint: (5057) Local variable "lLocal" does not seem to be initialized
D:\works\OburecGH\Lazarus\SharedUtils\uRecorderLanDiscovery.pas(322,19) Hint: (5057) Local variable "lFrom" does not seem to be initialized
D:\works\OburecGH\Lazarus\RecorderLnx\.\Core\uRecorderCoordinatorClient.pas(576,38) Hint: (5057) Local variable "lBuffer" does not seem to be initialized
D:\works\OburecGH\Lazarus\RecorderLnx\.\UI\uMainForm.pas(129,26) Hint: (5024) Parameter "Sender" not used
D:\works\OburecGH\Lazarus\RecorderLnx\.\UI\uMainForm.pas(432,32) Hint: (5024) Parameter "Sender" not used
D:\works\OburecGH\Lazarus\RecorderLnx\.\UI\uMainForm.pas(454,41) Hint: (5024) Parameter "ATag" not used
D:\works\OburecGH\Lazarus\RecorderLnx\.\UI\uMainForm.pas(130,27) Hint: (5024) Parameter "Sender" not used
D:\works\OburecGH\Lazarus\RecorderLnx\.\UI\uMainForm.pas(131,32) Hint: (5024) Parameter "Sender" not used
D:\works\OburecGH\Lazarus\RecorderLnx\.\UI\uMainForm.pas(138,41) Hint: (5024) Parameter "Sender" not used
D:\works\OburecGH\Lazarus\RecorderLnx\.\UI\uMainForm.pas(139,12) Hint: (5024) Parameter "aCol" not used
D:\works\OburecGH\Lazarus\RecorderLnx\.\UI\uMainForm.pas(139,42) Hint: (5024) Parameter "CanSelect" not used
D:\works\OburecGH\Lazarus\RecorderLnx\.\UI\uMainForm.pas(136,44) Hint: (5024) Parameter "sender" not used
D:\works\OburecGH\Lazarus\RecorderLnx\.\UI\uMainForm.pas(133,27) Hint: (5024) Parameter "Sender" not used
D:\works\OburecGH\Lazarus\RecorderLnx\.\UI\uMainForm.pas(134,30) Hint: (5024) Parameter "Sender" not used
D:\works\OburecGH\Lazarus\RecorderLnx\.\UI\uMainForm.pas(135,36) Hint: (5024) Parameter "Sender" not used
D:\works\OburecGH\Lazarus\RecorderLnx\.\UI\uMainForm.pas(445,38) Hint: (5024) Parameter "Sender" not used
D:\works\OburecGH\Lazarus\RecorderLnx\.\UI\uMainForm.pas(283,33) Hint: (5024) Parameter "Sender" not used
D:\works\OburecGH\Lazarus\RecorderLnx\.\UI\uMainForm.pas(117,33) Hint: (5024) Parameter "Sender" not used
D:\works\OburecGH\Lazarus\RecorderLnx\.\UI\uMainForm.pas(112,39) Hint: (5024) Parameter "Sender" not used
D:\works\OburecGH\Lazarus\RecorderLnx\.\UI\uMainForm.pas(118,31) Hint: (5024) Parameter "Sender" not used
D:\works\OburecGH\Lazarus\RecorderLnx\.\UI\uMainForm.pas(119,30) Hint: (5024) Parameter "Sender" not used
D:\works\OburecGH\Lazarus\RecorderLnx\.\UI\uMainForm.pas(126,28) Hint: (5024) Parameter "Sender" not used
D:\works\OburecGH\Lazarus\RecorderLnx\.\UI\uMainForm.pas(122,36) Hint: (5024) Parameter "Sender" not used
D:\works\OburecGH\Lazarus\RecorderLnx\.\UI\uMainForm.pas(120,33) Hint: (5024) Parameter "Sender" not used
D:\works\OburecGH\Lazarus\RecorderLnx\.\UI\uMainForm.pas(1198,61) Note: (5025) Local variable "lHost" not used
D:\works\OburecGH\Lazarus\RecorderLnx\.\UI\uMainForm.pas(1199,3) Note: (5025) Local variable "lShareName" not used
D:\works\OburecGH\Lazarus\RecorderLnx\.\UI\uMainForm.pas(404,37) Hint: (5024) Parameter "Sender" not used
D:\works\OburecGH\Lazarus\RecorderLnx\.\UI\uMainForm.pas(123,32) Hint: (5024) Parameter "Sender" not used
D:\works\OburecGH\Lazarus\RecorderLnx\.\UI\uMainForm.pas(124,29) Hint: (5024) Parameter "Sender" not used
D:\works\OburecGH\Lazarus\RecorderLnx\.\UI\uMainForm.pas(125,38) Hint: (5024) Parameter "Sender" not used
D:\works\OburecGH\Lazarus\RecorderLnx\.\UI\uMainForm.pas(111,35) Hint: (5024) Parameter "Sender" not used
D:\works\OburecGH\Lazarus\RecorderLnx\.\UI\uMainForm.pas(128,33) Hint: (5024) Parameter "Sender" not used
D:\works\OburecGH\Lazarus\RecorderLnx\.\UI\uMainForm.pas(113,33) Hint: (5024) Parameter "Sender" not used
D:\works\OburecGH\Lazarus\RecorderLnx\.\UI\uMainForm.pas(114,33) Hint: (5024) Parameter "Sender" not used
D:\works\OburecGH\Lazarus\RecorderLnx\.\UI\uMainForm.pas(115,33) Hint: (5024) Parameter "Sender" not used
D:\works\OburecGH\Lazarus\RecorderLnx\.\UI\uMainForm.pas(116,31) Hint: (5024) Parameter "Sender" not used
D:\works\OburecGH\Lazarus\RecorderLnx\.\UI\uMainForm.pas(140,34) Hint: (5024) Parameter "Sender" not used
D:\works\OburecGH\Lazarus\RecorderLnx\.\UI\uMainForm.pas(1829,31) Warning: (4104) Implicit string type conversion from "AnsiString" to "UnicodeString"
D:\works\OburecGH\Lazarus\RecorderLnx\.\UI\uMainForm.pas(1829,54) Warning: (4105) Implicit string type conversion with potential data loss from "UnicodeString" to "AnsiString"
D:\works\OburecGH\Lazarus\RecorderLnx\.\UI\uMainForm.pas(248,30) Hint: (5024) Parameter "Sender" not used
D:\works\OburecGH\Lazarus\RecorderLnx\.\UI\uMainForm.pas(269,32) Hint: (5024) Parameter "Sender" not used
D:\works\OburecGH\Lazarus\RecorderLnx\.\UI\uMainForm.pas(289,40) Hint: (5024) Parameter "Data" not used
D:\works\OburecGH\Lazarus\RecorderLnx\.\UI\uMainForm.pas(293,34) Hint: (5024) Parameter "Sender" not used
D:\works\OburecGH\Lazarus\RecorderLnx\.\UI\uMainForm.pas(294,35) Hint: (5024) Parameter "Sender" not used
D:\works\OburecGH\Lazarus\RecorderLnx\.\UI\uMainForm.pas(337,29) Hint: (5024) Parameter "Sender" not used
D:\works\OburecGH\Lazarus\RecorderLnx\.\UI\uMainForm.pas(319,39) Hint: (5024) Parameter "APage" not used
D:\works\OburecGH\Lazarus\RecorderLnx\.\UI\uMainForm.pas(321,38) Hint: (5024) Parameter "APage" not used
D:\works\OburecGH\Lazarus\RecorderLnx\.\UI\uMainForm.pas(325,38) Hint: (5024) Parameter "Sender" not used
D:\works\OburecGH\Lazarus\RecorderLnx\.\UI\uMainForm.pas(327,37) Hint: (5024) Parameter "Sender" not used
D:\works\OburecGH\Lazarus\RecorderLnx\.\UI\uMainForm.pas(372,38) Hint: (5024) Parameter "Sender" not used
D:\works\OburecGH\Lazarus\RecorderLnx\.\UI\uMainForm.pas(373,33) Hint: (5024) Parameter "Sender" not used
D:\works\OburecGH\Lazarus\RecorderLnx\.\UI\uMainForm.pas(374,35) Hint: (5024) Parameter "Sender" not used
D:\works\OburecGH\Lazarus\RecorderLnx\.\UI\uMainForm.pas(446,38) Hint: (5024) Parameter "Sender" not used
D:\works\OburecGH\Lazarus\RecorderLnx\.\UI\uMainForm.pas(447,32) Hint: (5024) Parameter "Sender" not used
D:\works\OburecGH\Lazarus\RecorderLnx\.\UI\uMainForm.pas(447,49) Hint: (5024) Parameter "ARegistry" not used
D:\works\OburecGH\Lazarus\RecorderLnx\.\UI\uMainForm.pas(449,30) Hint: (5024) Parameter "Sender" not used
D:\works\OburecGH\Lazarus\RecorderLnx\.\UI\uMainForm.pas(412,35) Hint: (5024) Parameter "Sender" not used
D:\works\OburecGH\Lazarus\RecorderLnx\.\UI\uMainForm.pas(403,33) Hint: (5024) Parameter "Sender" not used
D:\works\OburecGH\Lazarus\RecorderLnx\.\UI\uMainForm.pas(331,35) Hint: (5024) Parameter "Sender" not used
D:\works\OburecGH\Lazarus\RecorderLnx\.\UI\uMainForm.pas(444,43) Hint: (5024) Parameter "Data" not used
(3104) Compiling .\UI\uRecorderSplashForm.pas
D:\works\OburecGH\Lazarus\RecorderLnx\.\UI\uRecorderSplashForm.pas(21,28) Hint: (5024) Parameter "Sender" not used
D:\works\OburecGH\Lazarus\RecorderLnx\.\UI\uRecorderSplashForm.pas(18,25) Hint: (5024) Parameter "Sender" not used
(3104) Compiling .\Core\uRecorderSingleInstance.pas
(3104) Compiling .\Device\uRecorderHardwareTagSettingsProviders.pas
D:\works\OburecGH\Lazarus\RecorderLnx\.\Device\uRecorderHardwareTagSettingsProviders.pas(55,24) Hint: (5024) Parameter "ARegistry" not used
D:\works\OburecGH\Lazarus\RecorderLnx\.\Device\uRecorderHardwareTagSettingsProviders.pas(57,29) Hint: (5024) Parameter "ARegistry" not used
D:\works\OburecGH\Lazarus\RecorderLnx\.\Device\uRecorderHardwareTagSettingsProviders.pas(58,11) Hint: (5024) Parameter "ADraft" not used
D:\works\OburecGH\Lazarus\RecorderLnx\.\Device\uRecorderHardwareTagSettingsProviders.pas(59,25) Hint: (5024) Parameter "ARegistry" not used
D:\works\OburecGH\Lazarus\RecorderLnx\.\Device\uRecorderHardwareTagSettingsProviders.pas(60,13) Hint: (5024) Parameter "ADraft" not used
D:\works\OburecGH\Lazarus\RecorderLnx\.\Device\uRecorderHardwareTagSettingsProviders.pas(63,42) Hint: (5024) Parameter "ARegistry" not used
D:\works\OburecGH\Lazarus\RecorderLnx\.\Device\uRecorderHardwareTagSettingsProviders.pas(64,7) Hint: (5024) Parameter "ATag" not used
D:\works\OburecGH\Lazarus\RecorderLnx\.\Device\uRecorderHardwareTagSettingsProviders.pas(292,6) Note: (6058) Call to subroutine "function MatchText(const AText:AnsiString;const AValues:{Open} Array Of AnsiString):Boolean;" marked as inline is not inlined
D:\works\OburecGH\Lazarus\RecorderLnx\.\Device\uRecorderHardwareTagSettingsProviders.pas(113,42) Hint: (5024) Parameter "ARegistry" not used
D:\works\OburecGH\Lazarus\RecorderLnx\.\Device\uRecorderHardwareTagSettingsProviders.pas(26,48) Hint: (5024) Parameter "ASource" not used
(3104) Compiling .\UI\uRecorderUserGuideCapture.pas
D:\works\OburecGH\Lazarus\RecorderLnx\.\UI\uRecorderUserGuideCapture.pas(213,11) Warning: (4104) Implicit string type conversion from "AnsiString" to "UnicodeString"
D:\works\OburecGH\Lazarus\RecorderLnx\.\UI\uRecorderUserGuideCapture.pas(213,49) Warning: (4105) Implicit string type conversion with potential data loss from "UnicodeString" to "AnsiString"
D:\works\OburecGH\Lazarus\RecorderLnx\.\UI\uRecorderUserGuideCapture.pas(48,25) Hint: (5024) Parameter "Sender" not used
D:\works\OburecGH\Lazarus\RecorderLnx\RecorderLnx.lpr(17,3) Hint: (5023) Unit "uComponentSettingsDialog" not used in RecorderLnx
D:\works\OburecGH\Lazarus\RecorderLnx\RecorderLnx.lpr(18,3) Hint: (5023) Unit "uRecorderVirtualTagDialog" not used in RecorderLnx
D:\works\OburecGH\Lazarus\RecorderLnx\RecorderLnx.lpr(19,3) Hint: (5023) Unit "uRecorderButtonSettingsDialog" not used in RecorderLnx
D:\works\OburecGH\Lazarus\RecorderLnx\RecorderLnx.lpr(20,3) Hint: (5023) Unit "uRecorderTrendSettingsDialog" not used in RecorderLnx
D:\works\OburecGH\Lazarus\RecorderLnx\RecorderLnx.lpr(21,3) Hint: (5023) Unit "uRecorderSqlTrendModel" not used in RecorderLnx
D:\works\OburecGH\Lazarus\RecorderLnx\RecorderLnx.lpr(22,3) Hint: (5023) Unit "uRecorder3dModel" not used in RecorderLnx
D:\works\OburecGH\Lazarus\RecorderLnx\RecorderLnx.lpr(22,38) Hint: (5023) Unit "uRecorder3dImpactBindingController" not used in RecorderLnx
D:\works\OburecGH\Lazarus\RecorderLnx\RecorderLnx.lpr(23,3) Hint: (5023) Unit "uRecorderImpactHammerModel" not used in RecorderLnx
D:\works\OburecGH\Lazarus\RecorderLnx\RecorderLnx.lpr(23,31) Hint: (5023) Unit "uRecorderImpactHammerSettingsDialog" not used in RecorderLnx
D:\works\OburecGH\Lazarus\RecorderLnx\RecorderLnx.lpr(25,3) Hint: (5023) Unit "uRecorderImpactHammerService" not used in RecorderLnx
D:\works\OburecGH\Lazarus\RecorderLnx\RecorderLnx.lpr(27,3) Hint: (5023) Unit "uRecorderSignalGeneratorModel" not used in RecorderLnx
D:\works\OburecGH\Lazarus\RecorderLnx\RecorderLnx.lpr(28,3) Hint: (5023) Unit "uRecorderSignalGeneratorSettingsDialog" not used in RecorderLnx
D:\works\OburecGH\Lazarus\RecorderLnx\RecorderLnx.lpr(29,3) Hint: (5023) Unit "uRecorderSqlTrendSettingsDialog" not used in RecorderLnx
D:\works\OburecGH\Lazarus\RecorderLnx\RecorderLnx.lpr(30,3) Hint: (5023) Unit "uRecorderMeasurementSectionModel" not used in RecorderLnx
D:\works\OburecGH\Lazarus\RecorderLnx\RecorderLnx.lpr(32,3) Hint: (5023) Unit "uRecorderCalibrationAddDialog" not used in RecorderLnx
D:\works\OburecGH\Lazarus\RecorderLnx\RecorderLnx.lpr(32,34) Hint: (5023) Unit "uRecorderCalibrationListDialog" not used in RecorderLnx
D:\works\OburecGH\Lazarus\RecorderLnx\RecorderLnx.lpr(33,3) Hint: (5023) Unit "uRecorderCalibrationPropertiesDialog" not used in RecorderLnx
D:\works\OburecGH\Lazarus\RecorderLnx\RecorderLnx.lpr(33,41) Hint: (5023) Unit "uRecorderStrainCalibration" not used in RecorderLnx
D:\works\OburecGH\Lazarus\RecorderLnx\RecorderLnx.lpr(34,3) Hint: (5023) Unit "uRecorderStrainCalibrationDialog" not used in RecorderLnx
D:\works\OburecGH\Lazarus\RecorderLnx\RecorderLnx.lpr(35,3) Hint: (5023) Unit "uRecorderSpectrumSettingsDialog" not used in RecorderLnx
D:\works\OburecGH\Lazarus\RecorderLnx\RecorderLnx.lpr(35,36) Hint: (5023) Unit "uRecorderSpectrumView" not used in RecorderLnx
D:\works\OburecGH\Lazarus\RecorderLnx\RecorderLnx.lpr(36,27) Hint: (5023) Unit "uRecorderDeviceInterfaces" not used in RecorderLnx
D:\works\OburecGH\Lazarus\RecorderLnx\RecorderLnx.lpr(36,54) Hint: (5023) Unit "uMic185Constants" not used in RecorderLnx
D:\works\OburecGH\Lazarus\RecorderLnx\RecorderLnx.lpr(37,20) Hint: (5023) Unit "uMic185Device" not used in RecorderLnx
D:\works\OburecGH\Lazarus\RecorderLnx\RecorderLnx.lpr(37,35) Hint: (5023) Unit "uMic185MebiusTcpProtocol" not used in RecorderLnx
D:\works\OburecGH\Lazarus\RecorderLnx\RecorderLnx.lpr(37,61) Hint: (5023) Unit "uMic185MebiusTypes" not used in RecorderLnx
D:\works\OburecGH\Lazarus\RecorderLnx\RecorderLnx.lpr(39,3) Hint: (5023) Unit "uRecorderMic185AdditionalDialog" not used in RecorderLnx
D:\works\OburecGH\Lazarus\RecorderLnx\RecorderLnx.lpr(39,36) Hint: (5023) Unit "uRecorderMic185ChannelDialog" not used in RecorderLnx
D:\works\OburecGH\Lazarus\RecorderLnx\RecorderLnx.lpr(42,30) Hint: (5023) Unit "uRecorderSpectrumRuntime" not used in RecorderLnx
D:\works\OburecGH\Lazarus\RecorderLnx\RecorderLnx.lpr(45,24) Hint: (5023) Unit "uMc201FirmwareResources" not used in RecorderLnx
D:\works\OburecGH\Lazarus\RecorderLnx\RecorderLnx.lpr(45,49) Hint: (5023) Unit "uMc201LegacyMdpClient" not used in RecorderLnx
D:\works\OburecGH\Lazarus\RecorderLnx\RecorderLnx.lpr(46,3) Hint: (5023) Unit "uMc032Device" not used in RecorderLnx
(9022) Compiling resource D:\works\OburecGH\Lazarus\RecorderLnx\resources\app\recorderlnx_app.rc
(9022) Compiling resource D:\works\OburecGH\Lazarus\RecorderLnx\Device\MCbus\resources\mcbus.rc
(9022) Compiling resource D:\works\OburecGH\Lazarus\RecorderLnx\lib\x86_64-win64\RecorderLnx.obj
(9015) Linking D:\works\OburecGH\Lazarus\RecorderLnx\lib\x86_64-win64\RecorderLnx-drag-verify.exe
(1008) 197229 lines compiled, 19.6 sec, 8124448 bytes code, 527284 bytes data
(1021) 259 warning(s) issued
(1022) 1187 hint(s) issued
(1023) 154 note(s) issued
Info: (lazarus) [TCompiler.Compile] end
Info: (lazarus) Execute Title="Проект: Выполнить команду после"
Info: (lazarus) Working Directory="D:\works\OburecGH\Lazarus\RecorderLnx\"
Info: (lazarus) Executable="D:\works\OburecGH\Lazarus\RecorderLnx\Scripts\copy_sdb_res.win64.bat"
Info: (lazarus) Param[0]="D:\works\OburecGH\Lazarus\RecorderLnx\lib\x86_64-win64\"
